warning: Failed to uninstall package at /root/odyssey/dexterousmanipulation/.venv/lib/python3.8/site-packages/rl_games.egg-info due to missing `top-level.txt` file. Installation may result in an incomplete environment.
Uninstalled 2 packages in 3ms
Installed 1 package in 7ms
Gym has been unmaintained since 2022 and does not support NumPy 2.0 amongst other critical functionality.
Please upgrade to Gymnasium, the maintained drop-in replacement of Gym, or contact the authors of your software and request that they upgrade.
Users of this version of Gym should be able to simply replace 'import gym' with 'import gymnasium as gym' in the vast majority of cases.
See the migration guide at https://gymnasium.farama.org/introduction/migration_guide/ for additional information.
Importing module 'gym_38' (/root/odyssey/dexterousmanipulation/isaacgym/python/isaacgym/_bindings/linux-x86_64/gym_38.so)
Setting GYM_USD_PLUG_INFO_PATH to /root/odyssey/dexterousmanipulation/isaacgym/python/isaacgym/_bindings/linux-x86_64/usd/plugInfo.json
PyTorch version 2.4.1+cu121
Device count 1
/root/odyssey/dexterousmanipulation/isaacgym/python/isaacgym/_bindings/src/gymtorch
Using /root/.cache/torch_extensions/py38_cu121 as PyTorch extensions root...
Emitting ninja build file /root/.cache/torch_extensions/py38_cu121/gymtorch/build.ninja...
Building extension module gymtorch...
Allowing ninja to set a default number of workers... (overridable by setting the environment variable MAX_JOBS=N)
ninja: no work to do.
Loading extension module gymtorch...
train.py:32: UserWarning: 
The version_base parameter is not specified.
Please specify a compatability version level, or None.
Will assume defaults for version 1.1
  @hydra.main(config_name="config", config_path="./cfg")
/root/odyssey/dexterousmanipulation/.venv/lib/python3.8/site-packages/hydra/_internal/defaults_list.py:251: UserWarning: In 'config': Defaults list is missing `_self_`. See https://hydra.cc/docs/1.2/upgrades/1.0_to_1.1/default_composition_order for more information
  warnings.warn(msg, UserWarning)
/root/odyssey/dexterousmanipulation/.venv/lib/python3.8/site-packages/hydra/_internal/defaults_list.py:415: UserWarning: In config: Invalid overriding of hydra/job_logging:
Default list overrides requires 'override' keyword.
See https://hydra.cc/docs/1.2/upgrades/1.0_to_1.1/defaults_list_override for more information.

  deprecation_warning(msg)
[Warning] [carb.gym.plugin] useGpu is set, forcing single scene (0 subscenes)
Not connected to PVD
+++ Using GPU PhysX
Physics Engine: PhysX
Physics Device: cuda:0
GPU Pipeline: enabled
task: 
    name: LeapHandRot
    physics_engine: physx
    on_evaluation: False
    env: 
        record_video: False
        video_dir: runs/videos
        rerun: 
            enabled: False
            fidelity: mesh
            window_length_steps: 400
            record_every_n_steps: 4000
            env_idx: 0
            output_dir: .
        numEnvs: 4096
        numObservations: 102
        numActions: 16
        envSpacing: 0.25
        phase_period: 2
        exec_lag: 1
        episodeLength: 400
        enableDebugVis: False
        aggregateMode: 1
        controller: 
            torque_control: False
            controlFrequencyInv: 6
            pgain: 3
            dgain: 0.1
        genGrasps: False
        clipObservations: 5.0
        clipActions: 1.0
        reset_height_threshold: 0.4
        grasp_cache_name: leap_hand_in_cuboid_train
        grasp_cache_len: 1024
        forceScale: 10.0
        randomForceProbScalar: 0.25
        forceDecay: 0.9
        forceDecayInterval: 0.08
        reward: 
            angvelClipMin: -0.25
            angvelClipMax: 0.25
            rotateRewardScale: 0.0
            objLinvelPenaltyScale: -0.3
            poseDiffPenaltyScale: -0.1
            torquePenaltyScale: -0.1
            workPenaltyScale: -1.0
        additional_rewards: 
            rotate_finite_diff: 1.25
            object_fallen: -10
        override_object_init_z: 0.57
        override_object_init_x: -0.03
        override_object_init_y: 0.04
        override_object_init_rot: [0.0, 0.0, 0.0]
        canonical_pose: [0.1458, -1.047, 1.7247, -0.2187, 1.2985, 1.6139, 0.9757, 1.0728, -0.1054, 0.029, 1.6039, 0.1227, -0.1084, 0.9652, 1.7317, 0.1071]
        num_contact_fingers: 0
        baseObjScale: 0.8
        randomization: 
            randomizeMass: True
            randomizeMassLower: 0.01
            randomizeMassUpper: 0.25
            randomizeCOM: True
            randomizeCOMLower: -0.01
            randomizeCOMUpper: 0.01
            randomizeFriction: True
            randomizeFrictionLower: 0.3
            randomizeFrictionUpper: 3.0
            randomizeScale: True
            scaleListInit: True
            randomizeScaleList: [0.95, 0.9, 1.0, 1.05, 1.1]
            randomizeScaleLower: 0.75
            randomizeScaleUpper: 0.8
            randomizePDGains: True
            randomizePGainLower: 2.9
            randomizePGainUpper: 3.1
            randomizeDGainLower: 0.09
            randomizeDGainUpper: 0.11
        privInfo: 
            enableObjPos: True
            enableObjScale: True
            enableObjMass: True
            enableObjCOM: True
            enableObjFriction: True
        object: 
            type: cuboid_train
            sampleProb: [1.0]
        sim_to_real_indices: [1, 0, 2, 3, 9, 8, 10, 11, 13, 12, 14, 15, 4, 5, 6, 7]
        real_to_sim_indices: [1, 0, 2, 3, 12, 13, 14, 15, 5, 4, 6, 7, 9, 8, 10, 11]
        asset: 
            handAsset: assets/leap_hand/robot.urdf
        enableCameraSensors: False
    sim: 
        dt: 0.0083333
        substeps: 1
        up_axis: z
        use_gpu_pipeline: True
        gravity: [0.0, 0.0, -9.81]
        physx: 
            num_threads: 4
            solver_type: 1
            use_gpu: True
            num_position_iterations: 8
            num_velocity_iterations: 0
            max_gpu_contact_pairs: 8388608
            num_subscenes: 4
            contact_offset: 0.002
            rest_offset: 0.0
            bounce_threshold_velocity: 0.2
            max_depenetration_velocity: 1000.0
            default_buffer_size_multiplier: 5.0
            contact_collection: 2
train: 
    params: 
        seed: 42
        algo: 
            name: a2c_continuous
        model: 
            name: continuous_a2c_logstd
        network: 
            name: actor_critic
            separate: False
            space: 
                continuous: 
                    mu_activation: None
                    sigma_activation: None
                    mu_init: 
                        name: default
                    sigma_init: 
                        name: const_initializer
                        val: 0
                    fixed_sigma: True
            mlp: 
                units: [512, 256, 128]
                activation: elu
                d2rl: False
                initializer: 
                    name: default
                regularizer: 
                    name: None
            rnn: 
                name: gru
                units: 256
                layers: 1
                before_mlp: True
                concat_input: True
                layer_norm: True
        load_checkpoint: False
        load_path: 
        config: 
            name: specialist_cuboid_train_4k
            full_experiment_name: specialist_cuboid_train_4k
            train_dir: runs
            env_name: rlgpu
            multi_gpu: False
            ppo: True
            mixed_precision: False
            normalize_input: True
            normalize_value: True
            value_bootstrap: True
            num_actors: 4096
            reward_shaper: 
                scale_value: 0.01
            normalize_advantage: True
            gamma: 0.99
            tau: 0.95
            learning_rate: 0.005
            lr_schedule: adaptive
            schedule_type: standard
            kl_threshold: 0.02
            score_to_win: 100000
            max_epochs: 5000
            save_best_after: 100
            save_frequency: 200
            print_stats: True
            grad_norm: 1.0
            entropy_coef: 0.0
            truncate_grads: True
            e_clip: 0.2
            horizon_length: 32
            minibatch_size: 32768
            mini_epochs: 5
            critic_coef: 4
            clip_value: True
            seq_len: 4
            bounds_loss_coef: 0.0001
            player: 
                deterministic: True
                games_num: 100000
                print_stats: True
task_name: LeapHandRot
experiment: specialist_cuboid_train_4k
num_envs: 4096
seed: 42
torch_deterministic: False
max_iterations: 
physics_engine: physx
pipeline: gpu
sim_device: cuda:0
rl_device: cuda:0
graphics_device_id: 0
num_threads: 4
solver_type: 1
num_subscenes: 4
test: False
checkpoint: 
multi_gpu: False
default_run_name: specialist_cuboid_train_4k
runs_dir: runs
log_to_sheet: False
sheet_name: leap-hand-manip
creds_path: ~/creds.json
wandb_activate: False
wandb_group: 
wandb_entity: wandb_username
wandb_project: leap_sim
capture_video: False
capture_video_freq: 183
capture_video_len: 100
force_render: False
headless: True
Setting seed: 42
self.seed = 42
Exact experiment name requested from command line: specialist_cuboid_train_4k_2026-07-08_16-09-19
---- Primitive List ----
['cuboid_train']
---- Object List ----
['cuboid_0', 'cuboid_1', 'cuboid_2', 'cuboid_3', 'cuboid_4', 'cuboid_5']
loading from cache path: cache/leap_hand_in_cuboid_train_grasp_50k_s095.npy
loading from cache path: cache/leap_hand_in_cuboid_train_grasp_50k_s09.npy
loading from cache path: cache/leap_hand_in_cuboid_train_grasp_50k_s10.npy
loading from cache path: cache/leap_hand_in_cuboid_train_grasp_50k_s105.npy
loading from cache path: cache/leap_hand_in_cuboid_train_grasp_50k_s11.npy
Box(-1.0, 1.0, (16,), float32) Box(-inf, inf, (102,), float32)
current training device: cuda:0
build mlp: 256
RunningMeanStd:  (1,)
RunningMeanStd:  (102,)
[CustomRunner] train: starting from scratch (no checkpoint)
fps step: 33290 fps step and policy inference: 32260 fps total: 29880 epoch: 1/5000
fps step: 23769 fps step and policy inference: 23452 fps total: 22632 epoch: 2/5000
fps step: 31691 fps step and policy inference: 31088 fps total: 29663 epoch: 3/5000
fps step: 31642 fps step and policy inference: 31052 fps total: 29627 epoch: 4/5000
fps step: 31226 fps step and policy inference: 30673 fps total: 29259 epoch: 5/5000
fps step: 30760 fps step and policy inference: 30198 fps total: 28856 epoch: 6/5000
fps step: 30706 fps step and policy inference: 30199 fps total: 28925 epoch: 7/5000
fps step: 31116 fps step and policy inference: 30573 fps total: 29190 epoch: 8/5000
fps step: 22915 fps step and policy inference: 22621 fps total: 21872 epoch: 9/5000
fps step: 30469 fps step and policy inference: 29979 fps total: 28609 epoch: 10/5000
fps step: 30193 fps step and policy inference: 29626 fps total: 28340 epoch: 11/5000
fps step: 30463 fps step and policy inference: 29967 fps total: 28669 epoch: 12/5000
fps step: 28712 fps step and policy inference: 28227 fps total: 27070 epoch: 13/5000
fps step: 31734 fps step and policy inference: 31179 fps total: 29725 epoch: 14/5000
fps step: 31141 fps step and policy inference: 30544 fps total: 29146 epoch: 15/5000
fps step: 22578 fps step and policy inference: 22312 fps total: 21563 epoch: 16/5000
fps step: 30404 fps step and policy inference: 29896 fps total: 28607 epoch: 17/5000
fps step: 30786 fps step and policy inference: 30310 fps total: 28927 epoch: 18/5000
fps step: 30585 fps step and policy inference: 30065 fps total: 28734 epoch: 19/5000
fps step: 30637 fps step and policy inference: 30105 fps total: 28752 epoch: 20/5000
fps step: 30691 fps step and policy inference: 30151 fps total: 28785 epoch: 21/5000
fps step: 31045 fps step and policy inference: 30568 fps total: 29212 epoch: 22/5000
fps step: 30743 fps step and policy inference: 22294 fps total: 21568 epoch: 23/5000
fps step: 30750 fps step and policy inference: 30256 fps total: 28932 epoch: 24/5000
fps step: 28968 fps step and policy inference: 28480 fps total: 27337 epoch: 25/5000
fps step: 31764 fps step and policy inference: 31213 fps total: 29836 epoch: 26/5000
fps step: 31834 fps step and policy inference: 31314 fps total: 29917 epoch: 27/5000
fps step: 31173 fps step and policy inference: 30614 fps total: 29247 epoch: 28/5000
fps step: 31223 fps step and policy inference: 30706 fps total: 29385 epoch: 29/5000
fps step: 22883 fps step and policy inference: 22600 fps total: 21858 epoch: 30/5000
fps step: 31176 fps step and policy inference: 30619 fps total: 29240 epoch: 31/5000
fps step: 31208 fps step and policy inference: 30697 fps total: 29371 epoch: 32/5000
fps step: 30955 fps step and policy inference: 30452 fps total: 29111 epoch: 33/5000
fps step: 31357 fps step and policy inference: 30869 fps total: 29536 epoch: 34/5000
fps step: 31339 fps step and policy inference: 30844 fps total: 29508 epoch: 35/5000
fps step: 31296 fps step and policy inference: 30781 fps total: 29364 epoch: 36/5000
fps step: 30969 fps step and policy inference: 30430 fps total: 21882 epoch: 37/5000
fps step: 30079 fps step and policy inference: 29564 fps total: 28226 epoch: 38/5000
fps step: 32231 fps step and policy inference: 31678 fps total: 30165 epoch: 39/5000
fps step: 32056 fps step and policy inference: 31411 fps total: 29895 epoch: 40/5000
fps step: 32050 fps step and policy inference: 31518 fps total: 29984 epoch: 41/5000
fps step: 31983 fps step and policy inference: 31341 fps total: 29854 epoch: 42/5000
fps step: 32069 fps step and policy inference: 31458 fps total: 29951 epoch: 43/5000
fps step: 32227 fps step and policy inference: 31570 fps total: 30009 epoch: 44/5000
fps step: 23826 fps step and policy inference: 23499 fps total: 22645 epoch: 45/5000
fps step: 32345 fps step and policy inference: 31749 fps total: 30256 epoch: 46/5000
fps step: 33234 fps step and policy inference: 32585 fps total: 30965 epoch: 47/5000
fps step: 33686 fps step and policy inference: 33066 fps total: 31489 epoch: 48/5000
fps step: 33346 fps step and policy inference: 32754 fps total: 31253 epoch: 49/5000
fps step: 31788 fps step and policy inference: 31216 fps total: 29836 epoch: 50/5000
fps step: 31968 fps step and policy inference: 31399 fps total: 29985 epoch: 51/5000
fps step: 23711 fps step and policy inference: 23409 fps total: 22635 epoch: 52/5000
fps step: 32411 fps step and policy inference: 31816 fps total: 30380 epoch: 53/5000
fps step: 32065 fps step and policy inference: 31486 fps total: 30102 epoch: 54/5000
fps step: 31679 fps step and policy inference: 31154 fps total: 29777 epoch: 55/5000
fps step: 31442 fps step and policy inference: 30894 fps total: 29526 epoch: 56/5000
fps step: 31179 fps step and policy inference: 30598 fps total: 29227 epoch: 57/5000
fps step: 31419 fps step and policy inference: 30837 fps total: 29437 epoch: 58/5000
fps step: 31417 fps step and policy inference: 30834 fps total: 29403 epoch: 59/5000
fps step: 23257 fps step and policy inference: 22938 fps total: 22147 epoch: 60/5000
fps step: 31773 fps step and policy inference: 31186 fps total: 29742 epoch: 61/5000
fps step: 32474 fps step and policy inference: 31874 fps total: 30370 epoch: 62/5000
fps step: 31420 fps step and policy inference: 30890 fps total: 29455 epoch: 63/5000
fps step: 32530 fps step and policy inference: 31934 fps total: 30375 epoch: 64/5000
fps step: 33084 fps step and policy inference: 32500 fps total: 31051 epoch: 65/5000
fps step: 34489 fps step and policy inference: 33814 fps total: 32095 epoch: 66/5000
fps step: 22945 fps step and policy inference: 22610 fps total: 21816 epoch: 67/5000
fps step: 32561 fps step and policy inference: 31936 fps total: 30405 epoch: 68/5000
fps step: 33178 fps step and policy inference: 32557 fps total: 31032 epoch: 69/5000
fps step: 33033 fps step and policy inference: 32463 fps total: 30931 epoch: 70/5000
fps step: 32780 fps step and policy inference: 32158 fps total: 30629 epoch: 71/5000
fps step: 33568 fps step and policy inference: 32942 fps total: 31307 epoch: 72/5000
fps step: 32842 fps step and policy inference: 32227 fps total: 30666 epoch: 73/5000
fps step: 32698 fps step and policy inference: 32103 fps total: 30556 epoch: 74/5000
fps step: 22312 fps step and policy inference: 22032 fps total: 21313 epoch: 75/5000
fps step: 32172 fps step and policy inference: 31556 fps total: 30088 epoch: 76/5000
fps step: 33549 fps step and policy inference: 32917 fps total: 31300 epoch: 77/5000
fps step: 32511 fps step and policy inference: 31891 fps total: 30340 epoch: 78/5000
fps step: 32234 fps step and policy inference: 31679 fps total: 30146 epoch: 79/5000
fps step: 32309 fps step and policy inference: 31731 fps total: 30198 epoch: 80/5000
fps step: 32019 fps step and policy inference: 31437 fps total: 29965 epoch: 81/5000
fps step: 22968 fps step and policy inference: 22661 fps total: 21849 epoch: 82/5000
fps step: 31415 fps step and policy inference: 30798 fps total: 29346 epoch: 83/5000
fps step: 32376 fps step and policy inference: 31758 fps total: 30249 epoch: 84/5000
fps step: 32381 fps step and policy inference: 31801 fps total: 30294 epoch: 85/5000
fps step: 33377 fps step and policy inference: 32787 fps total: 31210 epoch: 86/5000
fps step: 32689 fps step and policy inference: 32038 fps total: 30496 epoch: 87/5000
fps step: 30735 fps step and policy inference: 30196 fps total: 28807 epoch: 88/5000
fps step: 31773 fps step and policy inference: 31205 fps total: 29675 epoch: 89/5000
fps step: 21914 fps step and policy inference: 21642 fps total: 20940 epoch: 90/5000
fps step: 31756 fps step and policy inference: 31181 fps total: 29769 epoch: 91/5000
fps step: 32390 fps step and policy inference: 31869 fps total: 30437 epoch: 92/5000
fps step: 32515 fps step and policy inference: 31932 fps total: 30492 epoch: 93/5000
fps step: 32742 fps step and policy inference: 32164 fps total: 30656 epoch: 94/5000
fps step: 31569 fps step and policy inference: 31013 fps total: 29565 epoch: 95/5000
fps step: 31362 fps step and policy inference: 30767 fps total: 29387 epoch: 96/5000
fps step: 21641 fps step and policy inference: 21337 fps total: 20624 epoch: 97/5000
fps step: 31374 fps step and policy inference: 30820 fps total: 29435 epoch: 98/5000
fps step: 32323 fps step and policy inference: 31766 fps total: 30317 epoch: 99/5000
fps step: 31980 fps step and policy inference: 31428 fps total: 30035 epoch: 100/5000
saving next best rewards:  [-23.23]
=> saving checkpoint 'runs/specialist_cuboid_train_4k_2026-07-08_16-09-19/nn/specialist_cuboid_train_4k.pth'
fps step: 33135 fps step and policy inference: 32547 fps total: 31066 epoch: 101/5000
fps step: 32828 fps step and policy inference: 32213 fps total: 30699 epoch: 102/5000
fps step: 31911 fps step and policy inference: 31394 fps total: 29888 epoch: 103/5000
fps step: 31562 fps step and policy inference: 31057 fps total: 21030 epoch: 104/5000
fps step: 31195 fps step and policy inference: 30680 fps total: 29264 epoch: 105/5000
fps step: 32114 fps step and policy inference: 31583 fps total: 30185 epoch: 106/5000
fps step: 31815 fps step and policy inference: 31296 fps total: 29875 epoch: 107/5000
saving next best rewards:  [-22.9]
=> saving checkpoint 'runs/specialist_cuboid_train_4k_2026-07-08_16-09-19/nn/specialist_cuboid_train_4k.pth'
fps step: 33683 fps step and policy inference: 33147 fps total: 31650 epoch: 108/5000
saving next best rewards:  [-22.32]
=> saving checkpoint 'runs/specialist_cuboid_train_4k_2026-07-08_16-09-19/nn/specialist_cuboid_train_4k.pth'
fps step: 32974 fps step and policy inference: 32445 fps total: 30971 epoch: 109/5000
fps step: 31393 fps step and policy inference: 30877 fps total: 29488 epoch: 110/5000
fps step: 31440 fps step and policy inference: 30933 fps total: 29538 epoch: 111/5000
saving next best rewards:  [-20.98]
=> saving checkpoint 'runs/specialist_cuboid_train_4k_2026-07-08_16-09-19/nn/specialist_cuboid_train_4k.pth'
fps step: 21915 fps step and policy inference: 21639 fps total: 20962 epoch: 112/5000
fps step: 31481 fps step and policy inference: 30915 fps total: 29574 epoch: 113/5000
saving next best rewards:  [-20.82]
=> saving checkpoint 'runs/specialist_cuboid_train_4k_2026-07-08_16-09-19/nn/specialist_cuboid_train_4k.pth'
fps step: 33284 fps step and policy inference: 32718 fps total: 31108 epoch: 114/5000
fps step: 33440 fps step and policy inference: 32820 fps total: 31301 epoch: 115/5000
fps step: 33022 fps step and policy inference: 32306 fps total: 30778 epoch: 116/5000
fps step: 31626 fps step and policy inference: 30976 fps total: 29569 epoch: 117/5000
saving next best rewards:  [-19.26]
=> saving checkpoint 'runs/specialist_cuboid_train_4k_2026-07-08_16-09-19/nn/specialist_cuboid_train_4k.pth'
fps step: 32249 fps step and policy inference: 31623 fps total: 30133 epoch: 118/5000
fps step: 22122 fps step and policy inference: 21843 fps total: 21108 epoch: 119/5000
fps step: 32189 fps step and policy inference: 31614 fps total: 30171 epoch: 120/5000
saving next best rewards:  [-19.05]
=> saving checkpoint 'runs/specialist_cuboid_train_4k_2026-07-08_16-09-19/nn/specialist_cuboid_train_4k.pth'
fps step: 33625 fps step and policy inference: 32981 fps total: 31444 epoch: 121/5000
fps step: 33400 fps step and policy inference: 32824 fps total: 31289 epoch: 122/5000
fps step: 33302 fps step and policy inference: 32707 fps total: 31173 epoch: 123/5000
fps step: 32402 fps step and policy inference: 31809 fps total: 30352 epoch: 124/5000
fps step: 31612 fps step and policy inference: 31031 fps total: 29620 epoch: 125/5000
saving next best rewards:  [-17.18]
=> saving checkpoint 'runs/specialist_cuboid_train_4k_2026-07-08_16-09-19/nn/specialist_cuboid_train_4k.pth'
fps step: 31643 fps step and policy inference: 31068 fps total: 29590 epoch: 126/5000
fps step: 22331 fps step and policy inference: 22012 fps total: 21262 epoch: 127/5000
fps step: 32878 fps step and policy inference: 32251 fps total: 30756 epoch: 128/5000
fps step: 33223 fps step and policy inference: 32642 fps total: 31105 epoch: 129/5000
fps step: 33501 fps step and policy inference: 32849 fps total: 31344 epoch: 130/5000
fps step: 33452 fps step and policy inference: 32889 fps total: 31360 epoch: 131/5000
fps step: 32082 fps step and policy inference: 31526 fps total: 30096 epoch: 132/5000
saving next best rewards:  [-17.02]
=> saving checkpoint 'runs/specialist_cuboid_train_4k_2026-07-08_16-09-19/nn/specialist_cuboid_train_4k.pth'
fps step: 32451 fps step and policy inference: 31888 fps total: 30362 epoch: 133/5000
saving next best rewards:  [-16.86]
=> saving checkpoint 'runs/specialist_cuboid_train_4k_2026-07-08_16-09-19/nn/specialist_cuboid_train_4k.pth'
fps step: 32622 fps step and policy inference: 32053 fps total: 30568 epoch: 134/5000
fps step: 32205 fps step and policy inference: 31642 fps total: 30191 epoch: 135/5000
saving next best rewards:  [-15.23]
=> saving checkpoint 'runs/specialist_cuboid_train_4k_2026-07-08_16-09-19/nn/specialist_cuboid_train_4k.pth'
fps step: 32298 fps step and policy inference: 31735 fps total: 30283 epoch: 136/5000
fps step: 32083 fps step and policy inference: 31499 fps total: 30037 epoch: 137/5000
fps step: 19277 fps step and policy inference: 19068 fps total: 18507 epoch: 138/5000
saving next best rewards:  [-15.23]
=> saving checkpoint 'runs/specialist_cuboid_train_4k_2026-07-08_16-09-19/nn/specialist_cuboid_train_4k.pth'
fps step: 32167 fps step and policy inference: 31632 fps total: 30136 epoch: 139/5000
saving next best rewards:  [-14.46]
=> saving checkpoint 'runs/specialist_cuboid_train_4k_2026-07-08_16-09-19/nn/specialist_cuboid_train_4k.pth'
fps step: 31861 fps step and policy inference: 31259 fps total: 29801 epoch: 140/5000
fps step: 31943 fps step and policy inference: 31339 fps total: 29880 epoch: 141/5000
fps step: 32174 fps step and policy inference: 31586 fps total: 30124 epoch: 142/5000
fps step: 32390 fps step and policy inference: 31834 fps total: 30312 epoch: 143/5000
fps step: 31991 fps step and policy inference: 31391 fps total: 29934 epoch: 144/5000
fps step: 23575 fps step and policy inference: 23271 fps total: 22439 epoch: 145/5000
fps step: 32117 fps step and policy inference: 31533 fps total: 30084 epoch: 146/5000
saving next best rewards:  [-14.1]
=> saving checkpoint 'runs/specialist_cuboid_train_4k_2026-07-08_16-09-19/nn/specialist_cuboid_train_4k.pth'
fps step: 32221 fps step and policy inference: 31644 fps total: 30207 epoch: 147/5000
saving next best rewards:  [-11.48]
=> saving checkpoint 'runs/specialist_cuboid_train_4k_2026-07-08_16-09-19/nn/specialist_cuboid_train_4k.pth'
fps step: 31757 fps step and policy inference: 31191 fps total: 29787 epoch: 148/5000
fps step: 32531 fps step and policy inference: 31981 fps total: 30473 epoch: 149/5000
fps step: 31661 fps step and policy inference: 31034 fps total: 29604 epoch: 150/5000
saving next best rewards:  [-8.52]
=> saving checkpoint 'runs/specialist_cuboid_train_4k_2026-07-08_16-09-19/nn/specialist_cuboid_train_4k.pth'
fps step: 32557 fps step and policy inference: 31975 fps total: 30444 epoch: 151/5000
fps step: 32747 fps step and policy inference: 32148 fps total: 30599 epoch: 152/5000
fps step: 23169 fps step and policy inference: 22861 fps total: 22091 epoch: 153/5000
fps step: 32177 fps step and policy inference: 31608 fps total: 30153 epoch: 154/5000
fps step: 31427 fps step and policy inference: 30879 fps total: 29445 epoch: 155/5000
fps step: 31624 fps step and policy inference: 31041 fps total: 29649 epoch: 156/5000
fps step: 31415 fps step and policy inference: 30833 fps total: 29396 epoch: 157/5000
fps step: 31661 fps step and policy inference: 31077 fps total: 29624 epoch: 158/5000
fps step: 31851 fps step and policy inference: 31296 fps total: 29868 epoch: 159/5000
fps step: 22990 fps step and policy inference: 22683 fps total: 21902 epoch: 160/5000
fps step: 32211 fps step and policy inference: 31673 fps total: 30166 epoch: 161/5000
fps step: 32044 fps step and policy inference: 31471 fps total: 30015 epoch: 162/5000
fps step: 31411 fps step and policy inference: 30887 fps total: 29461 epoch: 163/5000
fps step: 31946 fps step and policy inference: 31379 fps total: 29898 epoch: 164/5000
fps step: 32093 fps step and policy inference: 31518 fps total: 30070 epoch: 165/5000
fps step: 32080 fps step and policy inference: 31477 fps total: 29910 epoch: 166/5000
fps step: 31842 fps step and policy inference: 31257 fps total: 29850 epoch: 167/5000
fps step: 22926 fps step and policy inference: 22619 fps total: 21847 epoch: 168/5000
fps step: 31409 fps step and policy inference: 30798 fps total: 29409 epoch: 169/5000
fps step: 31703 fps step and policy inference: 31087 fps total: 29670 epoch: 170/5000
fps step: 31887 fps step and policy inference: 31351 fps total: 29864 epoch: 171/5000
fps step: 31278 fps step and policy inference: 30684 fps total: 29284 epoch: 172/5000
fps step: 30624 fps step and policy inference: 30048 fps total: 28669 epoch: 173/5000
fps step: 32250 fps step and policy inference: 31679 fps total: 30202 epoch: 174/5000
fps step: 22776 fps step and policy inference: 22474 fps total: 21685 epoch: 175/5000
saving next best rewards:  [-2.64]
=> saving checkpoint 'runs/specialist_cuboid_train_4k_2026-07-08_16-09-19/nn/specialist_cuboid_train_4k.pth'
fps step: 32035 fps step and policy inference: 31456 fps total: 30039 epoch: 176/5000
fps step: 32545 fps step and policy inference: 31987 fps total: 30538 epoch: 177/5000
fps step: 32457 fps step and policy inference: 31925 fps total: 30468 epoch: 178/5000
fps step: 32630 fps step and policy inference: 32044 fps total: 30575 epoch: 179/5000
fps step: 32363 fps step and policy inference: 31748 fps total: 30279 epoch: 180/5000
fps step: 32578 fps step and policy inference: 32047 fps total: 30563 epoch: 181/5000
fps step: 23185 fps step and policy inference: 22900 fps total: 22145 epoch: 182/5000
fps step: 32056 fps step and policy inference: 31489 fps total: 30010 epoch: 183/5000
fps step: 32087 fps step and policy inference: 31552 fps total: 30094 epoch: 184/5000
fps step: 31905 fps step and policy inference: 31392 fps total: 29953 epoch: 185/5000
fps step: 31964 fps step and policy inference: 31458 fps total: 30055 epoch: 186/5000
fps step: 31941 fps step and policy inference: 31440 fps total: 29979 epoch: 187/5000
fps step: 31736 fps step and policy inference: 31187 fps total: 29785 epoch: 188/5000
fps step: 32697 fps step and policy inference: 32122 fps total: 30625 epoch: 189/5000
fps step: 23326 fps step and policy inference: 23036 fps total: 22242 epoch: 190/5000
fps step: 32141 fps step and policy inference: 31601 fps total: 30094 epoch: 191/5000
fps step: 31960 fps step and policy inference: 31423 fps total: 29913 epoch: 192/5000
fps step: 31884 fps step and policy inference: 31353 fps total: 29889 epoch: 193/5000
fps step: 32642 fps step and policy inference: 32083 fps total: 30553 epoch: 194/5000
fps step: 32348 fps step and policy inference: 31799 fps total: 30272 epoch: 195/5000
fps step: 32540 fps step and policy inference: 31935 fps total: 30457 epoch: 196/5000
fps step: 23218 fps step and policy inference: 22935 fps total: 22162 epoch: 197/5000
fps step: 32664 fps step and policy inference: 32058 fps total: 30532 epoch: 198/5000
fps step: 32547 fps step and policy inference: 31949 fps total: 30497 epoch: 199/5000
fps step: 32192 fps step and policy inference: 31605 fps total: 30106 epoch: 200/5000
saving next best rewards:  [0.8]
=> saving checkpoint 'runs/specialist_cuboid_train_4k_2026-07-08_16-09-19/nn/specialist_cuboid_train_4k.pth'
fps step: 32167 fps step and policy inference: 31595 fps total: 30111 epoch: 201/5000
fps step: 32546 fps step and policy inference: 31945 fps total: 30435 epoch: 202/5000
fps step: 32558 fps step and policy inference: 31961 fps total: 30458 epoch: 203/5000
fps step: 32533 fps step and policy inference: 31920 fps total: 30396 epoch: 204/5000
fps step: 23348 fps step and policy inference: 23053 fps total: 22283 epoch: 205/5000
fps step: 31993 fps step and policy inference: 31364 fps total: 29935 epoch: 206/5000
fps step: 32076 fps step and policy inference: 31451 fps total: 29997 epoch: 207/5000
fps step: 32061 fps step and policy inference: 31432 fps total: 29946 epoch: 208/5000
fps step: 31825 fps step and policy inference: 31252 fps total: 29830 epoch: 209/5000
fps step: 32195 fps step and policy inference: 31631 fps total: 30195 epoch: 210/5000
fps step: 32069 fps step and policy inference: 31467 fps total: 29970 epoch: 211/5000
fps step: 23108 fps step and policy inference: 22807 fps total: 22040 epoch: 212/5000
fps step: 32206 fps step and policy inference: 31649 fps total: 30162 epoch: 213/5000
fps step: 32484 fps step and policy inference: 31894 fps total: 30375 epoch: 214/5000
fps step: 32375 fps step and policy inference: 31794 fps total: 30294 epoch: 215/5000
fps step: 32625 fps step and policy inference: 32050 fps total: 30521 epoch: 216/5000
fps step: 32761 fps step and policy inference: 32163 fps total: 30717 epoch: 217/5000
fps step: 32840 fps step and policy inference: 32247 fps total: 30689 epoch: 218/5000
fps step: 32983 fps step and policy inference: 32396 fps total: 30877 epoch: 219/5000
fps step: 23144 fps step and policy inference: 22863 fps total: 22089 epoch: 220/5000
fps step: 32477 fps step and policy inference: 31849 fps total: 30365 epoch: 221/5000
fps step: 31711 fps step and policy inference: 31116 fps total: 29684 epoch: 222/5000
fps step: 32337 fps step and policy inference: 31783 fps total: 30308 epoch: 223/5000
fps step: 32493 fps step and policy inference: 31912 fps total: 30410 epoch: 224/5000
fps step: 31943 fps step and policy inference: 31342 fps total: 29897 epoch: 225/5000
saving next best rewards:  [2.14]
=> saving checkpoint 'runs/specialist_cuboid_train_4k_2026-07-08_16-09-19/nn/specialist_cuboid_train_4k.pth'
fps step: 32647 fps step and policy inference: 32052 fps total: 30508 epoch: 226/5000
fps step: 23386 fps step and policy inference: 23081 fps total: 22304 epoch: 227/5000
fps step: 32184 fps step and policy inference: 31618 fps total: 30163 epoch: 228/5000
fps step: 32094 fps step and policy inference: 31559 fps total: 30077 epoch: 229/5000
fps step: 32382 fps step and policy inference: 31797 fps total: 30302 epoch: 230/5000
fps step: 32352 fps step and policy inference: 31808 fps total: 30336 epoch: 231/5000
fps step: 31862 fps step and policy inference: 31283 fps total: 29847 epoch: 232/5000
fps step: 32320 fps step and policy inference: 31717 fps total: 30182 epoch: 233/5000
fps step: 32420 fps step and policy inference: 31835 fps total: 30375 epoch: 234/5000
fps step: 23744 fps step and policy inference: 23449 fps total: 22617 epoch: 235/5000
fps step: 32326 fps step and policy inference: 31738 fps total: 30272 epoch: 236/5000
fps step: 31741 fps step and policy inference: 31153 fps total: 29747 epoch: 237/5000
fps step: 31457 fps step and policy inference: 30898 fps total: 29439 epoch: 238/5000
fps step: 31949 fps step and policy inference: 31360 fps total: 29938 epoch: 239/5000
fps step: 32203 fps step and policy inference: 31667 fps total: 30184 epoch: 240/5000
fps step: 32437 fps step and policy inference: 31850 fps total: 30320 epoch: 241/5000
fps step: 23438 fps step and policy inference: 23125 fps total: 22336 epoch: 242/5000
fps step: 32708 fps step and policy inference: 32144 fps total: 30641 epoch: 243/5000
fps step: 32521 fps step and policy inference: 31947 fps total: 30463 epoch: 244/5000
fps step: 32770 fps step and policy inference: 32193 fps total: 30675 epoch: 245/5000
fps step: 32591 fps step and policy inference: 32020 fps total: 30502 epoch: 246/5000
fps step: 32518 fps step and policy inference: 31933 fps total: 30429 epoch: 247/5000
fps step: 32456 fps step and policy inference: 31857 fps total: 30387 epoch: 248/5000
fps step: 32328 fps step and policy inference: 31737 fps total: 30158 epoch: 249/5000
fps step: 21487 fps step and policy inference: 21212 fps total: 20503 epoch: 250/5000
saving next best rewards:  [3.72]
=> saving checkpoint 'runs/specialist_cuboid_train_4k_2026-07-08_16-09-19/nn/specialist_cuboid_train_4k.pth'
fps step: 32001 fps step and policy inference: 31415 fps total: 30011 epoch: 251/5000
fps step: 32604 fps step and policy inference: 31964 fps total: 30440 epoch: 252/5000
fps step: 33162 fps step and policy inference: 32506 fps total: 30999 epoch: 253/5000
fps step: 34578 fps step and policy inference: 33917 fps total: 32308 epoch: 254/5000
fps step: 32229 fps step and policy inference: 31624 fps total: 30161 epoch: 255/5000
fps step: 32086 fps step and policy inference: 31538 fps total: 30075 epoch: 256/5000
fps step: 22120 fps step and policy inference: 21851 fps total: 21107 epoch: 257/5000
fps step: 31375 fps step and policy inference: 30838 fps total: 29402 epoch: 258/5000
fps step: 34190 fps step and policy inference: 33567 fps total: 31988 epoch: 259/5000
fps step: 34488 fps step and policy inference: 33906 fps total: 32312 epoch: 260/5000
fps step: 33158 fps step and policy inference: 32571 fps total: 31002 epoch: 261/5000
fps step: 32850 fps step and policy inference: 32304 fps total: 30773 epoch: 262/5000
fps step: 31543 fps step and policy inference: 30944 fps total: 29444 epoch: 263/5000
fps step: 31066 fps step and policy inference: 30434 fps total: 28981 epoch: 264/5000
fps step: 21294 fps step and policy inference: 21030 fps total: 20331 epoch: 265/5000
fps step: 31874 fps step and policy inference: 31258 fps total: 29858 epoch: 266/5000
fps step: 32703 fps step and policy inference: 32076 fps total: 30585 epoch: 267/5000
fps step: 33693 fps step and policy inference: 33112 fps total: 31599 epoch: 268/5000
fps step: 34042 fps step and policy inference: 33473 fps total: 31874 epoch: 269/5000
fps step: 32054 fps step and policy inference: 31481 fps total: 30015 epoch: 270/5000
fps step: 31940 fps step and policy inference: 31353 fps total: 29884 epoch: 271/5000
fps step: 21610 fps step and policy inference: 21344 fps total: 20645 epoch: 272/5000
fps step: 31362 fps step and policy inference: 30781 fps total: 29438 epoch: 273/5000
fps step: 32593 fps step and policy inference: 32013 fps total: 30487 epoch: 274/5000
fps step: 32871 fps step and policy inference: 32276 fps total: 30803 epoch: 275/5000
saving next best rewards:  [4.83]
=> saving checkpoint 'runs/specialist_cuboid_train_4k_2026-07-08_16-09-19/nn/specialist_cuboid_train_4k.pth'
fps step: 34031 fps step and policy inference: 33381 fps total: 31838 epoch: 276/5000
fps step: 31892 fps step and policy inference: 31271 fps total: 29868 epoch: 277/5000
fps step: 31759 fps step and policy inference: 31192 fps total: 29768 epoch: 278/5000
fps step: 21881 fps step and policy inference: 21585 fps total: 20873 epoch: 279/5000
fps step: 31165 fps step and policy inference: 30612 fps total: 29216 epoch: 280/5000
fps step: 32862 fps step and policy inference: 32281 fps total: 30779 epoch: 281/5000
fps step: 32783 fps step and policy inference: 32210 fps total: 30759 epoch: 282/5000
fps step: 33754 fps step and policy inference: 33158 fps total: 31603 epoch: 283/5000
fps step: 32783 fps step and policy inference: 32170 fps total: 30606 epoch: 284/5000
fps step: 32195 fps step and policy inference: 31621 fps total: 30168 epoch: 285/5000
fps step: 31497 fps step and policy inference: 30900 fps total: 29420 epoch: 286/5000
fps step: 21867 fps step and policy inference: 21575 fps total: 20869 epoch: 287/5000
fps step: 31967 fps step and policy inference: 31392 fps total: 30004 epoch: 288/5000
fps step: 32627 fps step and policy inference: 32017 fps total: 30513 epoch: 289/5000
fps step: 33032 fps step and policy inference: 32413 fps total: 30900 epoch: 290/5000
fps step: 33227 fps step and policy inference: 32582 fps total: 31006 epoch: 291/5000
fps step: 32058 fps step and policy inference: 31456 fps total: 30009 epoch: 292/5000
fps step: 31993 fps step and policy inference: 31404 fps total: 29967 epoch: 293/5000
fps step: 21763 fps step and policy inference: 21464 fps total: 20739 epoch: 294/5000
fps step: 31866 fps step and policy inference: 31244 fps total: 29825 epoch: 295/5000
fps step: 33946 fps step and policy inference: 33272 fps total: 31698 epoch: 296/5000
fps step: 33600 fps step and policy inference: 32969 fps total: 31372 epoch: 297/5000
fps step: 32859 fps step and policy inference: 32180 fps total: 30650 epoch: 298/5000
fps step: 32792 fps step and policy inference: 32179 fps total: 30692 epoch: 299/5000
fps step: 32098 fps step and policy inference: 31521 fps total: 30078 epoch: 300/5000
saving next best rewards:  [8.29]
=> saving checkpoint 'runs/specialist_cuboid_train_4k_2026-07-08_16-09-19/nn/specialist_cuboid_train_4k.pth'
fps step: 31680 fps step and policy inference: 31132 fps total: 29696 epoch: 301/5000
fps step: 22331 fps step and policy inference: 22058 fps total: 21347 epoch: 302/5000
fps step: 31967 fps step and policy inference: 31376 fps total: 29925 epoch: 303/5000
fps step: 32635 fps step and policy inference: 32034 fps total: 30536 epoch: 304/5000
fps step: 33307 fps step and policy inference: 32681 fps total: 31189 epoch: 305/5000
fps step: 32855 fps step and policy inference: 32206 fps total: 30675 epoch: 306/5000
fps step: 31842 fps step and policy inference: 31255 fps total: 29802 epoch: 307/5000
fps step: 32572 fps step and policy inference: 31975 fps total: 30428 epoch: 308/5000
fps step: 22134 fps step and policy inference: 21847 fps total: 21114 epoch: 309/5000
fps step: 32883 fps step and policy inference: 32316 fps total: 30846 epoch: 310/5000
fps step: 34149 fps step and policy inference: 33446 fps total: 31843 epoch: 311/5000
fps step: 31986 fps step and policy inference: 31395 fps total: 29928 epoch: 312/5000
fps step: 32154 fps step and policy inference: 31483 fps total: 30022 epoch: 313/5000
fps step: 32858 fps step and policy inference: 32250 fps total: 30721 epoch: 314/5000
fps step: 32462 fps step and policy inference: 31873 fps total: 30345 epoch: 315/5000
fps step: 31935 fps step and policy inference: 31367 fps total: 29875 epoch: 316/5000
fps step: 22429 fps step and policy inference: 22141 fps total: 21424 epoch: 317/5000
fps step: 33040 fps step and policy inference: 32445 fps total: 30921 epoch: 318/5000
fps step: 33435 fps step and policy inference: 32826 fps total: 31283 epoch: 319/5000
fps step: 33895 fps step and policy inference: 33228 fps total: 31606 epoch: 320/5000
fps step: 33358 fps step and policy inference: 32708 fps total: 31134 epoch: 321/5000
fps step: 32241 fps step and policy inference: 31697 fps total: 30236 epoch: 322/5000
fps step: 31932 fps step and policy inference: 31314 fps total: 29790 epoch: 323/5000
fps step: 22059 fps step and policy inference: 21755 fps total: 21077 epoch: 324/5000
fps step: 32474 fps step and policy inference: 31882 fps total: 30472 epoch: 325/5000
fps step: 33847 fps step and policy inference: 33246 fps total: 31730 epoch: 326/5000
fps step: 32272 fps step and policy inference: 31691 fps total: 30228 epoch: 327/5000
fps step: 32190 fps step and policy inference: 31629 fps total: 30190 epoch: 328/5000
fps step: 31886 fps step and policy inference: 31319 fps total: 29844 epoch: 329/5000
fps step: 31696 fps step and policy inference: 31069 fps total: 29585 epoch: 330/5000
fps step: 30623 fps step and policy inference: 30064 fps total: 28630 epoch: 331/5000
fps step: 22537 fps step and policy inference: 22195 fps total: 21454 epoch: 332/5000
fps step: 34258 fps step and policy inference: 33625 fps total: 32060 epoch: 333/5000
fps step: 32864 fps step and policy inference: 32235 fps total: 30719 epoch: 334/5000
fps step: 32114 fps step and policy inference: 31500 fps total: 30066 epoch: 335/5000
fps step: 32122 fps step and policy inference: 31503 fps total: 30016 epoch: 336/5000
fps step: 31825 fps step and policy inference: 31230 fps total: 29790 epoch: 337/5000
fps step: 31075 fps step and policy inference: 30562 fps total: 29157 epoch: 338/5000
fps step: 22191 fps step and policy inference: 21900 fps total: 21209 epoch: 339/5000
fps step: 33729 fps step and policy inference: 33156 fps total: 31598 epoch: 340/5000
fps step: 33576 fps step and policy inference: 32960 fps total: 31391 epoch: 341/5000
fps step: 32321 fps step and policy inference: 31764 fps total: 30271 epoch: 342/5000
fps step: 32313 fps step and policy inference: 31751 fps total: 30227 epoch: 343/5000
fps step: 31898 fps step and policy inference: 31341 fps total: 29901 epoch: 344/5000
fps step: 31592 fps step and policy inference: 31001 fps total: 29460 epoch: 345/5000
fps step: 30143 fps step and policy inference: 29615 fps total: 28326 epoch: 346/5000
fps step: 23035 fps step and policy inference: 22740 fps total: 21982 epoch: 347/5000
fps step: 32015 fps step and policy inference: 31459 fps total: 30016 epoch: 348/5000
fps step: 31721 fps step and policy inference: 31158 fps total: 29755 epoch: 349/5000
fps step: 31941 fps step and policy inference: 31416 fps total: 29981 epoch: 350/5000
fps step: 32109 fps step and policy inference: 31586 fps total: 30124 epoch: 351/5000
fps step: 32179 fps step and policy inference: 31613 fps total: 30130 epoch: 352/5000
fps step: 32133 fps step and policy inference: 31586 fps total: 30130 epoch: 353/5000
fps step: 23520 fps step and policy inference: 23183 fps total: 22374 epoch: 354/5000
fps step: 32482 fps step and policy inference: 31902 fps total: 30428 epoch: 355/5000
fps step: 32261 fps step and policy inference: 31680 fps total: 30241 epoch: 356/5000
fps step: 31737 fps step and policy inference: 31182 fps total: 29762 epoch: 357/5000
fps step: 32297 fps step and policy inference: 31737 fps total: 30261 epoch: 358/5000
fps step: 32160 fps step and policy inference: 31570 fps total: 30124 epoch: 359/5000
fps step: 31824 fps step and policy inference: 31224 fps total: 29760 epoch: 360/5000
fps step: 32102 fps step and policy inference: 31553 fps total: 22351 epoch: 361/5000
fps step: 32018 fps step and policy inference: 31453 fps total: 29968 epoch: 362/5000
fps step: 31895 fps step and policy inference: 31353 fps total: 29889 epoch: 363/5000
fps step: 32161 fps step and policy inference: 31583 fps total: 30088 epoch: 364/5000
fps step: 32199 fps step and policy inference: 31622 fps total: 30156 epoch: 365/5000
fps step: 32282 fps step and policy inference: 31739 fps total: 30264 epoch: 366/5000
fps step: 32407 fps step and policy inference: 31893 fps total: 30415 epoch: 367/5000
fps step: 32224 fps step and policy inference: 31688 fps total: 30247 epoch: 368/5000
fps step: 23187 fps step and policy inference: 22882 fps total: 22123 epoch: 369/5000
fps step: 31995 fps step and policy inference: 31436 fps total: 30012 epoch: 370/5000
fps step: 33198 fps step and policy inference: 32627 fps total: 31089 epoch: 371/5000
fps step: 33552 fps step and policy inference: 32931 fps total: 31409 epoch: 372/5000
fps step: 33255 fps step and policy inference: 32652 fps total: 31106 epoch: 373/5000
fps step: 32981 fps step and policy inference: 32405 fps total: 30865 epoch: 374/5000
fps step: 32280 fps step and policy inference: 31674 fps total: 30172 epoch: 375/5000
fps step: 22769 fps step and policy inference: 22488 fps total: 21739 epoch: 376/5000
fps step: 31792 fps step and policy inference: 31208 fps total: 29737 epoch: 377/5000
fps step: 31303 fps step and policy inference: 30761 fps total: 29438 epoch: 378/5000
fps step: 34375 fps step and policy inference: 33763 fps total: 32141 epoch: 379/5000
fps step: 33200 fps step and policy inference: 32611 fps total: 31011 epoch: 380/5000
fps step: 31577 fps step and policy inference: 30975 fps total: 29551 epoch: 381/5000
fps step: 31495 fps step and policy inference: 30896 fps total: 29489 epoch: 382/5000
fps step: 31275 fps step and policy inference: 30696 fps total: 29268 epoch: 383/5000
fps step: 22375 fps step and policy inference: 22084 fps total: 21340 epoch: 384/5000
fps step: 31004 fps step and policy inference: 30422 fps total: 29003 epoch: 385/5000
fps step: 33016 fps step and policy inference: 32438 fps total: 30906 epoch: 386/5000
fps step: 33115 fps step and policy inference: 32539 fps total: 30960 epoch: 387/5000
fps step: 31467 fps step and policy inference: 30866 fps total: 29427 epoch: 388/5000
fps step: 31927 fps step and policy inference: 31379 fps total: 29903 epoch: 389/5000
fps step: 31986 fps step and policy inference: 31453 fps total: 29983 epoch: 390/5000
fps step: 22537 fps step and policy inference: 22256 fps total: 21506 epoch: 391/5000
fps step: 31019 fps step and policy inference: 30475 fps total: 28996 epoch: 392/5000
fps step: 31888 fps step and policy inference: 31273 fps total: 29889 epoch: 393/5000
fps step: 33972 fps step and policy inference: 33381 fps total: 31810 epoch: 394/5000
fps step: 31574 fps step and policy inference: 30964 fps total: 29554 epoch: 395/5000
fps step: 31532 fps step and policy inference: 30990 fps total: 29569 epoch: 396/5000
fps step: 31359 fps step and policy inference: 30802 fps total: 29372 epoch: 397/5000
fps step: 31580 fps step and policy inference: 31040 fps total: 29589 epoch: 398/5000
fps step: 21953 fps step and policy inference: 21688 fps total: 20950 epoch: 399/5000
fps step: 31705 fps step and policy inference: 31176 fps total: 29724 epoch: 400/5000
=> saving checkpoint 'runs/specialist_cuboid_train_4k_2026-07-08_16-09-19/nn/last_specialist_cuboid_train_4k_ep_400_rew_-0.93402797.pth'
fps step: 32183 fps step and policy inference: 31667 fps total: 30229 epoch: 401/5000
fps step: 32141 fps step and policy inference: 31514 fps total: 30099 epoch: 402/5000
fps step: 32648 fps step and policy inference: 32054 fps total: 30589 epoch: 403/5000
fps step: 31771 fps step and policy inference: 31184 fps total: 29765 epoch: 404/5000
fps step: 31335 fps step and policy inference: 30723 fps total: 29306 epoch: 405/5000
fps step: 21657 fps step and policy inference: 21375 fps total: 20689 epoch: 406/5000
fps step: 31149 fps step and policy inference: 30536 fps total: 29148 epoch: 407/5000
fps step: 32412 fps step and policy inference: 31740 fps total: 30254 epoch: 408/5000
fps step: 32758 fps step and policy inference: 32183 fps total: 30741 epoch: 409/5000
fps step: 33196 fps step and policy inference: 32592 fps total: 31083 epoch: 410/5000
fps step: 32169 fps step and policy inference: 31539 fps total: 30043 epoch: 411/5000
fps step: 31897 fps step and policy inference: 31267 fps total: 29807 epoch: 412/5000
fps step: 22245 fps step and policy inference: 21959 fps total: 21192 epoch: 413/5000
fps step: 31119 fps step and policy inference: 30598 fps total: 29197 epoch: 414/5000
fps step: 32225 fps step and policy inference: 31638 fps total: 30143 epoch: 415/5000
fps step: 32571 fps step and policy inference: 31962 fps total: 30472 epoch: 416/5000
fps step: 32286 fps step and policy inference: 31650 fps total: 30210 epoch: 417/5000
fps step: 32872 fps step and policy inference: 32270 fps total: 30698 epoch: 418/5000
fps step: 31502 fps step and policy inference: 30902 fps total: 29478 epoch: 419/5000
fps step: 31332 fps step and policy inference: 30740 fps total: 29193 epoch: 420/5000
fps step: 21357 fps step and policy inference: 21067 fps total: 20366 epoch: 421/5000
fps step: 31882 fps step and policy inference: 31325 fps total: 29827 epoch: 422/5000
fps step: 32466 fps step and policy inference: 31873 fps total: 30403 epoch: 423/5000
fps step: 32688 fps step and policy inference: 32057 fps total: 30579 epoch: 424/5000
fps step: 33423 fps step and policy inference: 32808 fps total: 31288 epoch: 425/5000
fps step: 32197 fps step and policy inference: 31634 fps total: 30144 epoch: 426/5000
fps step: 32412 fps step and policy inference: 31836 fps total: 30315 epoch: 427/5000
fps step: 21760 fps step and policy inference: 21496 fps total: 20784 epoch: 428/5000
fps step: 31842 fps step and policy inference: 31267 fps total: 29901 epoch: 429/5000
fps step: 33421 fps step and policy inference: 32821 fps total: 31248 epoch: 430/5000
fps step: 33472 fps step and policy inference: 32841 fps total: 31284 epoch: 431/5000
fps step: 34473 fps step and policy inference: 33814 fps total: 32250 epoch: 432/5000
fps step: 33188 fps step and policy inference: 32602 fps total: 31103 epoch: 433/5000
fps step: 32065 fps step and policy inference: 31499 fps total: 30025 epoch: 434/5000
fps step: 31352 fps step and policy inference: 30775 fps total: 29327 epoch: 435/5000
fps step: 21689 fps step and policy inference: 21421 fps total: 20744 epoch: 436/5000
fps step: 31913 fps step and policy inference: 31332 fps total: 29934 epoch: 437/5000
fps step: 32468 fps step and policy inference: 31822 fps total: 30393 epoch: 438/5000
fps step: 33234 fps step and policy inference: 32624 fps total: 31130 epoch: 439/5000
fps step: 33127 fps step and policy inference: 32547 fps total: 30970 epoch: 440/5000
fps step: 31650 fps step and policy inference: 31052 fps total: 29583 epoch: 441/5000
fps step: 31907 fps step and policy inference: 31335 fps total: 29869 epoch: 442/5000
fps step: 21907 fps step and policy inference: 21630 fps total: 20921 epoch: 443/5000
fps step: 31843 fps step and policy inference: 31225 fps total: 29785 epoch: 444/5000
fps step: 32929 fps step and policy inference: 32328 fps total: 30846 epoch: 445/5000
fps step: 33264 fps step and policy inference: 32641 fps total: 31115 epoch: 446/5000
fps step: 33904 fps step and policy inference: 33275 fps total: 31723 epoch: 447/5000
fps step: 32170 fps step and policy inference: 31589 fps total: 30147 epoch: 448/5000
fps step: 31861 fps step and policy inference: 31321 fps total: 29878 epoch: 449/5000
fps step: 31121 fps step and policy inference: 30581 fps total: 29148 epoch: 450/5000
fps step: 21939 fps step and policy inference: 21628 fps total: 20936 epoch: 451/5000
fps step: 32280 fps step and policy inference: 31662 fps total: 30233 epoch: 452/5000
fps step: 32797 fps step and policy inference: 32220 fps total: 30711 epoch: 453/5000
fps step: 31327 fps step and policy inference: 30770 fps total: 29399 epoch: 454/5000
fps step: 31358 fps step and policy inference: 30765 fps total: 29411 epoch: 455/5000
fps step: 31531 fps step and policy inference: 30954 fps total: 29533 epoch: 456/5000
fps step: 32001 fps step and policy inference: 31451 fps total: 29989 epoch: 457/5000
fps step: 22274 fps step and policy inference: 22004 fps total: 21280 epoch: 458/5000
fps step: 31709 fps step and policy inference: 31139 fps total: 29743 epoch: 459/5000
fps step: 31920 fps step and policy inference: 31331 fps total: 29932 epoch: 460/5000
fps step: 32482 fps step and policy inference: 31930 fps total: 30458 epoch: 461/5000
fps step: 31996 fps step and policy inference: 31429 fps total: 30026 epoch: 462/5000
fps step: 31633 fps step and policy inference: 31057 fps total: 29668 epoch: 463/5000
fps step: 31777 fps step and policy inference: 31207 fps total: 29775 epoch: 464/5000
fps step: 22936 fps step and policy inference: 22638 fps total: 21875 epoch: 465/5000
fps step: 31659 fps step and policy inference: 31091 fps total: 29658 epoch: 466/5000
fps step: 31939 fps step and policy inference: 31319 fps total: 29846 epoch: 467/5000
fps step: 31959 fps step and policy inference: 31342 fps total: 29889 epoch: 468/5000
fps step: 32104 fps step and policy inference: 31516 fps total: 30060 epoch: 469/5000
fps step: 32513 fps step and policy inference: 31880 fps total: 30395 epoch: 470/5000
fps step: 32267 fps step and policy inference: 31665 fps total: 30194 epoch: 471/5000
fps step: 32670 fps step and policy inference: 32050 fps total: 30538 epoch: 472/5000
fps step: 22510 fps step and policy inference: 22210 fps total: 21499 epoch: 473/5000
fps step: 32347 fps step and policy inference: 31776 fps total: 30310 epoch: 474/5000
fps step: 31901 fps step and policy inference: 31315 fps total: 29922 epoch: 475/5000
fps step: 31840 fps step and policy inference: 31288 fps total: 29762 epoch: 476/5000
fps step: 31867 fps step and policy inference: 31276 fps total: 29787 epoch: 477/5000
fps step: 32120 fps step and policy inference: 31560 fps total: 30092 epoch: 478/5000
fps step: 31863 fps step and policy inference: 31304 fps total: 29862 epoch: 479/5000
fps step: 22592 fps step and policy inference: 22312 fps total: 21549 epoch: 480/5000
fps step: 32009 fps step and policy inference: 31465 fps total: 29951 epoch: 481/5000
fps step: 31735 fps step and policy inference: 31176 fps total: 29673 epoch: 482/5000
fps step: 31940 fps step and policy inference: 31387 fps total: 29936 epoch: 483/5000
fps step: 32235 fps step and policy inference: 31708 fps total: 30187 epoch: 484/5000
fps step: 31962 fps step and policy inference: 31328 fps total: 29827 epoch: 485/5000
fps step: 31898 fps step and policy inference: 31329 fps total: 29867 epoch: 486/5000
fps step: 32012 fps step and policy inference: 31410 fps total: 29895 epoch: 487/5000
fps step: 22451 fps step and policy inference: 22141 fps total: 21391 epoch: 488/5000
fps step: 31812 fps step and policy inference: 31195 fps total: 29747 epoch: 489/5000
fps step: 32073 fps step and policy inference: 31526 fps total: 30046 epoch: 490/5000
fps step: 32355 fps step and policy inference: 31793 fps total: 30307 epoch: 491/5000
fps step: 32459 fps step and policy inference: 31816 fps total: 30304 epoch: 492/5000
fps step: 32694 fps step and policy inference: 32098 fps total: 30588 epoch: 493/5000
fps step: 32186 fps step and policy inference: 31605 fps total: 30125 epoch: 494/5000
fps step: 22799 fps step and policy inference: 22488 fps total: 21713 epoch: 495/5000
fps step: 31665 fps step and policy inference: 31041 fps total: 29550 epoch: 496/5000
fps step: 32406 fps step and policy inference: 31825 fps total: 30268 epoch: 497/5000
fps step: 31972 fps step and policy inference: 31382 fps total: 29846 epoch: 498/5000
fps step: 31945 fps step and policy inference: 31398 fps total: 29857 epoch: 499/5000
fps step: 31270 fps step and policy inference: 30718 fps total: 29245 epoch: 500/5000
fps step: 31181 fps step and policy inference: 30566 fps total: 29077 epoch: 501/5000
fps step: 22583 fps step and policy inference: 22317 fps total: 21592 epoch: 502/5000
fps step: 31939 fps step and policy inference: 31409 fps total: 30024 epoch: 503/5000
fps step: 31731 fps step and policy inference: 31177 fps total: 29771 epoch: 504/5000
fps step: 31818 fps step and policy inference: 31296 fps total: 29873 epoch: 505/5000
fps step: 31873 fps step and policy inference: 31309 fps total: 29886 epoch: 506/5000
fps step: 31813 fps step and policy inference: 31264 fps total: 29851 epoch: 507/5000
fps step: 32042 fps step and policy inference: 31516 fps total: 30075 epoch: 508/5000
fps step: 31701 fps step and policy inference: 31109 fps total: 29716 epoch: 509/5000
fps step: 22320 fps step and policy inference: 22040 fps total: 21334 epoch: 510/5000
fps step: 31673 fps step and policy inference: 31098 fps total: 29745 epoch: 511/5000
fps step: 31604 fps step and policy inference: 31020 fps total: 29584 epoch: 512/5000
fps step: 31510 fps step and policy inference: 30916 fps total: 29486 epoch: 513/5000
fps step: 31530 fps step and policy inference: 30970 fps total: 29548 epoch: 514/5000
fps step: 32072 fps step and policy inference: 31515 fps total: 30039 epoch: 515/5000
fps step: 31736 fps step and policy inference: 31156 fps total: 29660 epoch: 516/5000
fps step: 22636 fps step and policy inference: 22346 fps total: 21591 epoch: 517/5000
fps step: 31686 fps step and policy inference: 31047 fps total: 29593 epoch: 518/5000
fps step: 31797 fps step and policy inference: 31203 fps total: 29765 epoch: 519/5000
fps step: 31594 fps step and policy inference: 31022 fps total: 29635 epoch: 520/5000
fps step: 31841 fps step and policy inference: 31306 fps total: 29912 epoch: 521/5000
fps step: 31520 fps step and policy inference: 30942 fps total: 29541 epoch: 522/5000
fps step: 32233 fps step and policy inference: 31697 fps total: 30239 epoch: 523/5000
fps step: 22481 fps step and policy inference: 22214 fps total: 21492 epoch: 524/5000
fps step: 31614 fps step and policy inference: 31065 fps total: 29700 epoch: 525/5000
fps step: 31640 fps step and policy inference: 31129 fps total: 29767 epoch: 526/5000
fps step: 31767 fps step and policy inference: 31214 fps total: 29789 epoch: 527/5000
fps step: 32415 fps step and policy inference: 31815 fps total: 30365 epoch: 528/5000
fps step: 32310 fps step and policy inference: 31721 fps total: 30262 epoch: 529/5000
fps step: 32055 fps step and policy inference: 31459 fps total: 29998 epoch: 530/5000
fps step: 31583 fps step and policy inference: 30990 fps total: 29574 epoch: 531/5000
fps step: 22288 fps step and policy inference: 21990 fps total: 21273 epoch: 532/5000
fps step: 31887 fps step and policy inference: 31355 fps total: 29903 epoch: 533/5000
fps step: 32219 fps step and policy inference: 31636 fps total: 30162 epoch: 534/5000
fps step: 32373 fps step and policy inference: 31781 fps total: 30333 epoch: 535/5000
fps step: 32385 fps step and policy inference: 31794 fps total: 30327 epoch: 536/5000
fps step: 31907 fps step and policy inference: 31345 fps total: 29867 epoch: 537/5000
fps step: 31349 fps step and policy inference: 30765 fps total: 29390 epoch: 538/5000
fps step: 22719 fps step and policy inference: 22436 fps total: 21686 epoch: 539/5000
fps step: 31835 fps step and policy inference: 31244 fps total: 29779 epoch: 540/5000
fps step: 32063 fps step and policy inference: 31515 fps total: 30070 epoch: 541/5000
fps step: 32154 fps step and policy inference: 31592 fps total: 30167 epoch: 542/5000
fps step: 32006 fps step and policy inference: 31466 fps total: 30033 epoch: 543/5000
fps step: 31570 fps step and policy inference: 30985 fps total: 29565 epoch: 544/5000
fps step: 31273 fps step and policy inference: 30715 fps total: 29318 epoch: 545/5000
fps step: 31164 fps step and policy inference: 30615 fps total: 21104 epoch: 546/5000
fps step: 31170 fps step and policy inference: 30597 fps total: 29186 epoch: 547/5000
fps step: 31545 fps step and policy inference: 30931 fps total: 29579 epoch: 548/5000
fps step: 33089 fps step and policy inference: 32475 fps total: 30974 epoch: 549/5000
fps step: 32732 fps step and policy inference: 32144 fps total: 30596 epoch: 550/5000
fps step: 31772 fps step and policy inference: 31192 fps total: 29772 epoch: 551/5000
fps step: 31858 fps step and policy inference: 31276 fps total: 29809 epoch: 552/5000
fps step: 31088 fps step and policy inference: 30471 fps total: 29077 epoch: 553/5000
fps step: 22284 fps step and policy inference: 22023 fps total: 21267 epoch: 554/5000
fps step: 31765 fps step and policy inference: 31193 fps total: 29789 epoch: 555/5000
fps step: 32466 fps step and policy inference: 31889 fps total: 30486 epoch: 556/5000
fps step: 32498 fps step and policy inference: 31864 fps total: 30415 epoch: 557/5000
fps step: 31774 fps step and policy inference: 31228 fps total: 29827 epoch: 558/5000
fps step: 32115 fps step and policy inference: 31531 fps total: 30025 epoch: 559/5000
fps step: 31316 fps step and policy inference: 30768 fps total: 29371 epoch: 560/5000
fps step: 22097 fps step and policy inference: 21828 fps total: 21095 epoch: 561/5000
fps step: 31764 fps step and policy inference: 31198 fps total: 29780 epoch: 562/5000
fps step: 32211 fps step and policy inference: 31651 fps total: 30195 epoch: 563/5000
fps step: 32683 fps step and policy inference: 32096 fps total: 30584 epoch: 564/5000
fps step: 32430 fps step and policy inference: 31851 fps total: 30370 epoch: 565/5000
fps step: 32338 fps step and policy inference: 31776 fps total: 30266 epoch: 566/5000
fps step: 32310 fps step and policy inference: 31772 fps total: 30287 epoch: 567/5000
fps step: 32045 fps step and policy inference: 31476 fps total: 30029 epoch: 568/5000
fps step: 21641 fps step and policy inference: 21389 fps total: 20715 epoch: 569/5000
fps step: 32087 fps step and policy inference: 31508 fps total: 30083 epoch: 570/5000
fps step: 33035 fps step and policy inference: 32444 fps total: 30927 epoch: 571/5000
fps step: 32442 fps step and policy inference: 31873 fps total: 30377 epoch: 572/5000
fps step: 31835 fps step and policy inference: 31284 fps total: 29860 epoch: 573/5000
fps step: 31648 fps step and policy inference: 31099 fps total: 29610 epoch: 574/5000
fps step: 31404 fps step and policy inference: 30803 fps total: 29345 epoch: 575/5000
fps step: 21787 fps step and policy inference: 21515 fps total: 20788 epoch: 576/5000
fps step: 31417 fps step and policy inference: 30933 fps total: 29535 epoch: 577/5000
fps step: 32972 fps step and policy inference: 32398 fps total: 30996 epoch: 578/5000
fps step: 33222 fps step and policy inference: 32676 fps total: 31249 epoch: 579/5000
fps step: 32245 fps step and policy inference: 31668 fps total: 30232 epoch: 580/5000
fps step: 32343 fps step and policy inference: 31767 fps total: 30328 epoch: 581/5000
fps step: 32789 fps step and policy inference: 32251 fps total: 30778 epoch: 582/5000
fps step: 32389 fps step and policy inference: 31834 fps total: 30318 epoch: 583/5000
fps step: 21129 fps step and policy inference: 20894 fps total: 20273 epoch: 584/5000
fps step: 32501 fps step and policy inference: 31861 fps total: 30459 epoch: 585/5000
fps step: 33125 fps step and policy inference: 32509 fps total: 30984 epoch: 586/5000
fps step: 33167 fps step and policy inference: 32495 fps total: 31003 epoch: 587/5000
fps step: 33730 fps step and policy inference: 33083 fps total: 31565 epoch: 588/5000
fps step: 32411 fps step and policy inference: 31768 fps total: 30298 epoch: 589/5000
fps step: 31905 fps step and policy inference: 31266 fps total: 29865 epoch: 590/5000
fps step: 21564 fps step and policy inference: 21326 fps total: 20677 epoch: 591/5000
fps step: 31936 fps step and policy inference: 31309 fps total: 29904 epoch: 592/5000
fps step: 32296 fps step and policy inference: 31694 fps total: 30179 epoch: 593/5000
fps step: 31969 fps step and policy inference: 31366 fps total: 29884 epoch: 594/5000
fps step: 32362 fps step and policy inference: 31806 fps total: 30362 epoch: 595/5000
fps step: 32262 fps step and policy inference: 31632 fps total: 30153 epoch: 596/5000
fps step: 31418 fps step and policy inference: 30811 fps total: 29469 epoch: 597/5000
fps step: 32158 fps step and policy inference: 31553 fps total: 30109 epoch: 598/5000
fps step: 22508 fps step and policy inference: 22206 fps total: 21505 epoch: 599/5000
fps step: 32615 fps step and policy inference: 32045 fps total: 30613 epoch: 600/5000
=> saving checkpoint 'runs/specialist_cuboid_train_4k_2026-07-08_16-09-19/nn/last_specialist_cuboid_train_4k_ep_600_rew_-4.0356464.pth'
fps step: 32361 fps step and policy inference: 31813 fps total: 30330 epoch: 601/5000
fps step: 32212 fps step and policy inference: 31640 fps total: 30245 epoch: 602/5000
fps step: 32667 fps step and policy inference: 32085 fps total: 30633 epoch: 603/5000
fps step: 31952 fps step and policy inference: 31356 fps total: 29916 epoch: 604/5000
fps step: 32466 fps step and policy inference: 31850 fps total: 30352 epoch: 605/5000
fps step: 22311 fps step and policy inference: 22006 fps total: 21303 epoch: 606/5000
fps step: 32240 fps step and policy inference: 31611 fps total: 30195 epoch: 607/5000
fps step: 32289 fps step and policy inference: 31705 fps total: 30269 epoch: 608/5000
fps step: 32242 fps step and policy inference: 31652 fps total: 30210 epoch: 609/5000
fps step: 32395 fps step and policy inference: 31772 fps total: 30322 epoch: 610/5000
fps step: 32172 fps step and policy inference: 31603 fps total: 30164 epoch: 611/5000
fps step: 31970 fps step and policy inference: 31384 fps total: 29906 epoch: 612/5000
fps step: 31941 fps step and policy inference: 31339 fps total: 21150 epoch: 613/5000
fps step: 32202 fps step and policy inference: 31584 fps total: 30077 epoch: 614/5000
fps step: 32030 fps step and policy inference: 31452 fps total: 30013 epoch: 615/5000
fps step: 31957 fps step and policy inference: 31380 fps total: 29921 epoch: 616/5000
fps step: 31878 fps step and policy inference: 31272 fps total: 29821 epoch: 617/5000
fps step: 32245 fps step and policy inference: 31720 fps total: 30206 epoch: 618/5000
fps step: 32267 fps step and policy inference: 31611 fps total: 30149 epoch: 619/5000
fps step: 32296 fps step and policy inference: 31730 fps total: 30250 epoch: 620/5000
fps step: 22181 fps step and policy inference: 21907 fps total: 21185 epoch: 621/5000
fps step: 32588 fps step and policy inference: 31999 fps total: 30443 epoch: 622/5000
fps step: 31898 fps step and policy inference: 31289 fps total: 29832 epoch: 623/5000
fps step: 32048 fps step and policy inference: 31502 fps total: 30050 epoch: 624/5000
fps step: 32664 fps step and policy inference: 32069 fps total: 30567 epoch: 625/5000
fps step: 32004 fps step and policy inference: 31454 fps total: 30053 epoch: 626/5000
fps step: 31951 fps step and policy inference: 31435 fps total: 29991 epoch: 627/5000
fps step: 22309 fps step and policy inference: 22030 fps total: 21281 epoch: 628/5000
fps step: 32682 fps step and policy inference: 32096 fps total: 30584 epoch: 629/5000
fps step: 32729 fps step and policy inference: 32151 fps total: 30627 epoch: 630/5000
fps step: 32606 fps step and policy inference: 32035 fps total: 30496 epoch: 631/5000
fps step: 32618 fps step and policy inference: 32071 fps total: 30558 epoch: 632/5000
fps step: 32849 fps step and policy inference: 32278 fps total: 30726 epoch: 633/5000
fps step: 32436 fps step and policy inference: 31879 fps total: 30399 epoch: 634/5000
fps step: 31944 fps step and policy inference: 31374 fps total: 29898 epoch: 635/5000
fps step: 22356 fps step and policy inference: 22093 fps total: 21362 epoch: 636/5000
fps step: 32528 fps step and policy inference: 31990 fps total: 30491 epoch: 637/5000
fps step: 31758 fps step and policy inference: 31207 fps total: 29782 epoch: 638/5000
fps step: 31822 fps step and policy inference: 31254 fps total: 29810 epoch: 639/5000
fps step: 31586 fps step and policy inference: 31021 fps total: 29596 epoch: 640/5000
fps step: 31790 fps step and policy inference: 31230 fps total: 29837 epoch: 641/5000
fps step: 31962 fps step and policy inference: 31410 fps total: 29969 epoch: 642/5000
fps step: 21976 fps step and policy inference: 21702 fps total: 20993 epoch: 643/5000
fps step: 32129 fps step and policy inference: 31537 fps total: 30114 epoch: 644/5000
fps step: 31650 fps step and policy inference: 31058 fps total: 29591 epoch: 645/5000
fps step: 32279 fps step and policy inference: 31735 fps total: 30301 epoch: 646/5000
fps step: 32219 fps step and policy inference: 31627 fps total: 30202 epoch: 647/5000
fps step: 32498 fps step and policy inference: 31888 fps total: 30387 epoch: 648/5000
fps step: 31964 fps step and policy inference: 31384 fps total: 29896 epoch: 649/5000
fps step: 31639 fps step and policy inference: 31058 fps total: 29643 epoch: 650/5000
fps step: 22002 fps step and policy inference: 21737 fps total: 21049 epoch: 651/5000
fps step: 31891 fps step and policy inference: 31357 fps total: 29883 epoch: 652/5000
fps step: 32416 fps step and policy inference: 31911 fps total: 30369 epoch: 653/5000
fps step: 32265 fps step and policy inference: 31699 fps total: 30189 epoch: 654/5000
fps step: 31792 fps step and policy inference: 31234 fps total: 29787 epoch: 655/5000
fps step: 31583 fps step and policy inference: 31020 fps total: 29647 epoch: 656/5000
fps step: 31913 fps step and policy inference: 31340 fps total: 29948 epoch: 657/5000
fps step: 22072 fps step and policy inference: 21802 fps total: 21126 epoch: 658/5000
fps step: 32380 fps step and policy inference: 31715 fps total: 30255 epoch: 659/5000
fps step: 32473 fps step and policy inference: 31860 fps total: 30383 epoch: 660/5000
fps step: 32051 fps step and policy inference: 31457 fps total: 30001 epoch: 661/5000
fps step: 32012 fps step and policy inference: 31414 fps total: 30043 epoch: 662/5000
fps step: 32684 fps step and policy inference: 32042 fps total: 30596 epoch: 663/5000
fps step: 32284 fps step and policy inference: 31726 fps total: 30252 epoch: 664/5000
fps step: 32348 fps step and policy inference: 31787 fps total: 30349 epoch: 665/5000
fps step: 22486 fps step and policy inference: 22200 fps total: 21480 epoch: 666/5000
fps step: 32820 fps step and policy inference: 32176 fps total: 30677 epoch: 667/5000
fps step: 32584 fps step and policy inference: 31987 fps total: 30526 epoch: 668/5000
fps step: 32437 fps step and policy inference: 31900 fps total: 30453 epoch: 669/5000
fps step: 32356 fps step and policy inference: 31743 fps total: 30323 epoch: 670/5000
fps step: 32081 fps step and policy inference: 31446 fps total: 29994 epoch: 671/5000
fps step: 32348 fps step and policy inference: 31768 fps total: 30235 epoch: 672/5000
fps step: 22230 fps step and policy inference: 21962 fps total: 21258 epoch: 673/5000
fps step: 32322 fps step and policy inference: 31717 fps total: 30225 epoch: 674/5000
fps step: 32016 fps step and policy inference: 31401 fps total: 30017 epoch: 675/5000
fps step: 32341 fps step and policy inference: 31757 fps total: 30281 epoch: 676/5000
fps step: 32283 fps step and policy inference: 31724 fps total: 30291 epoch: 677/5000
fps step: 31865 fps step and policy inference: 31290 fps total: 29893 epoch: 678/5000
fps step: 31869 fps step and policy inference: 31288 fps total: 29897 epoch: 679/5000
fps step: 32401 fps step and policy inference: 31865 fps total: 30396 epoch: 680/5000
fps step: 21900 fps step and policy inference: 21639 fps total: 20980 epoch: 681/5000
fps step: 32914 fps step and policy inference: 32354 fps total: 30856 epoch: 682/5000
fps step: 30937 fps step and policy inference: 30334 fps total: 28972 epoch: 683/5000
fps step: 31125 fps step and policy inference: 30532 fps total: 29160 epoch: 684/5000
fps step: 31939 fps step and policy inference: 31364 fps total: 29927 epoch: 685/5000
fps step: 32070 fps step and policy inference: 31543 fps total: 30061 epoch: 686/5000
fps step: 32001 fps step and policy inference: 31460 fps total: 30017 epoch: 687/5000
fps step: 23062 fps step and policy inference: 22771 fps total: 22022 epoch: 688/5000
fps step: 33186 fps step and policy inference: 32583 fps total: 31123 epoch: 689/5000
fps step: 33113 fps step and policy inference: 32553 fps total: 31040 epoch: 690/5000
fps step: 32385 fps step and policy inference: 31816 fps total: 30370 epoch: 691/5000
fps step: 32165 fps step and policy inference: 31565 fps total: 30132 epoch: 692/5000
fps step: 32150 fps step and policy inference: 31564 fps total: 30107 epoch: 693/5000
fps step: 30909 fps step and policy inference: 30361 fps total: 28915 epoch: 694/5000
fps step: 20549 fps step and policy inference: 20317 fps total: 19672 epoch: 695/5000
fps step: 32610 fps step and policy inference: 32024 fps total: 30609 epoch: 696/5000
fps step: 32476 fps step and policy inference: 31908 fps total: 30301 epoch: 697/5000
fps step: 29299 fps step and policy inference: 28776 fps total: 27491 epoch: 698/5000
fps step: 30518 fps step and policy inference: 29969 fps total: 28653 epoch: 699/5000
fps step: 32424 fps step and policy inference: 31881 fps total: 30364 epoch: 700/5000
fps step: 32388 fps step and policy inference: 31801 fps total: 30280 epoch: 701/5000
fps step: 32400 fps step and policy inference: 31839 fps total: 30322 epoch: 702/5000
fps step: 23987 fps step and policy inference: 23649 fps total: 22791 epoch: 703/5000
fps step: 32194 fps step and policy inference: 31639 fps total: 30114 epoch: 704/5000
fps step: 33814 fps step and policy inference: 33201 fps total: 31636 epoch: 705/5000
fps step: 33860 fps step and policy inference: 33243 fps total: 31664 epoch: 706/5000
fps step: 31560 fps step and policy inference: 30984 fps total: 29574 epoch: 707/5000
fps step: 31616 fps step and policy inference: 31059 fps total: 29561 epoch: 708/5000
fps step: 30906 fps step and policy inference: 30369 fps total: 28967 epoch: 709/5000
fps step: 20848 fps step and policy inference: 20603 fps total: 19977 epoch: 710/5000
fps step: 31490 fps step and policy inference: 30935 fps total: 29500 epoch: 711/5000
fps step: 32364 fps step and policy inference: 31737 fps total: 30245 epoch: 712/5000
fps step: 32779 fps step and policy inference: 32201 fps total: 30656 epoch: 713/5000
fps step: 31616 fps step and policy inference: 31071 fps total: 29666 epoch: 714/5000
fps step: 31262 fps step and policy inference: 30687 fps total: 29310 epoch: 715/5000
fps step: 31411 fps step and policy inference: 30833 fps total: 29344 epoch: 716/5000
fps step: 21517 fps step and policy inference: 21269 fps total: 20552 epoch: 717/5000
fps step: 29856 fps step and policy inference: 29309 fps total: 28078 epoch: 718/5000
fps step: 31932 fps step and policy inference: 31371 fps total: 29939 epoch: 719/5000
fps step: 32250 fps step and policy inference: 31672 fps total: 30142 epoch: 720/5000
fps step: 32592 fps step and policy inference: 32009 fps total: 30544 epoch: 721/5000
fps step: 33137 fps step and policy inference: 32537 fps total: 31056 epoch: 722/5000
fps step: 31848 fps step and policy inference: 31273 fps total: 29858 epoch: 723/5000
fps step: 31702 fps step and policy inference: 31090 fps total: 29688 epoch: 724/5000
fps step: 20789 fps step and policy inference: 20515 fps total: 19837 epoch: 725/5000
fps step: 31768 fps step and policy inference: 31203 fps total: 29864 epoch: 726/5000
fps step: 32637 fps step and policy inference: 32039 fps total: 30586 epoch: 727/5000
fps step: 32735 fps step and policy inference: 32096 fps total: 30615 epoch: 728/5000
fps step: 32724 fps step and policy inference: 32144 fps total: 30690 epoch: 729/5000
fps step: 31755 fps step and policy inference: 31157 fps total: 29768 epoch: 730/5000
fps step: 31100 fps step and policy inference: 30506 fps total: 29122 epoch: 731/5000
fps step: 20706 fps step and policy inference: 20424 fps total: 19753 epoch: 732/5000
fps step: 31158 fps step and policy inference: 30604 fps total: 29302 epoch: 733/5000
fps step: 32934 fps step and policy inference: 32361 fps total: 30930 epoch: 734/5000
fps step: 33279 fps step and policy inference: 32713 fps total: 31234 epoch: 735/5000
fps step: 33741 fps step and policy inference: 33152 fps total: 31529 epoch: 736/5000
fps step: 33133 fps step and policy inference: 32549 fps total: 31009 epoch: 737/5000
fps step: 31827 fps step and policy inference: 31231 fps total: 29725 epoch: 738/5000
fps step: 31806 fps step and policy inference: 31183 fps total: 29590 epoch: 739/5000
fps step: 20788 fps step and policy inference: 20539 fps total: 19883 epoch: 740/5000
fps step: 32252 fps step and policy inference: 31687 fps total: 30222 epoch: 741/5000
fps step: 32882 fps step and policy inference: 32286 fps total: 30800 epoch: 742/5000
fps step: 32951 fps step and policy inference: 32358 fps total: 30837 epoch: 743/5000
fps step: 33039 fps step and policy inference: 32465 fps total: 30940 epoch: 744/5000
fps step: 32229 fps step and policy inference: 31637 fps total: 30131 epoch: 745/5000
fps step: 31886 fps step and policy inference: 31300 fps total: 29844 epoch: 746/5000
fps step: 20981 fps step and policy inference: 20729 fps total: 20059 epoch: 747/5000
fps step: 31818 fps step and policy inference: 31262 fps total: 29757 epoch: 748/5000
fps step: 32166 fps step and policy inference: 31561 fps total: 30143 epoch: 749/5000
fps step: 32215 fps step and policy inference: 31631 fps total: 30147 epoch: 750/5000
fps step: 32731 fps step and policy inference: 32102 fps total: 30544 epoch: 751/5000
fps step: 32691 fps step and policy inference: 32125 fps total: 30578 epoch: 752/5000
fps step: 32178 fps step and policy inference: 31547 fps total: 30047 epoch: 753/5000
fps step: 32365 fps step and policy inference: 31821 fps total: 30292 epoch: 754/5000
fps step: 21302 fps step and policy inference: 21053 fps total: 20395 epoch: 755/5000
fps step: 31890 fps step and policy inference: 31310 fps total: 29909 epoch: 756/5000
fps step: 32115 fps step and policy inference: 31554 fps total: 30091 epoch: 757/5000
fps step: 31610 fps step and policy inference: 31057 fps total: 29628 epoch: 758/5000
fps step: 32161 fps step and policy inference: 31594 fps total: 30173 epoch: 759/5000
fps step: 32275 fps step and policy inference: 31728 fps total: 30328 epoch: 760/5000
fps step: 31954 fps step and policy inference: 31399 fps total: 29975 epoch: 761/5000
fps step: 22381 fps step and policy inference: 22105 fps total: 21375 epoch: 762/5000
fps step: 32124 fps step and policy inference: 31559 fps total: 30071 epoch: 763/5000
fps step: 32122 fps step and policy inference: 31597 fps total: 30145 epoch: 764/5000
fps step: 31734 fps step and policy inference: 31149 fps total: 29720 epoch: 765/5000
fps step: 32321 fps step and policy inference: 31694 fps total: 30177 epoch: 766/5000
fps step: 31927 fps step and policy inference: 31347 fps total: 29866 epoch: 767/5000
fps step: 31829 fps step and policy inference: 31227 fps total: 29828 epoch: 768/5000
fps step: 22057 fps step and policy inference: 21791 fps total: 21112 epoch: 769/5000
fps step: 31679 fps step and policy inference: 31118 fps total: 29668 epoch: 770/5000
fps step: 31799 fps step and policy inference: 31277 fps total: 29872 epoch: 771/5000
fps step: 31725 fps step and policy inference: 31172 fps total: 29806 epoch: 772/5000
fps step: 31853 fps step and policy inference: 31274 fps total: 29821 epoch: 773/5000
fps step: 31646 fps step and policy inference: 31093 fps total: 29632 epoch: 774/5000
fps step: 31953 fps step and policy inference: 31376 fps total: 29938 epoch: 775/5000
fps step: 32272 fps step and policy inference: 31642 fps total: 30153 epoch: 776/5000
fps step: 21723 fps step and policy inference: 21441 fps total: 20751 epoch: 777/5000
fps step: 31945 fps step and policy inference: 31382 fps total: 29950 epoch: 778/5000
fps step: 31922 fps step and policy inference: 31284 fps total: 29849 epoch: 779/5000
fps step: 32393 fps step and policy inference: 31812 fps total: 30339 epoch: 780/5000
fps step: 31928 fps step and policy inference: 31292 fps total: 29876 epoch: 781/5000
fps step: 32103 fps step and policy inference: 31531 fps total: 30095 epoch: 782/5000
fps step: 32096 fps step and policy inference: 31553 fps total: 30083 epoch: 783/5000
fps step: 21748 fps step and policy inference: 21485 fps total: 20801 epoch: 784/5000
fps step: 31995 fps step and policy inference: 31450 fps total: 30004 epoch: 785/5000
fps step: 31827 fps step and policy inference: 31264 fps total: 29802 epoch: 786/5000
fps step: 32139 fps step and policy inference: 31577 fps total: 30071 epoch: 787/5000
fps step: 32149 fps step and policy inference: 31585 fps total: 30073 epoch: 788/5000
fps step: 31896 fps step and policy inference: 31326 fps total: 29871 epoch: 789/5000
fps step: 32039 fps step and policy inference: 31455 fps total: 30025 epoch: 790/5000
fps step: 32146 fps step and policy inference: 31620 fps total: 30148 epoch: 791/5000
fps step: 21786 fps step and policy inference: 21535 fps total: 20854 epoch: 792/5000
fps step: 32167 fps step and policy inference: 31598 fps total: 30156 epoch: 793/5000
fps step: 31897 fps step and policy inference: 31346 fps total: 29955 epoch: 794/5000
fps step: 31792 fps step and policy inference: 31233 fps total: 29881 epoch: 795/5000
fps step: 31964 fps step and policy inference: 31422 fps total: 29978 epoch: 796/5000
fps step: 32096 fps step and policy inference: 31537 fps total: 30149 epoch: 797/5000
fps step: 32007 fps step and policy inference: 31454 fps total: 30042 epoch: 798/5000
fps step: 21777 fps step and policy inference: 21517 fps total: 20851 epoch: 799/5000
fps step: 31914 fps step and policy inference: 31369 fps total: 29923 epoch: 800/5000
=> saving checkpoint 'runs/specialist_cuboid_train_4k_2026-07-08_16-09-19/nn/last_specialist_cuboid_train_4k_ep_800_rew_-7.0501614.pth'
fps step: 32038 fps step and policy inference: 31488 fps total: 30075 epoch: 801/5000
fps step: 31866 fps step and policy inference: 31249 fps total: 29847 epoch: 802/5000
fps step: 31895 fps step and policy inference: 31346 fps total: 29952 epoch: 803/5000
fps step: 31834 fps step and policy inference: 31239 fps total: 29829 epoch: 804/5000
fps step: 31941 fps step and policy inference: 31420 fps total: 29993 epoch: 805/5000
fps step: 21665 fps step and policy inference: 21392 fps total: 20697 epoch: 806/5000
fps step: 32200 fps step and policy inference: 31636 fps total: 30176 epoch: 807/5000
fps step: 31603 fps step and policy inference: 31011 fps total: 29667 epoch: 808/5000
fps step: 32051 fps step and policy inference: 31545 fps total: 30160 epoch: 809/5000
fps step: 31976 fps step and policy inference: 31461 fps total: 30099 epoch: 810/5000
fps step: 31692 fps step and policy inference: 31135 fps total: 29724 epoch: 811/5000
fps step: 31675 fps step and policy inference: 31082 fps total: 29691 epoch: 812/5000
fps step: 31974 fps step and policy inference: 31442 fps total: 29987 epoch: 813/5000
fps step: 21847 fps step and policy inference: 21589 fps total: 20874 epoch: 814/5000
fps step: 32211 fps step and policy inference: 31670 fps total: 30159 epoch: 815/5000
fps step: 32351 fps step and policy inference: 31824 fps total: 30314 epoch: 816/5000
fps step: 32094 fps step and policy inference: 31566 fps total: 30094 epoch: 817/5000
fps step: 32189 fps step and policy inference: 31639 fps total: 30147 epoch: 818/5000
fps step: 32432 fps step and policy inference: 31898 fps total: 30385 epoch: 819/5000
fps step: 31931 fps step and policy inference: 31345 fps total: 29925 epoch: 820/5000
fps step: 21918 fps step and policy inference: 21633 fps total: 20967 epoch: 821/5000
fps step: 31747 fps step and policy inference: 31177 fps total: 29751 epoch: 822/5000
fps step: 31613 fps step and policy inference: 31011 fps total: 29617 epoch: 823/5000
fps step: 31462 fps step and policy inference: 30850 fps total: 29509 epoch: 824/5000
fps step: 31928 fps step and policy inference: 31383 fps total: 29969 epoch: 825/5000
fps step: 32069 fps step and policy inference: 31510 fps total: 30056 epoch: 826/5000
fps step: 32002 fps step and policy inference: 31439 fps total: 29964 epoch: 827/5000
fps step: 21485 fps step and policy inference: 21196 fps total: 20536 epoch: 828/5000
fps step: 32013 fps step and policy inference: 31473 fps total: 30055 epoch: 829/5000
fps step: 31870 fps step and policy inference: 31269 fps total: 29875 epoch: 830/5000
fps step: 32126 fps step and policy inference: 31522 fps total: 30068 epoch: 831/5000
fps step: 32335 fps step and policy inference: 31758 fps total: 30287 epoch: 832/5000
fps step: 32319 fps step and policy inference: 31724 fps total: 30274 epoch: 833/5000
fps step: 32227 fps step and policy inference: 31657 fps total: 30211 epoch: 834/5000
fps step: 31930 fps step and policy inference: 31363 fps total: 29994 epoch: 835/5000
fps step: 22078 fps step and policy inference: 21781 fps total: 21076 epoch: 836/5000
fps step: 32051 fps step and policy inference: 31467 fps total: 30055 epoch: 837/5000
fps step: 32214 fps step and policy inference: 31644 fps total: 30226 epoch: 838/5000
fps step: 33331 fps step and policy inference: 32729 fps total: 31215 epoch: 839/5000
fps step: 32987 fps step and policy inference: 32361 fps total: 30863 epoch: 840/5000
fps step: 32663 fps step and policy inference: 32082 fps total: 30629 epoch: 841/5000
fps step: 32246 fps step and policy inference: 31666 fps total: 30224 epoch: 842/5000
fps step: 21607 fps step and policy inference: 21340 fps total: 20658 epoch: 843/5000
fps step: 32434 fps step and policy inference: 31813 fps total: 30352 epoch: 844/5000
fps step: 32747 fps step and policy inference: 32170 fps total: 30689 epoch: 845/5000
fps step: 33201 fps step and policy inference: 32616 fps total: 31095 epoch: 846/5000
fps step: 33358 fps step and policy inference: 32784 fps total: 31304 epoch: 847/5000
fps step: 32851 fps step and policy inference: 32295 fps total: 30845 epoch: 848/5000
fps step: 32550 fps step and policy inference: 31898 fps total: 30391 epoch: 849/5000
fps step: 31810 fps step and policy inference: 31229 fps total: 29746 epoch: 850/5000
fps step: 21827 fps step and policy inference: 21563 fps total: 20865 epoch: 851/5000
fps step: 32513 fps step and policy inference: 31896 fps total: 30436 epoch: 852/5000
fps step: 32967 fps step and policy inference: 32332 fps total: 30899 epoch: 853/5000
fps step: 34376 fps step and policy inference: 33750 fps total: 32207 epoch: 854/5000
fps step: 33667 fps step and policy inference: 33076 fps total: 31453 epoch: 855/5000
fps step: 32199 fps step and policy inference: 31643 fps total: 30142 epoch: 856/5000
fps step: 31838 fps step and policy inference: 31272 fps total: 29836 epoch: 857/5000
fps step: 31599 fps step and policy inference: 31036 fps total: 20468 epoch: 858/5000
fps step: 32026 fps step and policy inference: 31437 fps total: 30022 epoch: 859/5000
fps step: 32790 fps step and policy inference: 32232 fps total: 30724 epoch: 860/5000
fps step: 33029 fps step and policy inference: 32464 fps total: 30961 epoch: 861/5000
fps step: 32919 fps step and policy inference: 32348 fps total: 30887 epoch: 862/5000
fps step: 32220 fps step and policy inference: 31664 fps total: 30243 epoch: 863/5000
fps step: 31742 fps step and policy inference: 31104 fps total: 29694 epoch: 864/5000
fps step: 32196 fps step and policy inference: 31597 fps total: 30112 epoch: 865/5000
fps step: 21291 fps step and policy inference: 21033 fps total: 20361 epoch: 866/5000
fps step: 31231 fps step and policy inference: 30693 fps total: 29266 epoch: 867/5000
fps step: 32669 fps step and policy inference: 32096 fps total: 30649 epoch: 868/5000
fps step: 33464 fps step and policy inference: 32886 fps total: 31285 epoch: 869/5000
fps step: 32253 fps step and policy inference: 31695 fps total: 30252 epoch: 870/5000
fps step: 32421 fps step and policy inference: 31807 fps total: 30333 epoch: 871/5000
fps step: 32506 fps step and policy inference: 31955 fps total: 30475 epoch: 872/5000
fps step: 31832 fps step and policy inference: 31224 fps total: 20773 epoch: 873/5000
fps step: 31745 fps step and policy inference: 31184 fps total: 29641 epoch: 874/5000
fps step: 32106 fps step and policy inference: 31530 fps total: 30086 epoch: 875/5000
fps step: 34428 fps step and policy inference: 33843 fps total: 32244 epoch: 876/5000
fps step: 32956 fps step and policy inference: 32343 fps total: 30735 epoch: 877/5000
fps step: 32594 fps step and policy inference: 32005 fps total: 30441 epoch: 878/5000
fps step: 32283 fps step and policy inference: 31704 fps total: 30183 epoch: 879/5000
fps step: 32262 fps step and policy inference: 31662 fps total: 30133 epoch: 880/5000
fps step: 21301 fps step and policy inference: 21046 fps total: 20366 epoch: 881/5000
fps step: 31039 fps step and policy inference: 30439 fps total: 29050 epoch: 882/5000
fps step: 32319 fps step and policy inference: 31746 fps total: 30244 epoch: 883/5000
fps step: 32101 fps step and policy inference: 31427 fps total: 29916 epoch: 884/5000
fps step: 33588 fps step and policy inference: 32945 fps total: 31416 epoch: 885/5000
fps step: 32191 fps step and policy inference: 31556 fps total: 30118 epoch: 886/5000
fps step: 31868 fps step and policy inference: 31331 fps total: 29971 epoch: 887/5000
fps step: 21801 fps step and policy inference: 21545 fps total: 20858 epoch: 888/5000
fps step: 31072 fps step and policy inference: 30528 fps total: 29196 epoch: 889/5000
fps step: 31616 fps step and policy inference: 31082 fps total: 29723 epoch: 890/5000
fps step: 31952 fps step and policy inference: 31382 fps total: 29971 epoch: 891/5000
fps step: 31773 fps step and policy inference: 31214 fps total: 29780 epoch: 892/5000
fps step: 31574 fps step and policy inference: 31005 fps total: 29613 epoch: 893/5000
fps step: 31618 fps step and policy inference: 31064 fps total: 29655 epoch: 894/5000
fps step: 31749 fps step and policy inference: 31217 fps total: 29828 epoch: 895/5000
fps step: 21821 fps step and policy inference: 21559 fps total: 20898 epoch: 896/5000
fps step: 31519 fps step and policy inference: 30965 fps total: 29617 epoch: 897/5000
fps step: 32522 fps step and policy inference: 31963 fps total: 30501 epoch: 898/5000
fps step: 32265 fps step and policy inference: 31739 fps total: 30324 epoch: 899/5000
fps step: 31929 fps step and policy inference: 31375 fps total: 29975 epoch: 900/5000
fps step: 31736 fps step and policy inference: 31148 fps total: 29749 epoch: 901/5000
fps step: 31831 fps step and policy inference: 31215 fps total: 29835 epoch: 902/5000
fps step: 21534 fps step and policy inference: 21260 fps total: 20574 epoch: 903/5000
fps step: 30969 fps step and policy inference: 30445 fps total: 29114 epoch: 904/5000
fps step: 32226 fps step and policy inference: 31674 fps total: 30265 epoch: 905/5000
fps step: 32348 fps step and policy inference: 31760 fps total: 30360 epoch: 906/5000
fps step: 33341 fps step and policy inference: 32724 fps total: 31197 epoch: 907/5000
fps step: 31654 fps step and policy inference: 31058 fps total: 29645 epoch: 908/5000
fps step: 31707 fps step and policy inference: 31148 fps total: 29736 epoch: 909/5000
fps step: 21275 fps step and policy inference: 21017 fps total: 20331 epoch: 910/5000
fps step: 31295 fps step and policy inference: 30761 fps total: 29353 epoch: 911/5000
fps step: 32930 fps step and policy inference: 32387 fps total: 30894 epoch: 912/5000
fps step: 33518 fps step and policy inference: 32938 fps total: 31354 epoch: 913/5000
fps step: 32196 fps step and policy inference: 31635 fps total: 30176 epoch: 914/5000
fps step: 31808 fps step and policy inference: 31259 fps total: 29824 epoch: 915/5000
fps step: 31794 fps step and policy inference: 31235 fps total: 29842 epoch: 916/5000
fps step: 31681 fps step and policy inference: 31161 fps total: 29661 epoch: 917/5000
fps step: 21134 fps step and policy inference: 20871 fps total: 20207 epoch: 918/5000
fps step: 31788 fps step and policy inference: 31181 fps total: 29853 epoch: 919/5000
fps step: 32446 fps step and policy inference: 31854 fps total: 30391 epoch: 920/5000
fps step: 32464 fps step and policy inference: 31864 fps total: 30468 epoch: 921/5000
fps step: 33011 fps step and policy inference: 32363 fps total: 30896 epoch: 922/5000
fps step: 31606 fps step and policy inference: 31012 fps total: 29549 epoch: 923/5000
fps step: 31732 fps step and policy inference: 31144 fps total: 29701 epoch: 924/5000
fps step: 20918 fps step and policy inference: 20665 fps total: 19983 epoch: 925/5000
fps step: 32117 fps step and policy inference: 31537 fps total: 30054 epoch: 926/5000
fps step: 33402 fps step and policy inference: 32839 fps total: 31308 epoch: 927/5000
fps step: 32929 fps step and policy inference: 32364 fps total: 30806 epoch: 928/5000
fps step: 31688 fps step and policy inference: 31112 fps total: 29666 epoch: 929/5000
fps step: 31940 fps step and policy inference: 31337 fps total: 29883 epoch: 930/5000
fps step: 32050 fps step and policy inference: 31459 fps total: 30066 epoch: 931/5000
fps step: 31061 fps step and policy inference: 30511 fps total: 29135 epoch: 932/5000
fps step: 21657 fps step and policy inference: 21366 fps total: 20688 epoch: 933/5000
fps step: 32883 fps step and policy inference: 32306 fps total: 30836 epoch: 934/5000
fps step: 33442 fps step and policy inference: 32882 fps total: 31311 epoch: 935/5000
fps step: 31907 fps step and policy inference: 31333 fps total: 29835 epoch: 936/5000
fps step: 32253 fps step and policy inference: 31699 fps total: 30210 epoch: 937/5000
fps step: 32349 fps step and policy inference: 31747 fps total: 30232 epoch: 938/5000
fps step: 31958 fps step and policy inference: 31387 fps total: 29902 epoch: 939/5000
fps step: 21186 fps step and policy inference: 20910 fps total: 20256 epoch: 940/5000
fps step: 31945 fps step and policy inference: 31402 fps total: 29913 epoch: 941/5000
fps step: 31622 fps step and policy inference: 31024 fps total: 29516 epoch: 942/5000
fps step: 31593 fps step and policy inference: 30993 fps total: 29539 epoch: 943/5000
fps step: 31885 fps step and policy inference: 31302 fps total: 29812 epoch: 944/5000
fps step: 31918 fps step and policy inference: 31351 fps total: 29930 epoch: 945/5000
fps step: 31976 fps step and policy inference: 31405 fps total: 29962 epoch: 946/5000
fps step: 32211 fps step and policy inference: 31674 fps total: 30267 epoch: 947/5000
fps step: 22361 fps step and policy inference: 22082 fps total: 21322 epoch: 948/5000
fps step: 32360 fps step and policy inference: 31755 fps total: 30315 epoch: 949/5000
fps step: 32075 fps step and policy inference: 31479 fps total: 29970 epoch: 950/5000
fps step: 32524 fps step and policy inference: 31960 fps total: 30367 epoch: 951/5000
fps step: 32566 fps step and policy inference: 31958 fps total: 30381 epoch: 952/5000
fps step: 32537 fps step and policy inference: 31958 fps total: 30396 epoch: 953/5000
fps step: 32644 fps step and policy inference: 32060 fps total: 30466 epoch: 954/5000
fps step: 22139 fps step and policy inference: 21878 fps total: 21148 epoch: 955/5000
fps step: 32123 fps step and policy inference: 31551 fps total: 30034 epoch: 956/5000
fps step: 32156 fps step and policy inference: 31604 fps total: 30128 epoch: 957/5000
fps step: 32292 fps step and policy inference: 31692 fps total: 30242 epoch: 958/5000
fps step: 32776 fps step and policy inference: 32167 fps total: 30661 epoch: 959/5000
fps step: 32549 fps step and policy inference: 31982 fps total: 30514 epoch: 960/5000
fps step: 32453 fps step and policy inference: 31833 fps total: 30339 epoch: 961/5000
fps step: 32019 fps step and policy inference: 31402 fps total: 21095 epoch: 962/5000
fps step: 32365 fps step and policy inference: 31750 fps total: 30317 epoch: 963/5000
fps step: 32818 fps step and policy inference: 32259 fps total: 30812 epoch: 964/5000
fps step: 32632 fps step and policy inference: 32082 fps total: 30678 epoch: 965/5000
fps step: 32026 fps step and policy inference: 31487 fps total: 30073 epoch: 966/5000
fps step: 31780 fps step and policy inference: 31212 fps total: 29692 epoch: 967/5000
fps step: 31871 fps step and policy inference: 31309 fps total: 29945 epoch: 968/5000
fps step: 31811 fps step and policy inference: 31241 fps total: 29834 epoch: 969/5000
fps step: 22123 fps step and policy inference: 21848 fps total: 21150 epoch: 970/5000
fps step: 32282 fps step and policy inference: 31743 fps total: 30290 epoch: 971/5000
fps step: 31989 fps step and policy inference: 31368 fps total: 29897 epoch: 972/5000
fps step: 32053 fps step and policy inference: 31466 fps total: 30033 epoch: 973/5000
fps step: 31915 fps step and policy inference: 31362 fps total: 29958 epoch: 974/5000
fps step: 31962 fps step and policy inference: 31447 fps total: 30023 epoch: 975/5000
fps step: 31929 fps step and policy inference: 31379 fps total: 29945 epoch: 976/5000
fps step: 21875 fps step and policy inference: 21615 fps total: 20949 epoch: 977/5000
fps step: 31946 fps step and policy inference: 31372 fps total: 29950 epoch: 978/5000
fps step: 31976 fps step and policy inference: 31384 fps total: 29988 epoch: 979/5000
fps step: 32719 fps step and policy inference: 32143 fps total: 30608 epoch: 980/5000
fps step: 32743 fps step and policy inference: 32158 fps total: 30671 epoch: 981/5000
fps step: 32983 fps step and policy inference: 32387 fps total: 30884 epoch: 982/5000
fps step: 32542 fps step and policy inference: 31935 fps total: 30476 epoch: 983/5000
fps step: 32371 fps step and policy inference: 31809 fps total: 30389 epoch: 984/5000
fps step: 22374 fps step and policy inference: 22073 fps total: 21365 epoch: 985/5000
fps step: 32212 fps step and policy inference: 31607 fps total: 30108 epoch: 986/5000
fps step: 32531 fps step and policy inference: 31919 fps total: 30369 epoch: 987/5000
fps step: 32261 fps step and policy inference: 31665 fps total: 30117 epoch: 988/5000
fps step: 31976 fps step and policy inference: 31421 fps total: 30000 epoch: 989/5000
fps step: 32033 fps step and policy inference: 31496 fps total: 30066 epoch: 990/5000
fps step: 32009 fps step and policy inference: 31446 fps total: 30079 epoch: 991/5000
fps step: 22065 fps step and policy inference: 21788 fps total: 21094 epoch: 992/5000
fps step: 32312 fps step and policy inference: 31763 fps total: 30330 epoch: 993/5000
fps step: 32033 fps step and policy inference: 31485 fps total: 30101 epoch: 994/5000
fps step: 32490 fps step and policy inference: 31927 fps total: 30445 epoch: 995/5000
fps step: 32397 fps step and policy inference: 31815 fps total: 30318 epoch: 996/5000
fps step: 32411 fps step and policy inference: 31854 fps total: 30387 epoch: 997/5000
fps step: 32231 fps step and policy inference: 31618 fps total: 30116 epoch: 998/5000
fps step: 31969 fps step and policy inference: 31308 fps total: 29838 epoch: 999/5000
fps step: 22230 fps step and policy inference: 21944 fps total: 21226 epoch: 1000/5000
=> saving checkpoint 'runs/specialist_cuboid_train_4k_2026-07-08_16-09-19/nn/last_specialist_cuboid_train_4k_ep_1000_rew_-6.214336.pth'
fps step: 32209 fps step and policy inference: 31577 fps total: 30094 epoch: 1001/5000
fps step: 32007 fps step and policy inference: 31468 fps total: 30056 epoch: 1002/5000
fps step: 31814 fps step and policy inference: 31227 fps total: 29795 epoch: 1003/5000
fps step: 31891 fps step and policy inference: 31329 fps total: 29930 epoch: 1004/5000
fps step: 32658 fps step and policy inference: 32100 fps total: 30634 epoch: 1005/5000
fps step: 32170 fps step and policy inference: 31525 fps total: 30143 epoch: 1006/5000
fps step: 22341 fps step and policy inference: 22055 fps total: 21337 epoch: 1007/5000
fps step: 32204 fps step and policy inference: 31647 fps total: 30195 epoch: 1008/5000
fps step: 31713 fps step and policy inference: 31113 fps total: 29743 epoch: 1009/5000
fps step: 32151 fps step and policy inference: 31514 fps total: 30068 epoch: 1010/5000
fps step: 31846 fps step and policy inference: 31280 fps total: 29820 epoch: 1011/5000
fps step: 31816 fps step and policy inference: 31256 fps total: 29771 epoch: 1012/5000
fps step: 31982 fps step and policy inference: 31460 fps total: 29994 epoch: 1013/5000
fps step: 31984 fps step and policy inference: 31422 fps total: 20837 epoch: 1014/5000
fps step: 32218 fps step and policy inference: 31671 fps total: 30169 epoch: 1015/5000
fps step: 32560 fps step and policy inference: 31942 fps total: 30439 epoch: 1016/5000
fps step: 32074 fps step and policy inference: 31471 fps total: 30017 epoch: 1017/5000
fps step: 31779 fps step and policy inference: 31154 fps total: 29716 epoch: 1018/5000
fps step: 31936 fps step and policy inference: 31375 fps total: 29918 epoch: 1019/5000
fps step: 31869 fps step and policy inference: 31270 fps total: 29835 epoch: 1020/5000
fps step: 32366 fps step and policy inference: 31796 fps total: 30277 epoch: 1021/5000
fps step: 22103 fps step and policy inference: 21819 fps total: 21100 epoch: 1022/5000
fps step: 31716 fps step and policy inference: 31151 fps total: 29764 epoch: 1023/5000
fps step: 32054 fps step and policy inference: 31524 fps total: 30068 epoch: 1024/5000
fps step: 32505 fps step and policy inference: 31924 fps total: 30490 epoch: 1025/5000
fps step: 32304 fps step and policy inference: 31730 fps total: 30244 epoch: 1026/5000
fps step: 32008 fps step and policy inference: 31448 fps total: 29973 epoch: 1027/5000
fps step: 31843 fps step and policy inference: 31317 fps total: 29840 epoch: 1028/5000
fps step: 21966 fps step and policy inference: 21693 fps total: 20987 epoch: 1029/5000
fps step: 32137 fps step and policy inference: 31539 fps total: 30107 epoch: 1030/5000
fps step: 32229 fps step and policy inference: 31639 fps total: 30138 epoch: 1031/5000
fps step: 32238 fps step and policy inference: 31655 fps total: 30202 epoch: 1032/5000
fps step: 32128 fps step and policy inference: 31564 fps total: 30097 epoch: 1033/5000
fps step: 31877 fps step and policy inference: 31298 fps total: 29839 epoch: 1034/5000
fps step: 31769 fps step and policy inference: 31218 fps total: 29853 epoch: 1035/5000
fps step: 31814 fps step and policy inference: 31243 fps total: 29771 epoch: 1036/5000
fps step: 22140 fps step and policy inference: 21874 fps total: 21166 epoch: 1037/5000
fps step: 31908 fps step and policy inference: 31391 fps total: 29909 epoch: 1038/5000
fps step: 33389 fps step and policy inference: 32800 fps total: 31304 epoch: 1039/5000
fps step: 33842 fps step and policy inference: 33215 fps total: 31657 epoch: 1040/5000
fps step: 32588 fps step and policy inference: 31991 fps total: 30477 epoch: 1041/5000
fps step: 32710 fps step and policy inference: 32102 fps total: 30547 epoch: 1042/5000
fps step: 31979 fps step and policy inference: 31385 fps total: 29936 epoch: 1043/5000
fps step: 20132 fps step and policy inference: 19907 fps total: 19322 epoch: 1044/5000
fps step: 32252 fps step and policy inference: 31732 fps total: 30200 epoch: 1045/5000
fps step: 32080 fps step and policy inference: 31520 fps total: 29988 epoch: 1046/5000
fps step: 32077 fps step and policy inference: 31552 fps total: 30134 epoch: 1047/5000
fps step: 32341 fps step and policy inference: 31795 fps total: 30392 epoch: 1048/5000
fps step: 32503 fps step and policy inference: 31927 fps total: 30511 epoch: 1049/5000
fps step: 31648 fps step and policy inference: 31092 fps total: 29643 epoch: 1050/5000
fps step: 30958 fps step and policy inference: 30374 fps total: 29005 epoch: 1051/5000
fps step: 23599 fps step and policy inference: 23296 fps total: 22519 epoch: 1052/5000
fps step: 32688 fps step and policy inference: 32079 fps total: 30658 epoch: 1053/5000
fps step: 33674 fps step and policy inference: 33054 fps total: 31462 epoch: 1054/5000
fps step: 33099 fps step and policy inference: 32503 fps total: 31026 epoch: 1055/5000
fps step: 32842 fps step and policy inference: 32225 fps total: 30724 epoch: 1056/5000
fps step: 33205 fps step and policy inference: 32641 fps total: 31074 epoch: 1057/5000
fps step: 32043 fps step and policy inference: 31445 fps total: 29968 epoch: 1058/5000
fps step: 20612 fps step and policy inference: 20346 fps total: 19681 epoch: 1059/5000
fps step: 30403 fps step and policy inference: 29874 fps total: 28576 epoch: 1060/5000
fps step: 32667 fps step and policy inference: 32094 fps total: 30639 epoch: 1061/5000
fps step: 33141 fps step and policy inference: 32561 fps total: 31079 epoch: 1062/5000
fps step: 34233 fps step and policy inference: 33598 fps total: 32039 epoch: 1063/5000
fps step: 34494 fps step and policy inference: 33843 fps total: 32260 epoch: 1064/5000
fps step: 32858 fps step and policy inference: 32269 fps total: 30769 epoch: 1065/5000
fps step: 32680 fps step and policy inference: 32093 fps total: 30592 epoch: 1066/5000
fps step: 21312 fps step and policy inference: 21043 fps total: 20361 epoch: 1067/5000
fps step: 31503 fps step and policy inference: 30917 fps total: 29515 epoch: 1068/5000
fps step: 32159 fps step and policy inference: 31526 fps total: 30113 epoch: 1069/5000
fps step: 32972 fps step and policy inference: 32367 fps total: 30984 epoch: 1070/5000
fps step: 33898 fps step and policy inference: 33316 fps total: 31852 epoch: 1071/5000
fps step: 33639 fps step and policy inference: 33050 fps total: 31530 epoch: 1072/5000
fps step: 31976 fps step and policy inference: 31456 fps total: 30053 epoch: 1073/5000
fps step: 20915 fps step and policy inference: 20672 fps total: 20011 epoch: 1074/5000
fps step: 31254 fps step and policy inference: 30714 fps total: 29325 epoch: 1075/5000
fps step: 32549 fps step and policy inference: 31996 fps total: 30589 epoch: 1076/5000
fps step: 33123 fps step and policy inference: 32560 fps total: 31093 epoch: 1077/5000
fps step: 33664 fps step and policy inference: 33039 fps total: 31508 epoch: 1078/5000
fps step: 33415 fps step and policy inference: 32827 fps total: 31249 epoch: 1079/5000
fps step: 32407 fps step and policy inference: 31807 fps total: 30327 epoch: 1080/5000
fps step: 31882 fps step and policy inference: 31294 fps total: 29781 epoch: 1081/5000
fps step: 20594 fps step and policy inference: 20348 fps total: 19746 epoch: 1082/5000
fps step: 33006 fps step and policy inference: 32427 fps total: 30954 epoch: 1083/5000
fps step: 33898 fps step and policy inference: 33269 fps total: 31738 epoch: 1084/5000
fps step: 33576 fps step and policy inference: 32974 fps total: 31436 epoch: 1085/5000
fps step: 33658 fps step and policy inference: 33040 fps total: 31481 epoch: 1086/5000
fps step: 33273 fps step and policy inference: 32677 fps total: 31125 epoch: 1087/5000
fps step: 31804 fps step and policy inference: 31247 fps total: 29781 epoch: 1088/5000
fps step: 20772 fps step and policy inference: 20518 fps total: 19873 epoch: 1089/5000
fps step: 32215 fps step and policy inference: 31644 fps total: 30118 epoch: 1090/5000
fps step: 33635 fps step and policy inference: 33030 fps total: 31512 epoch: 1091/5000
fps step: 33558 fps step and policy inference: 32936 fps total: 31316 epoch: 1092/5000
fps step: 32247 fps step and policy inference: 31624 fps total: 30154 epoch: 1093/5000
fps step: 32308 fps step and policy inference: 31738 fps total: 30246 epoch: 1094/5000
fps step: 31779 fps step and policy inference: 31213 fps total: 29745 epoch: 1095/5000
fps step: 32008 fps step and policy inference: 31453 fps total: 29980 epoch: 1096/5000
fps step: 21410 fps step and policy inference: 21156 fps total: 20487 epoch: 1097/5000
fps step: 32996 fps step and policy inference: 32439 fps total: 30958 epoch: 1098/5000
fps step: 33605 fps step and policy inference: 33021 fps total: 31460 epoch: 1099/5000
fps step: 32652 fps step and policy inference: 32089 fps total: 30566 epoch: 1100/5000
fps step: 32383 fps step and policy inference: 31825 fps total: 30359 epoch: 1101/5000
fps step: 32539 fps step and policy inference: 31982 fps total: 30446 epoch: 1102/5000
fps step: 32633 fps step and policy inference: 32072 fps total: 30616 epoch: 1103/5000
fps step: 21532 fps step and policy inference: 21287 fps total: 20594 epoch: 1104/5000
fps step: 32142 fps step and policy inference: 31536 fps total: 30096 epoch: 1105/5000
fps step: 32326 fps step and policy inference: 31749 fps total: 30199 epoch: 1106/5000
fps step: 32417 fps step and policy inference: 31837 fps total: 30354 epoch: 1107/5000
fps step: 32330 fps step and policy inference: 31753 fps total: 30262 epoch: 1108/5000
fps step: 32510 fps step and policy inference: 31960 fps total: 30446 epoch: 1109/5000
fps step: 31800 fps step and policy inference: 31204 fps total: 29791 epoch: 1110/5000
fps step: 31918 fps step and policy inference: 31308 fps total: 29915 epoch: 1111/5000
fps step: 21975 fps step and policy inference: 21698 fps total: 20996 epoch: 1112/5000
fps step: 32545 fps step and policy inference: 31938 fps total: 30477 epoch: 1113/5000
fps step: 32525 fps step and policy inference: 31956 fps total: 30446 epoch: 1114/5000
fps step: 32724 fps step and policy inference: 32087 fps total: 30630 epoch: 1115/5000
fps step: 32300 fps step and policy inference: 31672 fps total: 30247 epoch: 1116/5000
fps step: 32124 fps step and policy inference: 31535 fps total: 30142 epoch: 1117/5000
fps step: 32444 fps step and policy inference: 31817 fps total: 30297 epoch: 1118/5000
fps step: 21827 fps step and policy inference: 21553 fps total: 20888 epoch: 1119/5000
fps step: 32103 fps step and policy inference: 31529 fps total: 30088 epoch: 1120/5000
fps step: 31983 fps step and policy inference: 31429 fps total: 29987 epoch: 1121/5000
fps step: 31918 fps step and policy inference: 31379 fps total: 29973 epoch: 1122/5000
fps step: 31634 fps step and policy inference: 31047 fps total: 29689 epoch: 1123/5000
fps step: 32292 fps step and policy inference: 31765 fps total: 30305 epoch: 1124/5000
fps step: 32447 fps step and policy inference: 31906 fps total: 30428 epoch: 1125/5000
fps step: 32139 fps step and policy inference: 31585 fps total: 30137 epoch: 1126/5000
fps step: 22139 fps step and policy inference: 21892 fps total: 21198 epoch: 1127/5000
fps step: 32793 fps step and policy inference: 32190 fps total: 30696 epoch: 1128/5000
fps step: 32862 fps step and policy inference: 32215 fps total: 30693 epoch: 1129/5000
fps step: 32633 fps step and policy inference: 32002 fps total: 30498 epoch: 1130/5000
fps step: 32650 fps step and policy inference: 32060 fps total: 30564 epoch: 1131/5000
fps step: 32840 fps step and policy inference: 32243 fps total: 30712 epoch: 1132/5000
fps step: 32980 fps step and policy inference: 32415 fps total: 30920 epoch: 1133/5000
fps step: 21849 fps step and policy inference: 21562 fps total: 20898 epoch: 1134/5000
fps step: 32376 fps step and policy inference: 31816 fps total: 30330 epoch: 1135/5000
fps step: 32708 fps step and policy inference: 32098 fps total: 30599 epoch: 1136/5000
fps step: 32913 fps step and policy inference: 32335 fps total: 30847 epoch: 1137/5000
fps step: 32220 fps step and policy inference: 31624 fps total: 30153 epoch: 1138/5000
fps step: 31961 fps step and policy inference: 31356 fps total: 29901 epoch: 1139/5000
fps step: 32351 fps step and policy inference: 31796 fps total: 30324 epoch: 1140/5000
fps step: 32068 fps step and policy inference: 31525 fps total: 30077 epoch: 1141/5000
fps step: 21850 fps step and policy inference: 21556 fps total: 20878 epoch: 1142/5000
fps step: 32740 fps step and policy inference: 32173 fps total: 30691 epoch: 1143/5000
fps step: 32225 fps step and policy inference: 31686 fps total: 30166 epoch: 1144/5000
fps step: 31980 fps step and policy inference: 31444 fps total: 30049 epoch: 1145/5000
fps step: 32342 fps step and policy inference: 31776 fps total: 30306 epoch: 1146/5000
fps step: 32479 fps step and policy inference: 31898 fps total: 30422 epoch: 1147/5000
fps step: 32145 fps step and policy inference: 31614 fps total: 30119 epoch: 1148/5000
fps step: 21766 fps step and policy inference: 21506 fps total: 20819 epoch: 1149/5000
fps step: 32002 fps step and policy inference: 31452 fps total: 29991 epoch: 1150/5000
fps step: 31912 fps step and policy inference: 31337 fps total: 29905 epoch: 1151/5000
fps step: 31939 fps step and policy inference: 31351 fps total: 29933 epoch: 1152/5000
fps step: 32182 fps step and policy inference: 31575 fps total: 30040 epoch: 1153/5000
fps step: 32335 fps step and policy inference: 31723 fps total: 30209 epoch: 1154/5000
fps step: 31833 fps step and policy inference: 31218 fps total: 29803 epoch: 1155/5000
fps step: 32398 fps step and policy inference: 31798 fps total: 30271 epoch: 1156/5000
fps step: 21987 fps step and policy inference: 21699 fps total: 20997 epoch: 1157/5000
fps step: 32425 fps step and policy inference: 31840 fps total: 30356 epoch: 1158/5000
fps step: 32509 fps step and policy inference: 31861 fps total: 30419 epoch: 1159/5000
fps step: 32982 fps step and policy inference: 32394 fps total: 30903 epoch: 1160/5000
fps step: 32516 fps step and policy inference: 31952 fps total: 30460 epoch: 1161/5000
fps step: 32419 fps step and policy inference: 31865 fps total: 30399 epoch: 1162/5000
fps step: 31972 fps step and policy inference: 31410 fps total: 29971 epoch: 1163/5000
fps step: 21701 fps step and policy inference: 21449 fps total: 20770 epoch: 1164/5000
fps step: 32747 fps step and policy inference: 32153 fps total: 30668 epoch: 1165/5000
fps step: 32514 fps step and policy inference: 31949 fps total: 30418 epoch: 1166/5000
fps step: 32248 fps step and policy inference: 31685 fps total: 30186 epoch: 1167/5000
fps step: 32815 fps step and policy inference: 32254 fps total: 30774 epoch: 1168/5000
fps step: 32665 fps step and policy inference: 32137 fps total: 30673 epoch: 1169/5000
fps step: 31781 fps step and policy inference: 31240 fps total: 29809 epoch: 1170/5000
fps step: 31567 fps step and policy inference: 31010 fps total: 29597 epoch: 1171/5000
fps step: 21701 fps step and policy inference: 21437 fps total: 20756 epoch: 1172/5000
fps step: 31816 fps step and policy inference: 31277 fps total: 29845 epoch: 1173/5000
fps step: 31690 fps step and policy inference: 31108 fps total: 29684 epoch: 1174/5000
fps step: 31797 fps step and policy inference: 31199 fps total: 29796 epoch: 1175/5000
fps step: 31993 fps step and policy inference: 31382 fps total: 29910 epoch: 1176/5000
fps step: 32044 fps step and policy inference: 31472 fps total: 30027 epoch: 1177/5000
fps step: 32204 fps step and policy inference: 31652 fps total: 30166 epoch: 1178/5000
fps step: 21742 fps step and policy inference: 21493 fps total: 20817 epoch: 1179/5000
fps step: 32225 fps step and policy inference: 31654 fps total: 30189 epoch: 1180/5000
fps step: 32272 fps step and policy inference: 31627 fps total: 30140 epoch: 1181/5000
fps step: 32779 fps step and policy inference: 32173 fps total: 30605 epoch: 1182/5000
fps step: 32700 fps step and policy inference: 32114 fps total: 30648 epoch: 1183/5000
fps step: 32649 fps step and policy inference: 32035 fps total: 30515 epoch: 1184/5000
fps step: 32269 fps step and policy inference: 31679 fps total: 30222 epoch: 1185/5000
fps step: 31599 fps step and policy inference: 30937 fps total: 29565 epoch: 1186/5000
fps step: 22085 fps step and policy inference: 21814 fps total: 21112 epoch: 1187/5000
fps step: 32552 fps step and policy inference: 32015 fps total: 30542 epoch: 1188/5000
fps step: 32337 fps step and policy inference: 31768 fps total: 30296 epoch: 1189/5000
fps step: 32170 fps step and policy inference: 31578 fps total: 30124 epoch: 1190/5000
fps step: 31770 fps step and policy inference: 31206 fps total: 29766 epoch: 1191/5000
fps step: 31978 fps step and policy inference: 31448 fps total: 29971 epoch: 1192/5000
fps step: 31828 fps step and policy inference: 31213 fps total: 29729 epoch: 1193/5000
fps step: 21588 fps step and policy inference: 21330 fps total: 20655 epoch: 1194/5000
fps step: 31933 fps step and policy inference: 31385 fps total: 29962 epoch: 1195/5000
fps step: 32307 fps step and policy inference: 31726 fps total: 30283 epoch: 1196/5000
fps step: 33284 fps step and policy inference: 32690 fps total: 31196 epoch: 1197/5000
fps step: 32491 fps step and policy inference: 31925 fps total: 30409 epoch: 1198/5000
fps step: 32212 fps step and policy inference: 31677 fps total: 30233 epoch: 1199/5000
fps step: 31660 fps step and policy inference: 31103 fps total: 29656 epoch: 1200/5000
=> saving checkpoint 'runs/specialist_cuboid_train_4k_2026-07-08_16-09-19/nn/last_specialist_cuboid_train_4k_ep_1200_rew_-8.782897.pth'
fps step: 21122 fps step and policy inference: 20870 fps total: 20237 epoch: 1201/5000
fps step: 32715 fps step and policy inference: 32208 fps total: 30710 epoch: 1202/5000
fps step: 31778 fps step and policy inference: 31248 fps total: 29786 epoch: 1203/5000
fps step: 31755 fps step and policy inference: 31222 fps total: 29808 epoch: 1204/5000
fps step: 32422 fps step and policy inference: 31811 fps total: 30391 epoch: 1205/5000
fps step: 32566 fps step and policy inference: 31990 fps total: 30544 epoch: 1206/5000
fps step: 32401 fps step and policy inference: 31824 fps total: 30367 epoch: 1207/5000
fps step: 32487 fps step and policy inference: 31821 fps total: 30343 epoch: 1208/5000
fps step: 33395 fps step and policy inference: 32807 fps total: 31377 epoch: 1209/5000
fps step: 33615 fps step and policy inference: 33042 fps total: 31563 epoch: 1210/5000
fps step: 32516 fps step and policy inference: 31904 fps total: 30411 epoch: 1211/5000
fps step: 18637 fps step and policy inference: 18434 fps total: 17928 epoch: 1212/5000
fps step: 31778 fps step and policy inference: 31173 fps total: 29734 epoch: 1213/5000
fps step: 31439 fps step and policy inference: 30865 fps total: 29438 epoch: 1214/5000
fps step: 31605 fps step and policy inference: 31013 fps total: 29583 epoch: 1215/5000
fps step: 31657 fps step and policy inference: 31088 fps total: 29723 epoch: 1216/5000
fps step: 32884 fps step and policy inference: 32268 fps total: 30790 epoch: 1217/5000
fps step: 32494 fps step and policy inference: 31920 fps total: 30452 epoch: 1218/5000
fps step: 32189 fps step and policy inference: 31641 fps total: 30220 epoch: 1219/5000
fps step: 21861 fps step and policy inference: 21590 fps total: 20890 epoch: 1220/5000
fps step: 31714 fps step and policy inference: 31148 fps total: 29732 epoch: 1221/5000
fps step: 32973 fps step and policy inference: 32378 fps total: 30920 epoch: 1222/5000
fps step: 33496 fps step and policy inference: 32856 fps total: 31379 epoch: 1223/5000
fps step: 32713 fps step and policy inference: 32032 fps total: 30562 epoch: 1224/5000
fps step: 32967 fps step and policy inference: 32388 fps total: 30967 epoch: 1225/5000
fps step: 31543 fps step and policy inference: 30994 fps total: 29551 epoch: 1226/5000
fps step: 20037 fps step and policy inference: 19799 fps total: 19175 epoch: 1227/5000
fps step: 29541 fps step and policy inference: 28989 fps total: 27746 epoch: 1228/5000
fps step: 31972 fps step and policy inference: 31361 fps total: 29953 epoch: 1229/5000
fps step: 32407 fps step and policy inference: 31805 fps total: 30356 epoch: 1230/5000
fps step: 33080 fps step and policy inference: 32467 fps total: 30957 epoch: 1231/5000
fps step: 33733 fps step and policy inference: 33165 fps total: 31669 epoch: 1232/5000
fps step: 32462 fps step and policy inference: 31837 fps total: 30405 epoch: 1233/5000
fps step: 32182 fps step and policy inference: 31594 fps total: 30157 epoch: 1234/5000
fps step: 21069 fps step and policy inference: 20828 fps total: 20150 epoch: 1235/5000
fps step: 31604 fps step and policy inference: 31016 fps total: 29588 epoch: 1236/5000
fps step: 32876 fps step and policy inference: 32282 fps total: 30751 epoch: 1237/5000
fps step: 32694 fps step and policy inference: 31992 fps total: 30519 epoch: 1238/5000
fps step: 34184 fps step and policy inference: 33540 fps total: 31999 epoch: 1239/5000
fps step: 34016 fps step and policy inference: 33446 fps total: 31778 epoch: 1240/5000
fps step: 32084 fps step and policy inference: 31505 fps total: 30075 epoch: 1241/5000
fps step: 20583 fps step and policy inference: 20332 fps total: 19655 epoch: 1242/5000
fps step: 31438 fps step and policy inference: 30872 fps total: 29489 epoch: 1243/5000
fps step: 33276 fps step and policy inference: 32688 fps total: 31243 epoch: 1244/5000
fps step: 33901 fps step and policy inference: 33293 fps total: 31759 epoch: 1245/5000
fps step: 32986 fps step and policy inference: 32336 fps total: 30830 epoch: 1246/5000
fps step: 32991 fps step and policy inference: 32435 fps total: 30950 epoch: 1247/5000
fps step: 31759 fps step and policy inference: 31117 fps total: 29669 epoch: 1248/5000
fps step: 31744 fps step and policy inference: 31164 fps total: 29720 epoch: 1249/5000
fps step: 20264 fps step and policy inference: 20033 fps total: 19433 epoch: 1250/5000
fps step: 32392 fps step and policy inference: 31820 fps total: 30419 epoch: 1251/5000
fps step: 34173 fps step and policy inference: 33577 fps total: 32034 epoch: 1252/5000
fps step: 33762 fps step and policy inference: 33147 fps total: 31519 epoch: 1253/5000
fps step: 32720 fps step and policy inference: 32079 fps total: 30639 epoch: 1254/5000
fps step: 32519 fps step and policy inference: 31947 fps total: 30430 epoch: 1255/5000
fps step: 31937 fps step and policy inference: 31391 fps total: 29919 epoch: 1256/5000
fps step: 20274 fps step and policy inference: 20001 fps total: 19362 epoch: 1257/5000
fps step: 32116 fps step and policy inference: 31516 fps total: 30122 epoch: 1258/5000
fps step: 34049 fps step and policy inference: 33462 fps total: 31909 epoch: 1259/5000
fps step: 34170 fps step and policy inference: 33527 fps total: 31952 epoch: 1260/5000
fps step: 33519 fps step and policy inference: 32945 fps total: 31355 epoch: 1261/5000
fps step: 33011 fps step and policy inference: 32378 fps total: 30839 epoch: 1262/5000
fps step: 31957 fps step and policy inference: 31354 fps total: 29881 epoch: 1263/5000
fps step: 31789 fps step and policy inference: 31148 fps total: 29587 epoch: 1264/5000
fps step: 20833 fps step and policy inference: 20596 fps total: 19981 epoch: 1265/5000
fps step: 32751 fps step and policy inference: 32203 fps total: 30742 epoch: 1266/5000
fps step: 34217 fps step and policy inference: 33605 fps total: 32007 epoch: 1267/5000
fps step: 34037 fps step and policy inference: 33462 fps total: 31761 epoch: 1268/5000
fps step: 33151 fps step and policy inference: 32514 fps total: 31000 epoch: 1269/5000
fps step: 32479 fps step and policy inference: 31901 fps total: 30409 epoch: 1270/5000
fps step: 31930 fps step and policy inference: 31372 fps total: 29897 epoch: 1271/5000
fps step: 20397 fps step and policy inference: 20152 fps total: 19506 epoch: 1272/5000
fps step: 31494 fps step and policy inference: 30961 fps total: 29550 epoch: 1273/5000
fps step: 33285 fps step and policy inference: 32672 fps total: 31171 epoch: 1274/5000
fps step: 33520 fps step and policy inference: 32906 fps total: 31381 epoch: 1275/5000
fps step: 33342 fps step and policy inference: 32778 fps total: 31342 epoch: 1276/5000
fps step: 33119 fps step and policy inference: 32547 fps total: 31021 epoch: 1277/5000
fps step: 31174 fps step and policy inference: 30680 fps total: 29326 epoch: 1278/5000
fps step: 30665 fps step and policy inference: 30108 fps total: 28724 epoch: 1279/5000
fps step: 20260 fps step and policy inference: 19999 fps total: 19406 epoch: 1280/5000
fps step: 32025 fps step and policy inference: 31458 fps total: 30106 epoch: 1281/5000
fps step: 32933 fps step and policy inference: 32308 fps total: 30853 epoch: 1282/5000
fps step: 33400 fps step and policy inference: 32823 fps total: 31359 epoch: 1283/5000
fps step: 33206 fps step and policy inference: 32597 fps total: 31098 epoch: 1284/5000
fps step: 31628 fps step and policy inference: 31107 fps total: 29716 epoch: 1285/5000
fps step: 31530 fps step and policy inference: 30997 fps total: 29555 epoch: 1286/5000
fps step: 20627 fps step and policy inference: 20376 fps total: 19750 epoch: 1287/5000
fps step: 31943 fps step and policy inference: 31397 fps total: 30072 epoch: 1288/5000
fps step: 33988 fps step and policy inference: 33393 fps total: 31843 epoch: 1289/5000
fps step: 33590 fps step and policy inference: 32953 fps total: 31418 epoch: 1290/5000
fps step: 33213 fps step and policy inference: 32629 fps total: 31138 epoch: 1291/5000
fps step: 32616 fps step and policy inference: 32026 fps total: 30482 epoch: 1292/5000
fps step: 32068 fps step and policy inference: 31508 fps total: 30064 epoch: 1293/5000
fps step: 30932 fps step and policy inference: 30368 fps total: 28893 epoch: 1294/5000
fps step: 19553 fps step and policy inference: 19336 fps total: 18722 epoch: 1295/5000
fps step: 31435 fps step and policy inference: 30923 fps total: 29518 epoch: 1296/5000
fps step: 31890 fps step and policy inference: 31333 fps total: 29883 epoch: 1297/5000
fps step: 31747 fps step and policy inference: 31173 fps total: 29748 epoch: 1298/5000
fps step: 31869 fps step and policy inference: 31258 fps total: 29813 epoch: 1299/5000
fps step: 32194 fps step and policy inference: 31644 fps total: 30143 epoch: 1300/5000
fps step: 32003 fps step and policy inference: 31428 fps total: 29938 epoch: 1301/5000
fps step: 24145 fps step and policy inference: 23821 fps total: 22985 epoch: 1302/5000
fps step: 32680 fps step and policy inference: 32040 fps total: 30598 epoch: 1303/5000
fps step: 34098 fps step and policy inference: 33475 fps total: 31913 epoch: 1304/5000
fps step: 32891 fps step and policy inference: 32307 fps total: 30819 epoch: 1305/5000
fps step: 32014 fps step and policy inference: 31459 fps total: 30025 epoch: 1306/5000
fps step: 31736 fps step and policy inference: 31154 fps total: 29710 epoch: 1307/5000
fps step: 31261 fps step and policy inference: 30697 fps total: 29276 epoch: 1308/5000
fps step: 30169 fps step and policy inference: 29619 fps total: 20171 epoch: 1309/5000
fps step: 32299 fps step and policy inference: 31725 fps total: 30314 epoch: 1310/5000
fps step: 32575 fps step and policy inference: 31997 fps total: 30536 epoch: 1311/5000
fps step: 32676 fps step and policy inference: 32115 fps total: 30742 epoch: 1312/5000
fps step: 33471 fps step and policy inference: 32832 fps total: 31306 epoch: 1313/5000
fps step: 33078 fps step and policy inference: 32460 fps total: 30956 epoch: 1314/5000
fps step: 31709 fps step and policy inference: 31107 fps total: 29653 epoch: 1315/5000
fps step: 30733 fps step and policy inference: 30218 fps total: 28772 epoch: 1316/5000
fps step: 20720 fps step and policy inference: 20460 fps total: 19829 epoch: 1317/5000
fps step: 32755 fps step and policy inference: 32161 fps total: 30696 epoch: 1318/5000
fps step: 32989 fps step and policy inference: 32387 fps total: 30905 epoch: 1319/5000
fps step: 33136 fps step and policy inference: 32544 fps total: 31059 epoch: 1320/5000
fps step: 33409 fps step and policy inference: 32786 fps total: 31243 epoch: 1321/5000
fps step: 32049 fps step and policy inference: 31428 fps total: 29920 epoch: 1322/5000
fps step: 31846 fps step and policy inference: 31222 fps total: 29642 epoch: 1323/5000
fps step: 20560 fps step and policy inference: 20300 fps total: 19675 epoch: 1324/5000
fps step: 32843 fps step and policy inference: 32242 fps total: 30757 epoch: 1325/5000
fps step: 33329 fps step and policy inference: 32772 fps total: 31272 epoch: 1326/5000
fps step: 33365 fps step and policy inference: 32719 fps total: 31179 epoch: 1327/5000
fps step: 33660 fps step and policy inference: 33043 fps total: 31516 epoch: 1328/5000
fps step: 32991 fps step and policy inference: 32402 fps total: 30881 epoch: 1329/5000
fps step: 31852 fps step and policy inference: 31215 fps total: 29716 epoch: 1330/5000
fps step: 30637 fps step and policy inference: 30053 fps total: 28589 epoch: 1331/5000
fps step: 20826 fps step and policy inference: 20573 fps total: 19928 epoch: 1332/5000
fps step: 32805 fps step and policy inference: 32248 fps total: 30753 epoch: 1333/5000
fps step: 32929 fps step and policy inference: 32353 fps total: 30917 epoch: 1334/5000
fps step: 33650 fps step and policy inference: 33073 fps total: 31554 epoch: 1335/5000
fps step: 33162 fps step and policy inference: 32557 fps total: 30992 epoch: 1336/5000
fps step: 31632 fps step and policy inference: 31093 fps total: 29666 epoch: 1337/5000
fps step: 30925 fps step and policy inference: 30386 fps total: 28925 epoch: 1338/5000
fps step: 20307 fps step and policy inference: 20045 fps total: 19429 epoch: 1339/5000
fps step: 32255 fps step and policy inference: 31721 fps total: 30284 epoch: 1340/5000
fps step: 32344 fps step and policy inference: 31756 fps total: 30268 epoch: 1341/5000
fps step: 33153 fps step and policy inference: 32583 fps total: 31128 epoch: 1342/5000
fps step: 33445 fps step and policy inference: 32819 fps total: 31316 epoch: 1343/5000
fps step: 32767 fps step and policy inference: 32161 fps total: 30611 epoch: 1344/5000
fps step: 32069 fps step and policy inference: 31516 fps total: 30062 epoch: 1345/5000
fps step: 29811 fps step and policy inference: 29306 fps total: 27948 epoch: 1346/5000
fps step: 20810 fps step and policy inference: 20579 fps total: 19965 epoch: 1347/5000
fps step: 33350 fps step and policy inference: 32778 fps total: 31238 epoch: 1348/5000
fps step: 33247 fps step and policy inference: 32574 fps total: 31061 epoch: 1349/5000
fps step: 34098 fps step and policy inference: 33488 fps total: 31921 epoch: 1350/5000
fps step: 33085 fps step and policy inference: 32470 fps total: 30947 epoch: 1351/5000
fps step: 31857 fps step and policy inference: 31270 fps total: 29830 epoch: 1352/5000
fps step: 30701 fps step and policy inference: 30163 fps total: 28754 epoch: 1353/5000
fps step: 20467 fps step and policy inference: 20231 fps total: 19603 epoch: 1354/5000
fps step: 32388 fps step and policy inference: 31827 fps total: 30277 epoch: 1355/5000
fps step: 31709 fps step and policy inference: 31151 fps total: 29639 epoch: 1356/5000
fps step: 31801 fps step and policy inference: 31287 fps total: 29832 epoch: 1357/5000
fps step: 31574 fps step and policy inference: 30961 fps total: 29486 epoch: 1358/5000
fps step: 31549 fps step and policy inference: 30983 fps total: 29526 epoch: 1359/5000
fps step: 31761 fps step and policy inference: 31198 fps total: 29777 epoch: 1360/5000
fps step: 32345 fps step and policy inference: 31739 fps total: 30298 epoch: 1361/5000
fps step: 21597 fps step and policy inference: 21304 fps total: 20646 epoch: 1362/5000
fps step: 32333 fps step and policy inference: 31720 fps total: 30244 epoch: 1363/5000
fps step: 32258 fps step and policy inference: 31644 fps total: 30172 epoch: 1364/5000
fps step: 32091 fps step and policy inference: 31473 fps total: 30045 epoch: 1365/5000
fps step: 32456 fps step and policy inference: 31850 fps total: 30407 epoch: 1366/5000
fps step: 32056 fps step and policy inference: 31462 fps total: 30044 epoch: 1367/5000
fps step: 32838 fps step and policy inference: 32286 fps total: 30788 epoch: 1368/5000
fps step: 22109 fps step and policy inference: 21842 fps total: 21161 epoch: 1369/5000
fps step: 32542 fps step and policy inference: 31984 fps total: 30513 epoch: 1370/5000
fps step: 32447 fps step and policy inference: 31866 fps total: 30415 epoch: 1371/5000
fps step: 32480 fps step and policy inference: 31905 fps total: 30444 epoch: 1372/5000
fps step: 32448 fps step and policy inference: 31874 fps total: 30368 epoch: 1373/5000
fps step: 32635 fps step and policy inference: 32063 fps total: 30525 epoch: 1374/5000
fps step: 32775 fps step and policy inference: 32211 fps total: 30670 epoch: 1375/5000
fps step: 32702 fps step and policy inference: 32132 fps total: 30608 epoch: 1376/5000
fps step: 21714 fps step and policy inference: 21429 fps total: 20731 epoch: 1377/5000
fps step: 31803 fps step and policy inference: 31215 fps total: 29737 epoch: 1378/5000
fps step: 32388 fps step and policy inference: 31861 fps total: 30329 epoch: 1379/5000
fps step: 32105 fps step and policy inference: 31500 fps total: 30094 epoch: 1380/5000
fps step: 32247 fps step and policy inference: 31639 fps total: 30179 epoch: 1381/5000
fps step: 32501 fps step and policy inference: 31906 fps total: 30435 epoch: 1382/5000
fps step: 32279 fps step and policy inference: 31634 fps total: 30134 epoch: 1383/5000
fps step: 20944 fps step and policy inference: 20667 fps total: 20000 epoch: 1384/5000
fps step: 31624 fps step and policy inference: 31035 fps total: 29588 epoch: 1385/5000
fps step: 32388 fps step and policy inference: 31796 fps total: 30305 epoch: 1386/5000
fps step: 32427 fps step and policy inference: 31815 fps total: 30380 epoch: 1387/5000
fps step: 33293 fps step and policy inference: 32628 fps total: 31144 epoch: 1388/5000
fps step: 33641 fps step and policy inference: 33012 fps total: 31472 epoch: 1389/5000
fps step: 32018 fps step and policy inference: 31438 fps total: 29959 epoch: 1390/5000
fps step: 32315 fps step and policy inference: 31748 fps total: 30253 epoch: 1391/5000
fps step: 21252 fps step and policy inference: 20977 fps total: 20327 epoch: 1392/5000
fps step: 32128 fps step and policy inference: 31540 fps total: 30111 epoch: 1393/5000
fps step: 33838 fps step and policy inference: 33241 fps total: 31637 epoch: 1394/5000
fps step: 33410 fps step and policy inference: 32788 fps total: 31227 epoch: 1395/5000
fps step: 32227 fps step and policy inference: 31644 fps total: 30210 epoch: 1396/5000
fps step: 32001 fps step and policy inference: 31431 fps total: 29979 epoch: 1397/5000
fps step: 31891 fps step and policy inference: 31350 fps total: 29855 epoch: 1398/5000
fps step: 20453 fps step and policy inference: 20205 fps total: 19554 epoch: 1399/5000
fps step: 31311 fps step and policy inference: 30711 fps total: 29280 epoch: 1400/5000
=> saving checkpoint 'runs/specialist_cuboid_train_4k_2026-07-08_16-09-19/nn/last_specialist_cuboid_train_4k_ep_1400_rew_-7.438129.pth'
fps step: 32418 fps step and policy inference: 31811 fps total: 30354 epoch: 1401/5000
fps step: 32720 fps step and policy inference: 32149 fps total: 30611 epoch: 1402/5000
fps step: 32258 fps step and policy inference: 31694 fps total: 30188 epoch: 1403/5000
fps step: 32406 fps step and policy inference: 31846 fps total: 30358 epoch: 1404/5000
fps step: 31860 fps step and policy inference: 31265 fps total: 29808 epoch: 1405/5000
fps step: 32225 fps step and policy inference: 31679 fps total: 30132 epoch: 1406/5000
fps step: 20905 fps step and policy inference: 20651 fps total: 19991 epoch: 1407/5000
fps step: 33148 fps step and policy inference: 32573 fps total: 31069 epoch: 1408/5000
fps step: 33682 fps step and policy inference: 33015 fps total: 31462 epoch: 1409/5000
fps step: 31901 fps step and policy inference: 31244 fps total: 29777 epoch: 1410/5000
fps step: 31779 fps step and policy inference: 31181 fps total: 29739 epoch: 1411/5000
fps step: 31885 fps step and policy inference: 31312 fps total: 29834 epoch: 1412/5000
fps step: 31681 fps step and policy inference: 31125 fps total: 29744 epoch: 1413/5000
fps step: 20689 fps step and policy inference: 20435 fps total: 19801 epoch: 1414/5000
fps step: 31817 fps step and policy inference: 31254 fps total: 29903 epoch: 1415/5000
fps step: 33321 fps step and policy inference: 32712 fps total: 31224 epoch: 1416/5000
fps step: 32214 fps step and policy inference: 31654 fps total: 30203 epoch: 1417/5000
fps step: 31797 fps step and policy inference: 31236 fps total: 29834 epoch: 1418/5000
fps step: 31600 fps step and policy inference: 30990 fps total: 29587 epoch: 1419/5000
fps step: 31716 fps step and policy inference: 31134 fps total: 29735 epoch: 1420/5000
fps step: 20603 fps step and policy inference: 20346 fps total: 19749 epoch: 1421/5000
fps step: 31875 fps step and policy inference: 31285 fps total: 29868 epoch: 1422/5000
fps step: 32921 fps step and policy inference: 32338 fps total: 30838 epoch: 1423/5000
fps step: 32801 fps step and policy inference: 32232 fps total: 30681 epoch: 1424/5000
fps step: 32659 fps step and policy inference: 32116 fps total: 30645 epoch: 1425/5000
fps step: 32418 fps step and policy inference: 31844 fps total: 30339 epoch: 1426/5000
fps step: 31892 fps step and policy inference: 31324 fps total: 29895 epoch: 1427/5000
fps step: 31771 fps step and policy inference: 31216 fps total: 29705 epoch: 1428/5000
fps step: 21050 fps step and policy inference: 20811 fps total: 20170 epoch: 1429/5000
fps step: 33222 fps step and policy inference: 32629 fps total: 31194 epoch: 1430/5000
fps step: 33668 fps step and policy inference: 33066 fps total: 31525 epoch: 1431/5000
fps step: 32472 fps step and policy inference: 31888 fps total: 30440 epoch: 1432/5000
fps step: 31732 fps step and policy inference: 31088 fps total: 29736 epoch: 1433/5000
fps step: 31632 fps step and policy inference: 31067 fps total: 29650 epoch: 1434/5000
fps step: 31545 fps step and policy inference: 31025 fps total: 29667 epoch: 1435/5000
fps step: 19965 fps step and policy inference: 19752 fps total: 19179 epoch: 1436/5000
fps step: 31731 fps step and policy inference: 31194 fps total: 29892 epoch: 1437/5000
fps step: 33614 fps step and policy inference: 33006 fps total: 31451 epoch: 1438/5000
fps step: 33796 fps step and policy inference: 33183 fps total: 31647 epoch: 1439/5000
fps step: 33252 fps step and policy inference: 32715 fps total: 31219 epoch: 1440/5000
fps step: 32595 fps step and policy inference: 32031 fps total: 30516 epoch: 1441/5000
fps step: 31935 fps step and policy inference: 31414 fps total: 29969 epoch: 1442/5000
fps step: 30525 fps step and policy inference: 29956 fps total: 28539 epoch: 1443/5000
fps step: 20242 fps step and policy inference: 20010 fps total: 19412 epoch: 1444/5000
fps step: 32743 fps step and policy inference: 32105 fps total: 30675 epoch: 1445/5000
fps step: 33091 fps step and policy inference: 32519 fps total: 31052 epoch: 1446/5000
fps step: 32754 fps step and policy inference: 32191 fps total: 30731 epoch: 1447/5000
fps step: 32646 fps step and policy inference: 32089 fps total: 30640 epoch: 1448/5000
fps step: 31226 fps step and policy inference: 30685 fps total: 29300 epoch: 1449/5000
fps step: 30871 fps step and policy inference: 30262 fps total: 28805 epoch: 1450/5000
fps step: 20094 fps step and policy inference: 19830 fps total: 19234 epoch: 1451/5000
fps step: 32305 fps step and policy inference: 31701 fps total: 30274 epoch: 1452/5000
fps step: 33482 fps step and policy inference: 32870 fps total: 31383 epoch: 1453/5000
fps step: 33266 fps step and policy inference: 32632 fps total: 31121 epoch: 1454/5000
fps step: 32936 fps step and policy inference: 32291 fps total: 30807 epoch: 1455/5000
fps step: 31925 fps step and policy inference: 31300 fps total: 29854 epoch: 1456/5000
fps step: 30796 fps step and policy inference: 30199 fps total: 28809 epoch: 1457/5000
fps step: 29757 fps step and policy inference: 29255 fps total: 19286 epoch: 1458/5000
fps step: 31856 fps step and policy inference: 31329 fps total: 29961 epoch: 1459/5000
fps step: 33414 fps step and policy inference: 32857 fps total: 31390 epoch: 1460/5000
fps step: 33212 fps step and policy inference: 32662 fps total: 31194 epoch: 1461/5000
fps step: 33145 fps step and policy inference: 32599 fps total: 31121 epoch: 1462/5000
fps step: 31993 fps step and policy inference: 31437 fps total: 30007 epoch: 1463/5000
fps step: 31721 fps step and policy inference: 31223 fps total: 29803 epoch: 1464/5000
fps step: 30323 fps step and policy inference: 29806 fps total: 28391 epoch: 1465/5000
fps step: 19379 fps step and policy inference: 19162 fps total: 18610 epoch: 1466/5000
fps step: 32245 fps step and policy inference: 31645 fps total: 30259 epoch: 1467/5000
fps step: 32494 fps step and policy inference: 31917 fps total: 30455 epoch: 1468/5000
fps step: 33105 fps step and policy inference: 32536 fps total: 31063 epoch: 1469/5000
fps step: 32854 fps step and policy inference: 32254 fps total: 30809 epoch: 1470/5000
fps step: 31549 fps step and policy inference: 30953 fps total: 29537 epoch: 1471/5000
fps step: 31031 fps step and policy inference: 30477 fps total: 29026 epoch: 1472/5000
fps step: 20342 fps step and policy inference: 20093 fps total: 19494 epoch: 1473/5000
fps step: 32338 fps step and policy inference: 31788 fps total: 30363 epoch: 1474/5000
fps step: 32997 fps step and policy inference: 32418 fps total: 30962 epoch: 1475/5000
fps step: 33131 fps step and policy inference: 32549 fps total: 31020 epoch: 1476/5000
fps step: 32830 fps step and policy inference: 32228 fps total: 30701 epoch: 1477/5000
fps step: 29989 fps step and policy inference: 29457 fps total: 28059 epoch: 1478/5000
fps step: 31035 fps step and policy inference: 30550 fps total: 29178 epoch: 1479/5000
fps step: 29137 fps step and policy inference: 28671 fps total: 27366 epoch: 1480/5000
fps step: 21199 fps step and policy inference: 20951 fps total: 20340 epoch: 1481/5000
fps step: 32997 fps step and policy inference: 32439 fps total: 30914 epoch: 1482/5000
fps step: 32917 fps step and policy inference: 32364 fps total: 30912 epoch: 1483/5000
fps step: 32976 fps step and policy inference: 32423 fps total: 30948 epoch: 1484/5000
fps step: 31658 fps step and policy inference: 31128 fps total: 29692 epoch: 1485/5000
fps step: 30482 fps step and policy inference: 29924 fps total: 28594 epoch: 1486/5000
fps step: 30239 fps step and policy inference: 29689 fps total: 28259 epoch: 1487/5000
fps step: 21071 fps step and policy inference: 20818 fps total: 20184 epoch: 1488/5000
fps step: 33836 fps step and policy inference: 33175 fps total: 31637 epoch: 1489/5000
fps step: 33787 fps step and policy inference: 33128 fps total: 31525 epoch: 1490/5000
fps step: 33650 fps step and policy inference: 33023 fps total: 31494 epoch: 1491/5000
fps step: 32839 fps step and policy inference: 32205 fps total: 30600 epoch: 1492/5000
fps step: 30551 fps step and policy inference: 29998 fps total: 28599 epoch: 1493/5000
fps step: 31191 fps step and policy inference: 30629 fps total: 29250 epoch: 1494/5000
fps step: 20387 fps step and policy inference: 20163 fps total: 19549 epoch: 1495/5000
fps step: 32415 fps step and policy inference: 31846 fps total: 30355 epoch: 1496/5000
fps step: 32005 fps step and policy inference: 31379 fps total: 29903 epoch: 1497/5000
fps step: 32001 fps step and policy inference: 31465 fps total: 30008 epoch: 1498/5000
fps step: 31803 fps step and policy inference: 31266 fps total: 29842 epoch: 1499/5000
fps step: 31693 fps step and policy inference: 31113 fps total: 29715 epoch: 1500/5000
fps step: 31730 fps step and policy inference: 31178 fps total: 29701 epoch: 1501/5000
fps step: 31719 fps step and policy inference: 31179 fps total: 29753 epoch: 1502/5000
fps step: 21650 fps step and policy inference: 21391 fps total: 20716 epoch: 1503/5000
fps step: 32288 fps step and policy inference: 31753 fps total: 30354 epoch: 1504/5000
fps step: 31744 fps step and policy inference: 31174 fps total: 29767 epoch: 1505/5000
fps step: 32265 fps step and policy inference: 31673 fps total: 30264 epoch: 1506/5000
fps step: 32033 fps step and policy inference: 31489 fps total: 30042 epoch: 1507/5000
fps step: 32244 fps step and policy inference: 31648 fps total: 30216 epoch: 1508/5000
fps step: 32244 fps step and policy inference: 31690 fps total: 30198 epoch: 1509/5000
fps step: 21551 fps step and policy inference: 21299 fps total: 20653 epoch: 1510/5000
fps step: 32033 fps step and policy inference: 31475 fps total: 30025 epoch: 1511/5000
fps step: 31747 fps step and policy inference: 31209 fps total: 29848 epoch: 1512/5000
fps step: 31672 fps step and policy inference: 31154 fps total: 29770 epoch: 1513/5000
fps step: 31335 fps step and policy inference: 30745 fps total: 29322 epoch: 1514/5000
fps step: 31585 fps step and policy inference: 31014 fps total: 29649 epoch: 1515/5000
fps step: 32392 fps step and policy inference: 31825 fps total: 30369 epoch: 1516/5000
fps step: 31715 fps step and policy inference: 31110 fps total: 29704 epoch: 1517/5000
fps step: 21873 fps step and policy inference: 21620 fps total: 20944 epoch: 1518/5000
fps step: 32064 fps step and policy inference: 31500 fps total: 30099 epoch: 1519/5000
fps step: 32232 fps step and policy inference: 31673 fps total: 30214 epoch: 1520/5000
fps step: 31795 fps step and policy inference: 31225 fps total: 29849 epoch: 1521/5000
fps step: 31475 fps step and policy inference: 30895 fps total: 29497 epoch: 1522/5000
fps step: 31743 fps step and policy inference: 31186 fps total: 29762 epoch: 1523/5000
fps step: 31603 fps step and policy inference: 30966 fps total: 29541 epoch: 1524/5000
fps step: 21904 fps step and policy inference: 21620 fps total: 20925 epoch: 1525/5000
fps step: 31907 fps step and policy inference: 31262 fps total: 29798 epoch: 1526/5000
fps step: 31685 fps step and policy inference: 31063 fps total: 29624 epoch: 1527/5000
fps step: 31641 fps step and policy inference: 31048 fps total: 29591 epoch: 1528/5000
fps step: 31889 fps step and policy inference: 31303 fps total: 29824 epoch: 1529/5000
fps step: 31571 fps step and policy inference: 30972 fps total: 29570 epoch: 1530/5000
fps step: 31903 fps step and policy inference: 31362 fps total: 29858 epoch: 1531/5000
fps step: 21576 fps step and policy inference: 21306 fps total: 20621 epoch: 1532/5000
fps step: 32345 fps step and policy inference: 31708 fps total: 30256 epoch: 1533/5000
fps step: 32141 fps step and policy inference: 31545 fps total: 30059 epoch: 1534/5000
fps step: 31675 fps step and policy inference: 31117 fps total: 29728 epoch: 1535/5000
fps step: 31844 fps step and policy inference: 31312 fps total: 29853 epoch: 1536/5000
fps step: 31827 fps step and policy inference: 31306 fps total: 29895 epoch: 1537/5000
fps step: 31305 fps step and policy inference: 30726 fps total: 29319 epoch: 1538/5000
fps step: 31253 fps step and policy inference: 30671 fps total: 29287 epoch: 1539/5000
fps step: 21702 fps step and policy inference: 21443 fps total: 20771 epoch: 1540/5000
fps step: 31595 fps step and policy inference: 31028 fps total: 29585 epoch: 1541/5000
fps step: 31560 fps step and policy inference: 31015 fps total: 29623 epoch: 1542/5000
fps step: 31513 fps step and policy inference: 30956 fps total: 29541 epoch: 1543/5000
fps step: 31764 fps step and policy inference: 31223 fps total: 29798 epoch: 1544/5000
fps step: 31568 fps step and policy inference: 31002 fps total: 29642 epoch: 1545/5000
fps step: 31316 fps step and policy inference: 30681 fps total: 29302 epoch: 1546/5000
fps step: 21633 fps step and policy inference: 21361 fps total: 20697 epoch: 1547/5000
fps step: 31674 fps step and policy inference: 31134 fps total: 29669 epoch: 1548/5000
fps step: 31505 fps step and policy inference: 30922 fps total: 29481 epoch: 1549/5000
fps step: 32064 fps step and policy inference: 31475 fps total: 30017 epoch: 1550/5000
fps step: 31680 fps step and policy inference: 31077 fps total: 29707 epoch: 1551/5000
fps step: 31868 fps step and policy inference: 31268 fps total: 29859 epoch: 1552/5000
fps step: 32410 fps step and policy inference: 31801 fps total: 30308 epoch: 1553/5000
fps step: 22044 fps step and policy inference: 21776 fps total: 21050 epoch: 1554/5000
fps step: 31227 fps step and policy inference: 30575 fps total: 29158 epoch: 1555/5000
fps step: 31391 fps step and policy inference: 30804 fps total: 29382 epoch: 1556/5000
fps step: 31831 fps step and policy inference: 31289 fps total: 29885 epoch: 1557/5000
fps step: 32017 fps step and policy inference: 31449 fps total: 29988 epoch: 1558/5000
fps step: 32031 fps step and policy inference: 31450 fps total: 29992 epoch: 1559/5000
fps step: 32300 fps step and policy inference: 31702 fps total: 30258 epoch: 1560/5000
fps step: 32048 fps step and policy inference: 31478 fps total: 21021 epoch: 1561/5000
fps step: 31318 fps step and policy inference: 30731 fps total: 29300 epoch: 1562/5000
fps step: 31336 fps step and policy inference: 30749 fps total: 29351 epoch: 1563/5000
fps step: 31407 fps step and policy inference: 30865 fps total: 29457 epoch: 1564/5000
fps step: 31630 fps step and policy inference: 31069 fps total: 29647 epoch: 1565/5000
fps step: 31662 fps step and policy inference: 31046 fps total: 29625 epoch: 1566/5000
fps step: 32337 fps step and policy inference: 31783 fps total: 30313 epoch: 1567/5000
fps step: 31715 fps step and policy inference: 31173 fps total: 29774 epoch: 1568/5000
fps step: 21572 fps step and policy inference: 21280 fps total: 20557 epoch: 1569/5000
fps step: 31716 fps step and policy inference: 31110 fps total: 29703 epoch: 1570/5000
fps step: 31333 fps step and policy inference: 30732 fps total: 29347 epoch: 1571/5000
fps step: 32182 fps step and policy inference: 31599 fps total: 30077 epoch: 1572/5000
fps step: 31876 fps step and policy inference: 31279 fps total: 29779 epoch: 1573/5000
fps step: 31770 fps step and policy inference: 31186 fps total: 29732 epoch: 1574/5000
fps step: 32359 fps step and policy inference: 31789 fps total: 30243 epoch: 1575/5000
fps step: 21897 fps step and policy inference: 21639 fps total: 20914 epoch: 1576/5000
fps step: 32281 fps step and policy inference: 31710 fps total: 30155 epoch: 1577/5000
fps step: 32270 fps step and policy inference: 31697 fps total: 30264 epoch: 1578/5000
fps step: 32054 fps step and policy inference: 31511 fps total: 30109 epoch: 1579/5000
fps step: 32265 fps step and policy inference: 31680 fps total: 30189 epoch: 1580/5000
fps step: 32364 fps step and policy inference: 31755 fps total: 30207 epoch: 1581/5000
fps step: 31583 fps step and policy inference: 30961 fps total: 29534 epoch: 1582/5000
fps step: 31684 fps step and policy inference: 31132 fps total: 29699 epoch: 1583/5000
fps step: 21658 fps step and policy inference: 21384 fps total: 20697 epoch: 1584/5000
fps step: 31763 fps step and policy inference: 31150 fps total: 29693 epoch: 1585/5000
fps step: 32127 fps step and policy inference: 31564 fps total: 30143 epoch: 1586/5000
fps step: 32097 fps step and policy inference: 31602 fps total: 30207 epoch: 1587/5000
fps step: 32050 fps step and policy inference: 31476 fps total: 30071 epoch: 1588/5000
fps step: 31445 fps step and policy inference: 30910 fps total: 29547 epoch: 1589/5000
fps step: 31647 fps step and policy inference: 31069 fps total: 29716 epoch: 1590/5000
fps step: 21260 fps step and policy inference: 21022 fps total: 20410 epoch: 1591/5000
fps step: 31480 fps step and policy inference: 30929 fps total: 29570 epoch: 1592/5000
fps step: 32169 fps step and policy inference: 31605 fps total: 30182 epoch: 1593/5000
fps step: 31620 fps step and policy inference: 31040 fps total: 29677 epoch: 1594/5000
fps step: 32081 fps step and policy inference: 31533 fps total: 30116 epoch: 1595/5000
fps step: 32310 fps step and policy inference: 31768 fps total: 30335 epoch: 1596/5000
fps step: 32048 fps step and policy inference: 31460 fps total: 30010 epoch: 1597/5000
fps step: 21398 fps step and policy inference: 21153 fps total: 20485 epoch: 1598/5000
fps step: 31806 fps step and policy inference: 31240 fps total: 29851 epoch: 1599/5000
fps step: 30314 fps step and policy inference: 29779 fps total: 28269 epoch: 1600/5000
=> saving checkpoint 'runs/specialist_cuboid_train_4k_2026-07-08_16-09-19/nn/last_specialist_cuboid_train_4k_ep_1600_rew_-28.776194.pth'
fps step: 30725 fps step and policy inference: 30178 fps total: 28808 epoch: 1601/5000
fps step: 30944 fps step and policy inference: 30394 fps total: 29042 epoch: 1602/5000
fps step: 31280 fps step and policy inference: 30748 fps total: 29350 epoch: 1603/5000
fps step: 31020 fps step and policy inference: 30482 fps total: 29141 epoch: 1604/5000
fps step: 30962 fps step and policy inference: 30438 fps total: 28995 epoch: 1605/5000
fps step: 20744 fps step and policy inference: 20480 fps total: 19820 epoch: 1606/5000
fps step: 31097 fps step and policy inference: 30570 fps total: 29261 epoch: 1607/5000
fps step: 31744 fps step and policy inference: 31161 fps total: 29761 epoch: 1608/5000
fps step: 30760 fps step and policy inference: 30210 fps total: 28832 epoch: 1609/5000
fps step: 30981 fps step and policy inference: 30425 fps total: 29055 epoch: 1610/5000
fps step: 31468 fps step and policy inference: 30843 fps total: 29382 epoch: 1611/5000
fps step: 31815 fps step and policy inference: 31247 fps total: 29818 epoch: 1612/5000
fps step: 22462 fps step and policy inference: 22182 fps total: 21461 epoch: 1613/5000
fps step: 31679 fps step and policy inference: 31126 fps total: 29762 epoch: 1614/5000
fps step: 31671 fps step and policy inference: 31135 fps total: 29759 epoch: 1615/5000
fps step: 31702 fps step and policy inference: 31086 fps total: 29710 epoch: 1616/5000
fps step: 31807 fps step and policy inference: 31261 fps total: 29879 epoch: 1617/5000
fps step: 31238 fps step and policy inference: 30678 fps total: 29319 epoch: 1618/5000
fps step: 30948 fps step and policy inference: 30394 fps total: 28975 epoch: 1619/5000
fps step: 20250 fps step and policy inference: 19993 fps total: 19393 epoch: 1620/5000
fps step: 31189 fps step and policy inference: 30650 fps total: 29318 epoch: 1621/5000
fps step: 31401 fps step and policy inference: 30830 fps total: 29453 epoch: 1622/5000
fps step: 32582 fps step and policy inference: 32024 fps total: 30591 epoch: 1623/5000
fps step: 32910 fps step and policy inference: 32314 fps total: 30868 epoch: 1624/5000
fps step: 31627 fps step and policy inference: 31065 fps total: 29700 epoch: 1625/5000
fps step: 31584 fps step and policy inference: 31036 fps total: 29614 epoch: 1626/5000
fps step: 20515 fps step and policy inference: 20274 fps total: 19662 epoch: 1627/5000
fps step: 31129 fps step and policy inference: 30552 fps total: 29217 epoch: 1628/5000
fps step: 31643 fps step and policy inference: 31085 fps total: 29713 epoch: 1629/5000
fps step: 32089 fps step and policy inference: 31521 fps total: 30137 epoch: 1630/5000
fps step: 33421 fps step and policy inference: 32823 fps total: 31372 epoch: 1631/5000
fps step: 32622 fps step and policy inference: 32011 fps total: 30565 epoch: 1632/5000
fps step: 31152 fps step and policy inference: 30558 fps total: 29213 epoch: 1633/5000
fps step: 30478 fps step and policy inference: 29966 fps total: 28632 epoch: 1634/5000
fps step: 20441 fps step and policy inference: 20194 fps total: 19597 epoch: 1635/5000
fps step: 31828 fps step and policy inference: 31264 fps total: 29884 epoch: 1636/5000
fps step: 32130 fps step and policy inference: 31530 fps total: 30062 epoch: 1637/5000
fps step: 32707 fps step and policy inference: 32139 fps total: 30700 epoch: 1638/5000
fps step: 31591 fps step and policy inference: 30965 fps total: 29575 epoch: 1639/5000
fps step: 31490 fps step and policy inference: 30917 fps total: 29551 epoch: 1640/5000
fps step: 30601 fps step and policy inference: 30054 fps total: 28680 epoch: 1641/5000
fps step: 20079 fps step and policy inference: 19837 fps total: 19268 epoch: 1642/5000
fps step: 32332 fps step and policy inference: 31709 fps total: 30261 epoch: 1643/5000
fps step: 32397 fps step and policy inference: 31842 fps total: 30363 epoch: 1644/5000
fps step: 32359 fps step and policy inference: 31800 fps total: 30341 epoch: 1645/5000
fps step: 32812 fps step and policy inference: 32241 fps total: 30824 epoch: 1646/5000
fps step: 31006 fps step and policy inference: 30446 fps total: 29097 epoch: 1647/5000
fps step: 30936 fps step and policy inference: 30400 fps total: 28929 epoch: 1648/5000
fps step: 19672 fps step and policy inference: 19441 fps total: 18876 epoch: 1649/5000
fps step: 32117 fps step and policy inference: 31542 fps total: 30157 epoch: 1650/5000
fps step: 32971 fps step and policy inference: 32397 fps total: 30876 epoch: 1651/5000
fps step: 33165 fps step and policy inference: 32581 fps total: 31114 epoch: 1652/5000
fps step: 32631 fps step and policy inference: 32065 fps total: 30628 epoch: 1653/5000
fps step: 30998 fps step and policy inference: 30410 fps total: 29053 epoch: 1654/5000
fps step: 30714 fps step and policy inference: 30136 fps total: 28807 epoch: 1655/5000
fps step: 29253 fps step and policy inference: 28725 fps total: 27373 epoch: 1656/5000
fps step: 20465 fps step and policy inference: 20230 fps total: 19635 epoch: 1657/5000
fps step: 32102 fps step and policy inference: 31559 fps total: 30174 epoch: 1658/5000
fps step: 32410 fps step and policy inference: 31877 fps total: 30475 epoch: 1659/5000
fps step: 32472 fps step and policy inference: 31924 fps total: 30455 epoch: 1660/5000
fps step: 31536 fps step and policy inference: 30983 fps total: 29589 epoch: 1661/5000
fps step: 30848 fps step and policy inference: 30259 fps total: 28873 epoch: 1662/5000
fps step: 29449 fps step and policy inference: 28987 fps total: 27677 epoch: 1663/5000
fps step: 19888 fps step and policy inference: 19644 fps total: 19064 epoch: 1664/5000
fps step: 31392 fps step and policy inference: 30762 fps total: 29404 epoch: 1665/5000
fps step: 32399 fps step and policy inference: 31814 fps total: 30320 epoch: 1666/5000
fps step: 32452 fps step and policy inference: 31867 fps total: 30455 epoch: 1667/5000
fps step: 31972 fps step and policy inference: 31446 fps total: 30006 epoch: 1668/5000
fps step: 30419 fps step and policy inference: 29875 fps total: 28508 epoch: 1669/5000
fps step: 30743 fps step and policy inference: 30163 fps total: 28765 epoch: 1670/5000
fps step: 20146 fps step and policy inference: 19898 fps total: 19336 epoch: 1671/5000
fps step: 32471 fps step and policy inference: 31895 fps total: 30448 epoch: 1672/5000
fps step: 31899 fps step and policy inference: 31354 fps total: 29975 epoch: 1673/5000
fps step: 32283 fps step and policy inference: 31690 fps total: 30263 epoch: 1674/5000
fps step: 32218 fps step and policy inference: 31605 fps total: 30140 epoch: 1675/5000
fps step: 32103 fps step and policy inference: 31545 fps total: 30120 epoch: 1676/5000
fps step: 32162 fps step and policy inference: 31572 fps total: 30143 epoch: 1677/5000
fps step: 32385 fps step and policy inference: 31804 fps total: 30370 epoch: 1678/5000
fps step: 21842 fps step and policy inference: 21585 fps total: 20920 epoch: 1679/5000
fps step: 31773 fps step and policy inference: 31213 fps total: 29781 epoch: 1680/5000
fps step: 31893 fps step and policy inference: 31360 fps total: 29945 epoch: 1681/5000
fps step: 31614 fps step and policy inference: 31024 fps total: 29619 epoch: 1682/5000
fps step: 31723 fps step and policy inference: 31184 fps total: 29786 epoch: 1683/5000
fps step: 31765 fps step and policy inference: 31158 fps total: 29731 epoch: 1684/5000
fps step: 32092 fps step and policy inference: 31461 fps total: 30011 epoch: 1685/5000
fps step: 21273 fps step and policy inference: 21012 fps total: 20365 epoch: 1686/5000
fps step: 31968 fps step and policy inference: 31389 fps total: 29975 epoch: 1687/5000
fps step: 31680 fps step and policy inference: 31127 fps total: 29756 epoch: 1688/5000
fps step: 31832 fps step and policy inference: 31283 fps total: 29893 epoch: 1689/5000
fps step: 31459 fps step and policy inference: 30912 fps total: 29528 epoch: 1690/5000
fps step: 31503 fps step and policy inference: 30940 fps total: 29565 epoch: 1691/5000
fps step: 31219 fps step and policy inference: 30642 fps total: 29284 epoch: 1692/5000
fps step: 20993 fps step and policy inference: 20737 fps total: 20089 epoch: 1693/5000
fps step: 31622 fps step and policy inference: 31098 fps total: 29698 epoch: 1694/5000
fps step: 32580 fps step and policy inference: 32011 fps total: 30559 epoch: 1695/5000
fps step: 32322 fps step and policy inference: 31705 fps total: 30265 epoch: 1696/5000
fps step: 32566 fps step and policy inference: 31961 fps total: 30521 epoch: 1697/5000
fps step: 32320 fps step and policy inference: 31748 fps total: 30311 epoch: 1698/5000
fps step: 31601 fps step and policy inference: 31026 fps total: 29659 epoch: 1699/5000
fps step: 31677 fps step and policy inference: 31107 fps total: 29713 epoch: 1700/5000
fps step: 20821 fps step and policy inference: 20573 fps total: 19935 epoch: 1701/5000
fps step: 31172 fps step and policy inference: 30590 fps total: 29201 epoch: 1702/5000
fps step: 32347 fps step and policy inference: 31802 fps total: 30396 epoch: 1703/5000
fps step: 32248 fps step and policy inference: 31670 fps total: 30263 epoch: 1704/5000
fps step: 31498 fps step and policy inference: 30902 fps total: 29491 epoch: 1705/5000
fps step: 31802 fps step and policy inference: 31231 fps total: 29787 epoch: 1706/5000
fps step: 31444 fps step and policy inference: 30935 fps total: 29460 epoch: 1707/5000
fps step: 20329 fps step and policy inference: 20082 fps total: 19480 epoch: 1708/5000
fps step: 30728 fps step and policy inference: 30148 fps total: 28809 epoch: 1709/5000
fps step: 31817 fps step and policy inference: 31283 fps total: 29921 epoch: 1710/5000
fps step: 31649 fps step and policy inference: 31069 fps total: 29667 epoch: 1711/5000
fps step: 33092 fps step and policy inference: 32451 fps total: 31014 epoch: 1712/5000
fps step: 33003 fps step and policy inference: 32437 fps total: 30950 epoch: 1713/5000
fps step: 31664 fps step and policy inference: 31059 fps total: 29636 epoch: 1714/5000
fps step: 31535 fps step and policy inference: 30999 fps total: 29519 epoch: 1715/5000
fps step: 20361 fps step and policy inference: 20117 fps total: 19505 epoch: 1716/5000
fps step: 31797 fps step and policy inference: 31244 fps total: 29822 epoch: 1717/5000
fps step: 32087 fps step and policy inference: 31543 fps total: 30137 epoch: 1718/5000
fps step: 32285 fps step and policy inference: 31671 fps total: 30236 epoch: 1719/5000
fps step: 32519 fps step and policy inference: 31931 fps total: 30483 epoch: 1720/5000
fps step: 31399 fps step and policy inference: 30830 fps total: 29452 epoch: 1721/5000
fps step: 31149 fps step and policy inference: 30578 fps total: 29241 epoch: 1722/5000
fps step: 20484 fps step and policy inference: 20250 fps total: 19642 epoch: 1723/5000
fps step: 31228 fps step and policy inference: 30661 fps total: 29366 epoch: 1724/5000
fps step: 32079 fps step and policy inference: 31533 fps total: 30139 epoch: 1725/5000
fps step: 31599 fps step and policy inference: 31013 fps total: 29635 epoch: 1726/5000
fps step: 31036 fps step and policy inference: 30470 fps total: 29114 epoch: 1727/5000
fps step: 30630 fps step and policy inference: 30103 fps total: 28795 epoch: 1728/5000
fps step: 30322 fps step and policy inference: 29683 fps total: 28371 epoch: 1729/5000
fps step: 20057 fps step and policy inference: 19755 fps total: 19147 epoch: 1730/5000
fps step: 30148 fps step and policy inference: 29598 fps total: 28309 epoch: 1731/5000
fps step: 32254 fps step and policy inference: 31652 fps total: 30256 epoch: 1732/5000
fps step: 32703 fps step and policy inference: 32076 fps total: 30552 epoch: 1733/5000
fps step: 31933 fps step and policy inference: 31354 fps total: 29960 epoch: 1734/5000
fps step: 31945 fps step and policy inference: 31438 fps total: 30059 epoch: 1735/5000
fps step: 31770 fps step and policy inference: 31187 fps total: 29773 epoch: 1736/5000
fps step: 20710 fps step and policy inference: 20480 fps total: 19856 epoch: 1737/5000
fps step: 31684 fps step and policy inference: 31106 fps total: 29713 epoch: 1738/5000
fps step: 32334 fps step and policy inference: 31777 fps total: 30322 epoch: 1739/5000
fps step: 32223 fps step and policy inference: 31671 fps total: 30267 epoch: 1740/5000
fps step: 32059 fps step and policy inference: 31452 fps total: 29969 epoch: 1741/5000
fps step: 31795 fps step and policy inference: 31243 fps total: 29824 epoch: 1742/5000
fps step: 31486 fps step and policy inference: 30879 fps total: 29524 epoch: 1743/5000
fps step: 31936 fps step and policy inference: 31366 fps total: 29916 epoch: 1744/5000
fps step: 20598 fps step and policy inference: 20383 fps total: 19781 epoch: 1745/5000
fps step: 31613 fps step and policy inference: 31056 fps total: 29639 epoch: 1746/5000
fps step: 31712 fps step and policy inference: 31157 fps total: 29757 epoch: 1747/5000
fps step: 31801 fps step and policy inference: 31252 fps total: 29843 epoch: 1748/5000
fps step: 31799 fps step and policy inference: 31162 fps total: 29755 epoch: 1749/5000
fps step: 31502 fps step and policy inference: 30864 fps total: 29465 epoch: 1750/5000
fps step: 31937 fps step and policy inference: 31304 fps total: 29908 epoch: 1751/5000
fps step: 21662 fps step and policy inference: 21371 fps total: 20705 epoch: 1752/5000
fps step: 32094 fps step and policy inference: 31494 fps total: 30107 epoch: 1753/5000
fps step: 32099 fps step and policy inference: 31533 fps total: 30113 epoch: 1754/5000
fps step: 31563 fps step and policy inference: 31019 fps total: 29689 epoch: 1755/5000
fps step: 31564 fps step and policy inference: 30983 fps total: 29606 epoch: 1756/5000
fps step: 31836 fps step and policy inference: 31327 fps total: 29916 epoch: 1757/5000
fps step: 31358 fps step and policy inference: 30791 fps total: 29414 epoch: 1758/5000
fps step: 21075 fps step and policy inference: 20828 fps total: 20194 epoch: 1759/5000
fps step: 32030 fps step and policy inference: 31483 fps total: 30014 epoch: 1760/5000
fps step: 31847 fps step and policy inference: 31264 fps total: 29881 epoch: 1761/5000
fps step: 32294 fps step and policy inference: 31725 fps total: 30277 epoch: 1762/5000
fps step: 32358 fps step and policy inference: 31784 fps total: 30381 epoch: 1763/5000
fps step: 32142 fps step and policy inference: 31543 fps total: 30113 epoch: 1764/5000
fps step: 32270 fps step and policy inference: 31717 fps total: 30304 epoch: 1765/5000
fps step: 32200 fps step and policy inference: 31659 fps total: 30232 epoch: 1766/5000
fps step: 21133 fps step and policy inference: 20879 fps total: 20237 epoch: 1767/5000
fps step: 31580 fps step and policy inference: 31023 fps total: 29609 epoch: 1768/5000
fps step: 31764 fps step and policy inference: 31275 fps total: 29925 epoch: 1769/5000
fps step: 31356 fps step and policy inference: 30811 fps total: 29446 epoch: 1770/5000
fps step: 31597 fps step and policy inference: 31082 fps total: 29686 epoch: 1771/5000
fps step: 31438 fps step and policy inference: 30903 fps total: 29507 epoch: 1772/5000
fps step: 31247 fps step and policy inference: 30724 fps total: 29337 epoch: 1773/5000
fps step: 20775 fps step and policy inference: 20522 fps total: 19919 epoch: 1774/5000
fps step: 31471 fps step and policy inference: 30941 fps total: 29611 epoch: 1775/5000
fps step: 31470 fps step and policy inference: 30924 fps total: 29586 epoch: 1776/5000
fps step: 31553 fps step and policy inference: 31026 fps total: 29699 epoch: 1777/5000
fps step: 31597 fps step and policy inference: 31056 fps total: 29720 epoch: 1778/5000
fps step: 32124 fps step and policy inference: 31574 fps total: 30155 epoch: 1779/5000
fps step: 32159 fps step and policy inference: 31592 fps total: 30179 epoch: 1780/5000
fps step: 32283 fps step and policy inference: 31737 fps total: 20485 epoch: 1781/5000
fps step: 32042 fps step and policy inference: 31460 fps total: 30073 epoch: 1782/5000
fps step: 32354 fps step and policy inference: 31769 fps total: 30273 epoch: 1783/5000
fps step: 32118 fps step and policy inference: 31573 fps total: 30205 epoch: 1784/5000
fps step: 31718 fps step and policy inference: 31190 fps total: 29778 epoch: 1785/5000
fps step: 31642 fps step and policy inference: 31096 fps total: 29674 epoch: 1786/5000
fps step: 31673 fps step and policy inference: 31132 fps total: 29747 epoch: 1787/5000
fps step: 31774 fps step and policy inference: 31228 fps total: 29830 epoch: 1788/5000
fps step: 20507 fps step and policy inference: 20250 fps total: 19624 epoch: 1789/5000
fps step: 31989 fps step and policy inference: 31424 fps total: 29999 epoch: 1790/5000
fps step: 31700 fps step and policy inference: 31182 fps total: 29776 epoch: 1791/5000
fps step: 31462 fps step and policy inference: 30934 fps total: 29545 epoch: 1792/5000
fps step: 31918 fps step and policy inference: 31373 fps total: 30005 epoch: 1793/5000
fps step: 31652 fps step and policy inference: 31083 fps total: 29709 epoch: 1794/5000
fps step: 31662 fps step and policy inference: 31117 fps total: 29717 epoch: 1795/5000
fps step: 20920 fps step and policy inference: 20663 fps total: 20034 epoch: 1796/5000
fps step: 31817 fps step and policy inference: 31288 fps total: 29940 epoch: 1797/5000
fps step: 31599 fps step and policy inference: 31051 fps total: 29637 epoch: 1798/5000
fps step: 31633 fps step and policy inference: 31086 fps total: 29733 epoch: 1799/5000
fps step: 31617 fps step and policy inference: 31068 fps total: 29677 epoch: 1800/5000
=> saving checkpoint 'runs/specialist_cuboid_train_4k_2026-07-08_16-09-19/nn/last_specialist_cuboid_train_4k_ep_1800_rew_-21.817532.pth'
fps step: 31633 fps step and policy inference: 31097 fps total: 29746 epoch: 1801/5000
fps step: 32015 fps step and policy inference: 31496 fps total: 30043 epoch: 1802/5000
fps step: 31531 fps step and policy inference: 30938 fps total: 29586 epoch: 1803/5000
fps step: 20974 fps step and policy inference: 20741 fps total: 20115 epoch: 1804/5000
fps step: 31685 fps step and policy inference: 31122 fps total: 29704 epoch: 1805/5000
fps step: 31885 fps step and policy inference: 31307 fps total: 29887 epoch: 1806/5000
fps step: 31976 fps step and policy inference: 31364 fps total: 29960 epoch: 1807/5000
fps step: 32348 fps step and policy inference: 31793 fps total: 30285 epoch: 1808/5000
fps step: 32474 fps step and policy inference: 31936 fps total: 30426 epoch: 1809/5000
fps step: 31992 fps step and policy inference: 31408 fps total: 29933 epoch: 1810/5000
fps step: 20991 fps step and policy inference: 20724 fps total: 20072 epoch: 1811/5000
fps step: 31268 fps step and policy inference: 30635 fps total: 29328 epoch: 1812/5000
fps step: 31951 fps step and policy inference: 31371 fps total: 29927 epoch: 1813/5000
fps step: 32266 fps step and policy inference: 31685 fps total: 30244 epoch: 1814/5000
fps step: 31977 fps step and policy inference: 31429 fps total: 30038 epoch: 1815/5000
fps step: 31942 fps step and policy inference: 31398 fps total: 30003 epoch: 1816/5000
fps step: 31890 fps step and policy inference: 31307 fps total: 29916 epoch: 1817/5000
fps step: 21239 fps step and policy inference: 21004 fps total: 20389 epoch: 1818/5000
fps step: 31369 fps step and policy inference: 30795 fps total: 29440 epoch: 1819/5000
fps step: 31527 fps step and policy inference: 30970 fps total: 29651 epoch: 1820/5000
fps step: 31461 fps step and policy inference: 30888 fps total: 29369 epoch: 1821/5000
fps step: 32095 fps step and policy inference: 31508 fps total: 30046 epoch: 1822/5000
fps step: 31741 fps step and policy inference: 31152 fps total: 29702 epoch: 1823/5000
fps step: 32145 fps step and policy inference: 31613 fps total: 30102 epoch: 1824/5000
fps step: 31701 fps step and policy inference: 31138 fps total: 29670 epoch: 1825/5000
fps step: 32285 fps step and policy inference: 21297 fps total: 20625 epoch: 1826/5000
fps step: 32143 fps step and policy inference: 31539 fps total: 30085 epoch: 1827/5000
fps step: 32660 fps step and policy inference: 32123 fps total: 30628 epoch: 1828/5000
fps step: 32386 fps step and policy inference: 31820 fps total: 30406 epoch: 1829/5000
fps step: 32582 fps step and policy inference: 32050 fps total: 30583 epoch: 1830/5000
fps step: 32170 fps step and policy inference: 31611 fps total: 30189 epoch: 1831/5000
fps step: 31911 fps step and policy inference: 31312 fps total: 29878 epoch: 1832/5000
fps step: 20795 fps step and policy inference: 20566 fps total: 19934 epoch: 1833/5000
fps step: 31657 fps step and policy inference: 31077 fps total: 29669 epoch: 1834/5000
fps step: 31863 fps step and policy inference: 31305 fps total: 29945 epoch: 1835/5000
fps step: 32907 fps step and policy inference: 32271 fps total: 30774 epoch: 1836/5000
fps step: 31926 fps step and policy inference: 31309 fps total: 29873 epoch: 1837/5000
fps step: 31781 fps step and policy inference: 31181 fps total: 29772 epoch: 1838/5000
fps step: 31594 fps step and policy inference: 31050 fps total: 29668 epoch: 1839/5000
fps step: 31950 fps step and policy inference: 31397 fps total: 29935 epoch: 1840/5000
fps step: 20602 fps step and policy inference: 20368 fps total: 19766 epoch: 1841/5000
fps step: 31651 fps step and policy inference: 31104 fps total: 29704 epoch: 1842/5000
fps step: 32784 fps step and policy inference: 32231 fps total: 30749 epoch: 1843/5000
fps step: 32690 fps step and policy inference: 32100 fps total: 30604 epoch: 1844/5000
fps step: 31703 fps step and policy inference: 31158 fps total: 29751 epoch: 1845/5000
fps step: 32009 fps step and policy inference: 31451 fps total: 29998 epoch: 1846/5000
fps step: 31675 fps step and policy inference: 31059 fps total: 29630 epoch: 1847/5000
fps step: 20488 fps step and policy inference: 20237 fps total: 19625 epoch: 1848/5000
fps step: 30947 fps step and policy inference: 30402 fps total: 29041 epoch: 1849/5000
fps step: 31850 fps step and policy inference: 31300 fps total: 29910 epoch: 1850/5000
fps step: 32889 fps step and policy inference: 32324 fps total: 30867 epoch: 1851/5000
fps step: 31225 fps step and policy inference: 30666 fps total: 29297 epoch: 1852/5000
fps step: 31613 fps step and policy inference: 31099 fps total: 29690 epoch: 1853/5000
fps step: 31880 fps step and policy inference: 31335 fps total: 29873 epoch: 1854/5000
fps step: 20719 fps step and policy inference: 20483 fps total: 19869 epoch: 1855/5000
fps step: 31041 fps step and policy inference: 30487 fps total: 29097 epoch: 1856/5000
fps step: 31224 fps step and policy inference: 30676 fps total: 29380 epoch: 1857/5000
fps step: 32805 fps step and policy inference: 32243 fps total: 30801 epoch: 1858/5000
fps step: 32387 fps step and policy inference: 31863 fps total: 30381 epoch: 1859/5000
fps step: 31563 fps step and policy inference: 31018 fps total: 29647 epoch: 1860/5000
fps step: 31208 fps step and policy inference: 30682 fps total: 29347 epoch: 1861/5000
fps step: 31057 fps step and policy inference: 30530 fps total: 29155 epoch: 1862/5000
fps step: 19672 fps step and policy inference: 19435 fps total: 18872 epoch: 1863/5000
fps step: 31148 fps step and policy inference: 30571 fps total: 29203 epoch: 1864/5000
fps step: 33155 fps step and policy inference: 32592 fps total: 31118 epoch: 1865/5000
fps step: 32770 fps step and policy inference: 32209 fps total: 30688 epoch: 1866/5000
fps step: 32085 fps step and policy inference: 31536 fps total: 30089 epoch: 1867/5000
fps step: 32081 fps step and policy inference: 31510 fps total: 30044 epoch: 1868/5000
fps step: 31974 fps step and policy inference: 31355 fps total: 29910 epoch: 1869/5000
fps step: 20533 fps step and policy inference: 20303 fps total: 19668 epoch: 1870/5000
fps step: 31539 fps step and policy inference: 30945 fps total: 29538 epoch: 1871/5000
fps step: 32585 fps step and policy inference: 32001 fps total: 30528 epoch: 1872/5000
fps step: 32965 fps step and policy inference: 32394 fps total: 30829 epoch: 1873/5000
fps step: 31841 fps step and policy inference: 31273 fps total: 29817 epoch: 1874/5000
fps step: 31942 fps step and policy inference: 31380 fps total: 29951 epoch: 1875/5000
fps step: 31540 fps step and policy inference: 30994 fps total: 29657 epoch: 1876/5000
fps step: 31622 fps step and policy inference: 31076 fps total: 29652 epoch: 1877/5000
fps step: 20365 fps step and policy inference: 20129 fps total: 19530 epoch: 1878/5000
fps step: 31549 fps step and policy inference: 31011 fps total: 29635 epoch: 1879/5000
fps step: 31806 fps step and policy inference: 31260 fps total: 29865 epoch: 1880/5000
fps step: 32678 fps step and policy inference: 32112 fps total: 30639 epoch: 1881/5000
fps step: 32969 fps step and policy inference: 32375 fps total: 30913 epoch: 1882/5000
fps step: 31616 fps step and policy inference: 31037 fps total: 29673 epoch: 1883/5000
fps step: 31803 fps step and policy inference: 31226 fps total: 29793 epoch: 1884/5000
fps step: 20286 fps step and policy inference: 20058 fps total: 19463 epoch: 1885/5000
fps step: 31693 fps step and policy inference: 31115 fps total: 29748 epoch: 1886/5000
fps step: 32735 fps step and policy inference: 32140 fps total: 30682 epoch: 1887/5000
fps step: 32781 fps step and policy inference: 32194 fps total: 30742 epoch: 1888/5000
fps step: 33048 fps step and policy inference: 32430 fps total: 30937 epoch: 1889/5000
fps step: 32633 fps step and policy inference: 32036 fps total: 30568 epoch: 1890/5000
fps step: 31648 fps step and policy inference: 31084 fps total: 29684 epoch: 1891/5000
fps step: 19931 fps step and policy inference: 19686 fps total: 19085 epoch: 1892/5000
fps step: 30893 fps step and policy inference: 30289 fps total: 28967 epoch: 1893/5000
fps step: 32691 fps step and policy inference: 32061 fps total: 30609 epoch: 1894/5000
fps step: 32969 fps step and policy inference: 32396 fps total: 30945 epoch: 1895/5000
fps step: 32301 fps step and policy inference: 31735 fps total: 30286 epoch: 1896/5000
fps step: 32327 fps step and policy inference: 31748 fps total: 30328 epoch: 1897/5000
fps step: 31390 fps step and policy inference: 30874 fps total: 29457 epoch: 1898/5000
fps step: 30764 fps step and policy inference: 30247 fps total: 28827 epoch: 1899/5000
fps step: 19766 fps step and policy inference: 19547 fps total: 18976 epoch: 1900/5000
fps step: 32265 fps step and policy inference: 31711 fps total: 30370 epoch: 1901/5000
fps step: 33334 fps step and policy inference: 32733 fps total: 31256 epoch: 1902/5000
fps step: 33696 fps step and policy inference: 33132 fps total: 31624 epoch: 1903/5000
fps step: 33172 fps step and policy inference: 32548 fps total: 31048 epoch: 1904/5000
fps step: 32178 fps step and policy inference: 31641 fps total: 30185 epoch: 1905/5000
fps step: 31584 fps step and policy inference: 30998 fps total: 29540 epoch: 1906/5000
fps step: 19572 fps step and policy inference: 19362 fps total: 18801 epoch: 1907/5000
fps step: 31971 fps step and policy inference: 31434 fps total: 30082 epoch: 1908/5000
fps step: 33036 fps step and policy inference: 32442 fps total: 30995 epoch: 1909/5000
fps step: 32921 fps step and policy inference: 32348 fps total: 30838 epoch: 1910/5000
fps step: 32852 fps step and policy inference: 32236 fps total: 30828 epoch: 1911/5000
fps step: 32106 fps step and policy inference: 31485 fps total: 30049 epoch: 1912/5000
fps step: 31656 fps step and policy inference: 31146 fps total: 29717 epoch: 1913/5000
fps step: 31332 fps step and policy inference: 30782 fps total: 29402 epoch: 1914/5000
fps step: 19132 fps step and policy inference: 18920 fps total: 18374 epoch: 1915/5000
fps step: 31258 fps step and policy inference: 30692 fps total: 29307 epoch: 1916/5000
fps step: 31357 fps step and policy inference: 30785 fps total: 29407 epoch: 1917/5000
fps step: 31643 fps step and policy inference: 31099 fps total: 29743 epoch: 1918/5000
fps step: 31771 fps step and policy inference: 31235 fps total: 29834 epoch: 1919/5000
fps step: 31704 fps step and policy inference: 31178 fps total: 29810 epoch: 1920/5000
fps step: 31846 fps step and policy inference: 31302 fps total: 29853 epoch: 1921/5000
fps step: 21064 fps step and policy inference: 20819 fps total: 20203 epoch: 1922/5000
fps step: 32237 fps step and policy inference: 31685 fps total: 30215 epoch: 1923/5000
fps step: 32025 fps step and policy inference: 31467 fps total: 30094 epoch: 1924/5000
fps step: 32378 fps step and policy inference: 31807 fps total: 30399 epoch: 1925/5000
fps step: 32042 fps step and policy inference: 31443 fps total: 30027 epoch: 1926/5000
fps step: 32287 fps step and policy inference: 31663 fps total: 30247 epoch: 1927/5000
fps step: 32351 fps step and policy inference: 31780 fps total: 30332 epoch: 1928/5000
fps step: 31728 fps step and policy inference: 31102 fps total: 19564 epoch: 1929/5000
fps step: 31806 fps step and policy inference: 31207 fps total: 29776 epoch: 1930/5000
fps step: 31505 fps step and policy inference: 30946 fps total: 29554 epoch: 1931/5000
fps step: 31641 fps step and policy inference: 31119 fps total: 29740 epoch: 1932/5000
fps step: 31377 fps step and policy inference: 30826 fps total: 29440 epoch: 1933/5000
fps step: 31555 fps step and policy inference: 31012 fps total: 29588 epoch: 1934/5000
fps step: 31821 fps step and policy inference: 31221 fps total: 29781 epoch: 1935/5000
fps step: 31453 fps step and policy inference: 30883 fps total: 29487 epoch: 1936/5000
fps step: 20771 fps step and policy inference: 20547 fps total: 19934 epoch: 1937/5000
fps step: 31866 fps step and policy inference: 31330 fps total: 29925 epoch: 1938/5000
fps step: 31856 fps step and policy inference: 31290 fps total: 29929 epoch: 1939/5000
fps step: 32137 fps step and policy inference: 31594 fps total: 30125 epoch: 1940/5000
fps step: 31982 fps step and policy inference: 31394 fps total: 30003 epoch: 1941/5000
fps step: 32440 fps step and policy inference: 31916 fps total: 30474 epoch: 1942/5000
fps step: 32284 fps step and policy inference: 31676 fps total: 30238 epoch: 1943/5000
fps step: 20954 fps step and policy inference: 20714 fps total: 20085 epoch: 1944/5000
fps step: 32308 fps step and policy inference: 31745 fps total: 30319 epoch: 1945/5000
fps step: 32304 fps step and policy inference: 31729 fps total: 30212 epoch: 1946/5000
fps step: 32284 fps step and policy inference: 31671 fps total: 30224 epoch: 1947/5000
fps step: 31890 fps step and policy inference: 31260 fps total: 29883 epoch: 1948/5000
fps step: 32306 fps step and policy inference: 31742 fps total: 30279 epoch: 1949/5000
fps step: 32240 fps step and policy inference: 31690 fps total: 30236 epoch: 1950/5000
fps step: 32562 fps step and policy inference: 31983 fps total: 30500 epoch: 1951/5000
fps step: 20605 fps step and policy inference: 20365 fps total: 19757 epoch: 1952/5000
fps step: 31867 fps step and policy inference: 31326 fps total: 29965 epoch: 1953/5000
fps step: 32377 fps step and policy inference: 31832 fps total: 30400 epoch: 1954/5000
fps step: 32224 fps step and policy inference: 31632 fps total: 30174 epoch: 1955/5000
fps step: 32035 fps step and policy inference: 31454 fps total: 30035 epoch: 1956/5000
fps step: 32022 fps step and policy inference: 31474 fps total: 30072 epoch: 1957/5000
fps step: 32345 fps step and policy inference: 31780 fps total: 30294 epoch: 1958/5000
fps step: 20678 fps step and policy inference: 20439 fps total: 19831 epoch: 1959/5000
fps step: 31714 fps step and policy inference: 31123 fps total: 29775 epoch: 1960/5000
fps step: 32523 fps step and policy inference: 31970 fps total: 30493 epoch: 1961/5000
fps step: 32310 fps step and policy inference: 31782 fps total: 30358 epoch: 1962/5000
fps step: 31965 fps step and policy inference: 31399 fps total: 29956 epoch: 1963/5000
fps step: 32011 fps step and policy inference: 31475 fps total: 30070 epoch: 1964/5000
fps step: 31989 fps step and policy inference: 31407 fps total: 29988 epoch: 1965/5000
fps step: 31767 fps step and policy inference: 31099 fps total: 29690 epoch: 1966/5000
fps step: 20463 fps step and policy inference: 20229 fps total: 19626 epoch: 1967/5000
fps step: 31597 fps step and policy inference: 31046 fps total: 29583 epoch: 1968/5000
fps step: 32068 fps step and policy inference: 31469 fps total: 29970 epoch: 1969/5000
fps step: 31800 fps step and policy inference: 31239 fps total: 29771 epoch: 1970/5000
fps step: 31323 fps step and policy inference: 30720 fps total: 29341 epoch: 1971/5000
fps step: 31928 fps step and policy inference: 31361 fps total: 29878 epoch: 1972/5000
fps step: 31679 fps step and policy inference: 31110 fps total: 29632 epoch: 1973/5000
fps step: 20732 fps step and policy inference: 20476 fps total: 19824 epoch: 1974/5000
fps step: 31914 fps step and policy inference: 31347 fps total: 29806 epoch: 1975/5000
fps step: 31722 fps step and policy inference: 31119 fps total: 29682 epoch: 1976/5000
fps step: 32620 fps step and policy inference: 32055 fps total: 30540 epoch: 1977/5000
fps step: 32316 fps step and policy inference: 31765 fps total: 30283 epoch: 1978/5000
fps step: 32669 fps step and policy inference: 32119 fps total: 30655 epoch: 1979/5000
fps step: 32504 fps step and policy inference: 31925 fps total: 30445 epoch: 1980/5000
fps step: 20950 fps step and policy inference: 20728 fps total: 20103 epoch: 1981/5000
fps step: 32591 fps step and policy inference: 32021 fps total: 30492 epoch: 1982/5000
fps step: 32069 fps step and policy inference: 31420 fps total: 29959 epoch: 1983/5000
fps step: 32347 fps step and policy inference: 31778 fps total: 30321 epoch: 1984/5000
fps step: 32330 fps step and policy inference: 31729 fps total: 30268 epoch: 1985/5000
fps step: 32164 fps step and policy inference: 31595 fps total: 30141 epoch: 1986/5000
fps step: 31818 fps step and policy inference: 31265 fps total: 29876 epoch: 1987/5000
fps step: 32003 fps step and policy inference: 31487 fps total: 30044 epoch: 1988/5000
fps step: 20517 fps step and policy inference: 20296 fps total: 19694 epoch: 1989/5000
fps step: 31676 fps step and policy inference: 31148 fps total: 29768 epoch: 1990/5000
fps step: 31532 fps step and policy inference: 30949 fps total: 29565 epoch: 1991/5000
fps step: 31575 fps step and policy inference: 31032 fps total: 29653 epoch: 1992/5000
fps step: 31749 fps step and policy inference: 31167 fps total: 29764 epoch: 1993/5000
fps step: 32021 fps step and policy inference: 31450 fps total: 30012 epoch: 1994/5000
fps step: 31959 fps step and policy inference: 31379 fps total: 29911 epoch: 1995/5000
fps step: 20704 fps step and policy inference: 20457 fps total: 19842 epoch: 1996/5000
fps step: 31937 fps step and policy inference: 31317 fps total: 29912 epoch: 1997/5000
fps step: 32041 fps step and policy inference: 31444 fps total: 30013 epoch: 1998/5000
fps step: 32241 fps step and policy inference: 31696 fps total: 30228 epoch: 1999/5000
fps step: 32184 fps step and policy inference: 31610 fps total: 30153 epoch: 2000/5000
=> saving checkpoint 'runs/specialist_cuboid_train_4k_2026-07-08_16-09-19/nn/last_specialist_cuboid_train_4k_ep_2000_rew_-14.206164.pth'
fps step: 31492 fps step and policy inference: 30923 fps total: 29525 epoch: 2001/5000
fps step: 31519 fps step and policy inference: 30908 fps total: 29506 epoch: 2002/5000
fps step: 31868 fps step and policy inference: 31335 fps total: 29943 epoch: 2003/5000
fps step: 20610 fps step and policy inference: 20370 fps total: 19748 epoch: 2004/5000
fps step: 31521 fps step and policy inference: 30980 fps total: 29618 epoch: 2005/5000
fps step: 32606 fps step and policy inference: 32047 fps total: 30563 epoch: 2006/5000
fps step: 32200 fps step and policy inference: 31621 fps total: 30237 epoch: 2007/5000
fps step: 32352 fps step and policy inference: 31725 fps total: 30268 epoch: 2008/5000
fps step: 32276 fps step and policy inference: 31688 fps total: 30224 epoch: 2009/5000
fps step: 32127 fps step and policy inference: 31574 fps total: 30084 epoch: 2010/5000
fps step: 20213 fps step and policy inference: 19985 fps total: 19377 epoch: 2011/5000
fps step: 31769 fps step and policy inference: 31202 fps total: 29784 epoch: 2012/5000
fps step: 32345 fps step and policy inference: 31773 fps total: 30348 epoch: 2013/5000
fps step: 32765 fps step and policy inference: 32202 fps total: 30712 epoch: 2014/5000
fps step: 32026 fps step and policy inference: 31448 fps total: 30018 epoch: 2015/5000
fps step: 32397 fps step and policy inference: 31799 fps total: 30322 epoch: 2016/5000
fps step: 31691 fps step and policy inference: 31136 fps total: 29738 epoch: 2017/5000
fps step: 20113 fps step and policy inference: 19891 fps total: 19307 epoch: 2018/5000
fps step: 32002 fps step and policy inference: 31469 fps total: 29997 epoch: 2019/5000
fps step: 32224 fps step and policy inference: 31633 fps total: 30236 epoch: 2020/5000
fps step: 32724 fps step and policy inference: 32154 fps total: 30727 epoch: 2021/5000
fps step: 32545 fps step and policy inference: 31947 fps total: 30487 epoch: 2022/5000
fps step: 32056 fps step and policy inference: 31489 fps total: 30047 epoch: 2023/5000
fps step: 31617 fps step and policy inference: 31067 fps total: 29641 epoch: 2024/5000
fps step: 31722 fps step and policy inference: 31167 fps total: 29710 epoch: 2025/5000
fps step: 20117 fps step and policy inference: 19905 fps total: 19309 epoch: 2026/5000
fps step: 31335 fps step and policy inference: 30787 fps total: 29489 epoch: 2027/5000
fps step: 32855 fps step and policy inference: 32260 fps total: 30806 epoch: 2028/5000
fps step: 33527 fps step and policy inference: 32955 fps total: 31483 epoch: 2029/5000
fps step: 33530 fps step and policy inference: 32937 fps total: 31473 epoch: 2030/5000
fps step: 33138 fps step and policy inference: 32562 fps total: 30984 epoch: 2031/5000
fps step: 32070 fps step and policy inference: 31516 fps total: 30122 epoch: 2032/5000
fps step: 19463 fps step and policy inference: 19256 fps total: 18693 epoch: 2033/5000
fps step: 30189 fps step and policy inference: 29657 fps total: 28343 epoch: 2034/5000
fps step: 32434 fps step and policy inference: 31860 fps total: 30440 epoch: 2035/5000
fps step: 32757 fps step and policy inference: 32161 fps total: 30734 epoch: 2036/5000
fps step: 33188 fps step and policy inference: 32663 fps total: 31163 epoch: 2037/5000
fps step: 33000 fps step and policy inference: 32410 fps total: 30944 epoch: 2038/5000
fps step: 31334 fps step and policy inference: 30747 fps total: 29382 epoch: 2039/5000
fps step: 31242 fps step and policy inference: 30681 fps total: 29266 epoch: 2040/5000
fps step: 19659 fps step and policy inference: 19442 fps total: 18888 epoch: 2041/5000
fps step: 31824 fps step and policy inference: 31227 fps total: 29850 epoch: 2042/5000
fps step: 32634 fps step and policy inference: 32089 fps total: 30609 epoch: 2043/5000
fps step: 33042 fps step and policy inference: 32508 fps total: 31048 epoch: 2044/5000
fps step: 33241 fps step and policy inference: 32651 fps total: 31174 epoch: 2045/5000
fps step: 32113 fps step and policy inference: 31601 fps total: 30055 epoch: 2046/5000
fps step: 31639 fps step and policy inference: 31118 fps total: 29639 epoch: 2047/5000
fps step: 19549 fps step and policy inference: 19316 fps total: 18705 epoch: 2048/5000
fps step: 31135 fps step and policy inference: 30628 fps total: 29211 epoch: 2049/5000
fps step: 32966 fps step and policy inference: 32424 fps total: 30876 epoch: 2050/5000
fps step: 32684 fps step and policy inference: 32129 fps total: 30599 epoch: 2051/5000
fps step: 32389 fps step and policy inference: 31783 fps total: 30252 epoch: 2052/5000
fps step: 32108 fps step and policy inference: 31570 fps total: 30120 epoch: 2053/5000
fps step: 31923 fps step and policy inference: 31318 fps total: 29868 epoch: 2054/5000
fps step: 31561 fps step and policy inference: 30956 fps total: 29556 epoch: 2055/5000
fps step: 19170 fps step and policy inference: 18957 fps total: 18407 epoch: 2056/5000
fps step: 31332 fps step and policy inference: 30771 fps total: 29479 epoch: 2057/5000
fps step: 31902 fps step and policy inference: 31384 fps total: 30035 epoch: 2058/5000
fps step: 31779 fps step and policy inference: 31215 fps total: 29864 epoch: 2059/5000
fps step: 31967 fps step and policy inference: 31433 fps total: 30072 epoch: 2060/5000
fps step: 31765 fps step and policy inference: 31207 fps total: 29847 epoch: 2061/5000
fps step: 31678 fps step and policy inference: 31097 fps total: 29761 epoch: 2062/5000
fps step: 20455 fps step and policy inference: 20222 fps total: 19644 epoch: 2063/5000
fps step: 32004 fps step and policy inference: 31445 fps total: 30017 epoch: 2064/5000
fps step: 31715 fps step and policy inference: 31148 fps total: 29723 epoch: 2065/5000
fps step: 32119 fps step and policy inference: 31576 fps total: 30160 epoch: 2066/5000
fps step: 32094 fps step and policy inference: 31548 fps total: 30157 epoch: 2067/5000
fps step: 32120 fps step and policy inference: 31552 fps total: 30170 epoch: 2068/5000
fps step: 32034 fps step and policy inference: 31482 fps total: 30100 epoch: 2069/5000
fps step: 20221 fps step and policy inference: 20002 fps total: 19426 epoch: 2070/5000
fps step: 31935 fps step and policy inference: 31381 fps total: 29994 epoch: 2071/5000
fps step: 31841 fps step and policy inference: 31293 fps total: 29903 epoch: 2072/5000
fps step: 31887 fps step and policy inference: 31326 fps total: 29945 epoch: 2073/5000
fps step: 32127 fps step and policy inference: 31554 fps total: 30104 epoch: 2074/5000
fps step: 32189 fps step and policy inference: 31609 fps total: 30174 epoch: 2075/5000
fps step: 31822 fps step and policy inference: 31262 fps total: 29826 epoch: 2076/5000
fps step: 32436 fps step and policy inference: 31870 fps total: 30432 epoch: 2077/5000
fps step: 20176 fps step and policy inference: 19945 fps total: 19356 epoch: 2078/5000
fps step: 31925 fps step and policy inference: 31361 fps total: 29901 epoch: 2079/5000
fps step: 31963 fps step and policy inference: 31371 fps total: 29916 epoch: 2080/5000
fps step: 31778 fps step and policy inference: 31202 fps total: 29797 epoch: 2081/5000
fps step: 31476 fps step and policy inference: 30894 fps total: 29516 epoch: 2082/5000
fps step: 31946 fps step and policy inference: 31393 fps total: 29991 epoch: 2083/5000
fps step: 31934 fps step and policy inference: 31368 fps total: 29948 epoch: 2084/5000
fps step: 20404 fps step and policy inference: 20165 fps total: 19574 epoch: 2085/5000
fps step: 31871 fps step and policy inference: 31312 fps total: 29908 epoch: 2086/5000
fps step: 31678 fps step and policy inference: 31123 fps total: 29709 epoch: 2087/5000
fps step: 31548 fps step and policy inference: 30964 fps total: 29583 epoch: 2088/5000
fps step: 31810 fps step and policy inference: 31216 fps total: 29823 epoch: 2089/5000
fps step: 32092 fps step and policy inference: 31515 fps total: 30043 epoch: 2090/5000
fps step: 31796 fps step and policy inference: 31187 fps total: 29724 epoch: 2091/5000
fps step: 32344 fps step and policy inference: 31779 fps total: 30256 epoch: 2092/5000
fps step: 20295 fps step and policy inference: 20064 fps total: 19468 epoch: 2093/5000
fps step: 32117 fps step and policy inference: 31533 fps total: 30058 epoch: 2094/5000
fps step: 32218 fps step and policy inference: 31640 fps total: 30188 epoch: 2095/5000
fps step: 31971 fps step and policy inference: 31413 fps total: 29976 epoch: 2096/5000
fps step: 32234 fps step and policy inference: 31629 fps total: 30190 epoch: 2097/5000
fps step: 32081 fps step and policy inference: 31538 fps total: 30081 epoch: 2098/5000
fps step: 32497 fps step and policy inference: 31923 fps total: 30461 epoch: 2099/5000
fps step: 20356 fps step and policy inference: 20136 fps total: 19511 epoch: 2100/5000
fps step: 31526 fps step and policy inference: 30933 fps total: 29572 epoch: 2101/5000
fps step: 31495 fps step and policy inference: 30924 fps total: 29553 epoch: 2102/5000
fps step: 31937 fps step and policy inference: 31400 fps total: 29982 epoch: 2103/5000
fps step: 32336 fps step and policy inference: 31774 fps total: 30260 epoch: 2104/5000
fps step: 32120 fps step and policy inference: 31525 fps total: 30107 epoch: 2105/5000
fps step: 32099 fps step and policy inference: 31538 fps total: 30082 epoch: 2106/5000
fps step: 20168 fps step and policy inference: 19932 fps total: 19369 epoch: 2107/5000
fps step: 32241 fps step and policy inference: 31661 fps total: 30186 epoch: 2108/5000
fps step: 31831 fps step and policy inference: 31172 fps total: 29711 epoch: 2109/5000
fps step: 31640 fps step and policy inference: 31035 fps total: 29592 epoch: 2110/5000
fps step: 31629 fps step and policy inference: 30999 fps total: 29582 epoch: 2111/5000
fps step: 31756 fps step and policy inference: 31186 fps total: 29751 epoch: 2112/5000
fps step: 31978 fps step and policy inference: 31347 fps total: 29876 epoch: 2113/5000
fps step: 32354 fps step and policy inference: 31768 fps total: 30316 epoch: 2114/5000
fps step: 20181 fps step and policy inference: 19943 fps total: 19336 epoch: 2115/5000
fps step: 31725 fps step and policy inference: 31140 fps total: 29774 epoch: 2116/5000
fps step: 31905 fps step and policy inference: 31356 fps total: 29984 epoch: 2117/5000
fps step: 32196 fps step and policy inference: 31666 fps total: 30235 epoch: 2118/5000
fps step: 31968 fps step and policy inference: 31400 fps total: 29981 epoch: 2119/5000
fps step: 31712 fps step and policy inference: 31111 fps total: 29728 epoch: 2120/5000
fps step: 31934 fps step and policy inference: 31395 fps total: 29947 epoch: 2121/5000
fps step: 20021 fps step and policy inference: 19799 fps total: 19222 epoch: 2122/5000
fps step: 31343 fps step and policy inference: 30777 fps total: 29345 epoch: 2123/5000
fps step: 31138 fps step and policy inference: 30508 fps total: 29107 epoch: 2124/5000
fps step: 31504 fps step and policy inference: 30952 fps total: 29484 epoch: 2125/5000
fps step: 31884 fps step and policy inference: 31263 fps total: 29767 epoch: 2126/5000
fps step: 31874 fps step and policy inference: 31274 fps total: 29808 epoch: 2127/5000
fps step: 31441 fps step and policy inference: 30812 fps total: 29421 epoch: 2128/5000
fps step: 31664 fps step and policy inference: 31105 fps total: 29717 epoch: 2129/5000
fps step: 20339 fps step and policy inference: 20116 fps total: 19537 epoch: 2130/5000
fps step: 32237 fps step and policy inference: 31653 fps total: 30254 epoch: 2131/5000
fps step: 32169 fps step and policy inference: 31612 fps total: 30207 epoch: 2132/5000
fps step: 32156 fps step and policy inference: 31552 fps total: 30151 epoch: 2133/5000
fps step: 32373 fps step and policy inference: 31811 fps total: 30425 epoch: 2134/5000
fps step: 32541 fps step and policy inference: 31999 fps total: 30527 epoch: 2135/5000
fps step: 32115 fps step and policy inference: 31545 fps total: 30107 epoch: 2136/5000
fps step: 20465 fps step and policy inference: 20205 fps total: 19642 epoch: 2137/5000
fps step: 32316 fps step and policy inference: 31735 fps total: 30294 epoch: 2138/5000
fps step: 32267 fps step and policy inference: 31644 fps total: 30216 epoch: 2139/5000
fps step: 32463 fps step and policy inference: 31866 fps total: 30403 epoch: 2140/5000
fps step: 31946 fps step and policy inference: 31316 fps total: 29902 epoch: 2141/5000
fps step: 32042 fps step and policy inference: 31497 fps total: 30140 epoch: 2142/5000
fps step: 31502 fps step and policy inference: 30968 fps total: 29582 epoch: 2143/5000
fps step: 19154 fps step and policy inference: 18947 fps total: 18417 epoch: 2144/5000
fps step: 32582 fps step and policy inference: 31979 fps total: 30537 epoch: 2145/5000
fps step: 32509 fps step and policy inference: 31945 fps total: 30520 epoch: 2146/5000
fps step: 32137 fps step and policy inference: 31580 fps total: 30136 epoch: 2147/5000
fps step: 31923 fps step and policy inference: 31341 fps total: 29876 epoch: 2148/5000
fps step: 31738 fps step and policy inference: 31170 fps total: 29771 epoch: 2149/5000
fps step: 31781 fps step and policy inference: 31262 fps total: 29803 epoch: 2150/5000
fps step: 31714 fps step and policy inference: 31161 fps total: 29715 epoch: 2151/5000
fps step: 18473 fps step and policy inference: 18293 fps total: 17747 epoch: 2152/5000
fps step: 28858 fps step and policy inference: 28356 fps total: 27043 epoch: 2153/5000
fps step: 31453 fps step and policy inference: 30929 fps total: 29483 epoch: 2154/5000
fps step: 31531 fps step and policy inference: 30961 fps total: 29642 epoch: 2155/5000
fps step: 32949 fps step and policy inference: 32398 fps total: 30939 epoch: 2156/5000
fps step: 32488 fps step and policy inference: 31951 fps total: 30489 epoch: 2157/5000
fps step: 31782 fps step and policy inference: 31283 fps total: 29861 epoch: 2158/5000
fps step: 21442 fps step and policy inference: 21191 fps total: 20549 epoch: 2159/5000
fps step: 31067 fps step and policy inference: 30549 fps total: 29181 epoch: 2160/5000
fps step: 32125 fps step and policy inference: 31561 fps total: 30168 epoch: 2161/5000
fps step: 32546 fps step and policy inference: 31999 fps total: 30575 epoch: 2162/5000
fps step: 31642 fps step and policy inference: 31074 fps total: 29686 epoch: 2163/5000
fps step: 31425 fps step and policy inference: 30885 fps total: 29531 epoch: 2164/5000
fps step: 31215 fps step and policy inference: 30654 fps total: 29316 epoch: 2165/5000
fps step: 19652 fps step and policy inference: 19425 fps total: 18837 epoch: 2166/5000
fps step: 31474 fps step and policy inference: 30950 fps total: 29533 epoch: 2167/5000
fps step: 32565 fps step and policy inference: 32008 fps total: 30571 epoch: 2168/5000
fps step: 33420 fps step and policy inference: 32875 fps total: 31440 epoch: 2169/5000
fps step: 33703 fps step and policy inference: 33135 fps total: 31612 epoch: 2170/5000
fps step: 33741 fps step and policy inference: 33161 fps total: 31641 epoch: 2171/5000
fps step: 32085 fps step and policy inference: 31519 fps total: 30115 epoch: 2172/5000
fps step: 31844 fps step and policy inference: 31277 fps total: 29899 epoch: 2173/5000
fps step: 18889 fps step and policy inference: 18686 fps total: 18160 epoch: 2174/5000
fps step: 30304 fps step and policy inference: 29766 fps total: 28522 epoch: 2175/5000
fps step: 32991 fps step and policy inference: 32366 fps total: 30960 epoch: 2176/5000
fps step: 33032 fps step and policy inference: 32436 fps total: 30993 epoch: 2177/5000
fps step: 33019 fps step and policy inference: 32463 fps total: 31006 epoch: 2178/5000
fps step: 32942 fps step and policy inference: 32404 fps total: 30919 epoch: 2179/5000
fps step: 31438 fps step and policy inference: 30935 fps total: 29594 epoch: 2180/5000
fps step: 19693 fps step and policy inference: 19489 fps total: 18916 epoch: 2181/5000
fps step: 31312 fps step and policy inference: 30779 fps total: 29322 epoch: 2182/5000
fps step: 32411 fps step and policy inference: 31878 fps total: 30469 epoch: 2183/5000
fps step: 33143 fps step and policy inference: 32567 fps total: 31121 epoch: 2184/5000
fps step: 33521 fps step and policy inference: 32948 fps total: 31413 epoch: 2185/5000
fps step: 33590 fps step and policy inference: 33055 fps total: 31528 epoch: 2186/5000
fps step: 31967 fps step and policy inference: 31446 fps total: 30037 epoch: 2187/5000
fps step: 31573 fps step and policy inference: 31014 fps total: 29601 epoch: 2188/5000
fps step: 19331 fps step and policy inference: 19118 fps total: 18575 epoch: 2189/5000
fps step: 31697 fps step and policy inference: 31101 fps total: 29774 epoch: 2190/5000
fps step: 32687 fps step and policy inference: 32113 fps total: 30613 epoch: 2191/5000
fps step: 32796 fps step and policy inference: 32176 fps total: 30724 epoch: 2192/5000
fps step: 33085 fps step and policy inference: 32485 fps total: 31086 epoch: 2193/5000
fps step: 32574 fps step and policy inference: 32020 fps total: 30587 epoch: 2194/5000
fps step: 31606 fps step and policy inference: 31018 fps total: 29674 epoch: 2195/5000
fps step: 20158 fps step and policy inference: 19915 fps total: 19343 epoch: 2196/5000
fps step: 31137 fps step and policy inference: 30573 fps total: 29213 epoch: 2197/5000
fps step: 31688 fps step and policy inference: 31104 fps total: 29718 epoch: 2198/5000
fps step: 31659 fps step and policy inference: 31128 fps total: 29727 epoch: 2199/5000
fps step: 31814 fps step and policy inference: 31312 fps total: 29955 epoch: 2200/5000
=> saving checkpoint 'runs/specialist_cuboid_train_4k_2026-07-08_16-09-19/nn/last_specialist_cuboid_train_4k_ep_2200_rew_-21.532919.pth'
fps step: 31676 fps step and policy inference: 31138 fps total: 29758 epoch: 2201/5000
fps step: 31807 fps step and policy inference: 31319 fps total: 29954 epoch: 2202/5000
fps step: 31717 fps step and policy inference: 31162 fps total: 29810 epoch: 2203/5000
fps step: 21476 fps step and policy inference: 21220 fps total: 20583 epoch: 2204/5000
fps step: 31945 fps step and policy inference: 31427 fps total: 30077 epoch: 2205/5000
fps step: 31813 fps step and policy inference: 31199 fps total: 29775 epoch: 2206/5000
fps step: 32146 fps step and policy inference: 31536 fps total: 30113 epoch: 2207/5000
fps step: 32246 fps step and policy inference: 31641 fps total: 30163 epoch: 2208/5000
fps step: 32511 fps step and policy inference: 31962 fps total: 30514 epoch: 2209/5000
fps step: 32358 fps step and policy inference: 31833 fps total: 30404 epoch: 2210/5000
fps step: 21188 fps step and policy inference: 20967 fps total: 20357 epoch: 2211/5000
fps step: 32204 fps step and policy inference: 31600 fps total: 30112 epoch: 2212/5000
fps step: 31539 fps step and policy inference: 30929 fps total: 29549 epoch: 2213/5000
fps step: 31910 fps step and policy inference: 31307 fps total: 29897 epoch: 2214/5000
fps step: 32074 fps step and policy inference: 31541 fps total: 30125 epoch: 2215/5000
fps step: 31686 fps step and policy inference: 31157 fps total: 29765 epoch: 2216/5000
fps step: 32091 fps step and policy inference: 31521 fps total: 30128 epoch: 2217/5000
fps step: 31915 fps step and policy inference: 31368 fps total: 29912 epoch: 2218/5000
fps step: 20843 fps step and policy inference: 20600 fps total: 19982 epoch: 2219/5000
fps step: 32149 fps step and policy inference: 31555 fps total: 30114 epoch: 2220/5000
fps step: 32022 fps step and policy inference: 31436 fps total: 29983 epoch: 2221/5000
fps step: 32273 fps step and policy inference: 31674 fps total: 30243 epoch: 2222/5000
fps step: 31805 fps step and policy inference: 31216 fps total: 29774 epoch: 2223/5000
fps step: 31994 fps step and policy inference: 31457 fps total: 30066 epoch: 2224/5000
fps step: 32010 fps step and policy inference: 31462 fps total: 29972 epoch: 2225/5000
fps step: 20756 fps step and policy inference: 20512 fps total: 19878 epoch: 2226/5000
fps step: 32116 fps step and policy inference: 31521 fps total: 30070 epoch: 2227/5000
fps step: 32273 fps step and policy inference: 31693 fps total: 30227 epoch: 2228/5000
fps step: 32300 fps step and policy inference: 31772 fps total: 30324 epoch: 2229/5000
fps step: 32218 fps step and policy inference: 31632 fps total: 30167 epoch: 2230/5000
fps step: 32106 fps step and policy inference: 31610 fps total: 30103 epoch: 2231/5000
fps step: 31575 fps step and policy inference: 30995 fps total: 29606 epoch: 2232/5000
fps step: 21068 fps step and policy inference: 20804 fps total: 20175 epoch: 2233/5000
fps step: 32126 fps step and policy inference: 31577 fps total: 30143 epoch: 2234/5000
fps step: 32408 fps step and policy inference: 31851 fps total: 30359 epoch: 2235/5000
fps step: 32255 fps step and policy inference: 31647 fps total: 30227 epoch: 2236/5000
fps step: 31871 fps step and policy inference: 31259 fps total: 29828 epoch: 2237/5000
fps step: 32132 fps step and policy inference: 31583 fps total: 30113 epoch: 2238/5000
fps step: 32271 fps step and policy inference: 31704 fps total: 30265 epoch: 2239/5000
fps step: 32055 fps step and policy inference: 31486 fps total: 30057 epoch: 2240/5000
fps step: 20591 fps step and policy inference: 20349 fps total: 19733 epoch: 2241/5000
fps step: 31657 fps step and policy inference: 31121 fps total: 29755 epoch: 2242/5000
fps step: 31523 fps step and policy inference: 30974 fps total: 29573 epoch: 2243/5000
fps step: 31503 fps step and policy inference: 30931 fps total: 29531 epoch: 2244/5000
fps step: 31646 fps step and policy inference: 31096 fps total: 29728 epoch: 2245/5000
fps step: 31746 fps step and policy inference: 31218 fps total: 29770 epoch: 2246/5000
fps step: 31092 fps step and policy inference: 30479 fps total: 29097 epoch: 2247/5000
fps step: 21051 fps step and policy inference: 20813 fps total: 20163 epoch: 2248/5000
fps step: 31686 fps step and policy inference: 31117 fps total: 29717 epoch: 2249/5000
fps step: 32014 fps step and policy inference: 31471 fps total: 30029 epoch: 2250/5000
fps step: 32157 fps step and policy inference: 31614 fps total: 30168 epoch: 2251/5000
fps step: 31796 fps step and policy inference: 31257 fps total: 29868 epoch: 2252/5000
fps step: 32145 fps step and policy inference: 31546 fps total: 30102 epoch: 2253/5000
fps step: 31621 fps step and policy inference: 31012 fps total: 29618 epoch: 2254/5000
fps step: 31666 fps step and policy inference: 31119 fps total: 19743 epoch: 2255/5000
fps step: 31800 fps step and policy inference: 31206 fps total: 29769 epoch: 2256/5000
fps step: 31911 fps step and policy inference: 31282 fps total: 29863 epoch: 2257/5000
fps step: 32184 fps step and policy inference: 31599 fps total: 30136 epoch: 2258/5000
fps step: 32420 fps step and policy inference: 31846 fps total: 30397 epoch: 2259/5000
fps step: 32129 fps step and policy inference: 31551 fps total: 30126 epoch: 2260/5000
fps step: 31656 fps step and policy inference: 31081 fps total: 29704 epoch: 2261/5000
fps step: 31793 fps step and policy inference: 31216 fps total: 29823 epoch: 2262/5000
fps step: 20670 fps step and policy inference: 20411 fps total: 19793 epoch: 2263/5000
fps step: 31716 fps step and policy inference: 31115 fps total: 29696 epoch: 2264/5000
fps step: 32007 fps step and policy inference: 31440 fps total: 30053 epoch: 2265/5000
fps step: 32415 fps step and policy inference: 31819 fps total: 30375 epoch: 2266/5000
fps step: 32504 fps step and policy inference: 31953 fps total: 30520 epoch: 2267/5000
fps step: 32141 fps step and policy inference: 31539 fps total: 30094 epoch: 2268/5000
fps step: 32094 fps step and policy inference: 31482 fps total: 30090 epoch: 2269/5000
fps step: 20952 fps step and policy inference: 20702 fps total: 20070 epoch: 2270/5000
fps step: 32116 fps step and policy inference: 31525 fps total: 30060 epoch: 2271/5000
fps step: 32272 fps step and policy inference: 31700 fps total: 30231 epoch: 2272/5000
fps step: 31986 fps step and policy inference: 31410 fps total: 30018 epoch: 2273/5000
fps step: 32246 fps step and policy inference: 31668 fps total: 30192 epoch: 2274/5000
fps step: 32719 fps step and policy inference: 32151 fps total: 30649 epoch: 2275/5000
fps step: 32466 fps step and policy inference: 31875 fps total: 30428 epoch: 2276/5000
fps step: 32595 fps step and policy inference: 32068 fps total: 30485 epoch: 2277/5000
fps step: 20556 fps step and policy inference: 20298 fps total: 19646 epoch: 2278/5000
fps step: 31469 fps step and policy inference: 30975 fps total: 29503 epoch: 2279/5000
fps step: 31569 fps step and policy inference: 31071 fps total: 29550 epoch: 2280/5000
fps step: 31425 fps step and policy inference: 30897 fps total: 29434 epoch: 2281/5000
fps step: 31606 fps step and policy inference: 31090 fps total: 29604 epoch: 2282/5000
fps step: 31484 fps step and policy inference: 30947 fps total: 29618 epoch: 2283/5000
fps step: 31652 fps step and policy inference: 31137 fps total: 29764 epoch: 2284/5000
fps step: 21190 fps step and policy inference: 20949 fps total: 20331 epoch: 2285/5000
fps step: 31767 fps step and policy inference: 31196 fps total: 29826 epoch: 2286/5000
fps step: 32257 fps step and policy inference: 31691 fps total: 30369 epoch: 2287/5000
fps step: 32871 fps step and policy inference: 32279 fps total: 30889 epoch: 2288/5000
fps step: 33765 fps step and policy inference: 33214 fps total: 31677 epoch: 2289/5000
fps step: 33039 fps step and policy inference: 32431 fps total: 30966 epoch: 2290/5000
fps step: 32613 fps step and policy inference: 32061 fps total: 30605 epoch: 2291/5000
fps step: 32078 fps step and policy inference: 31558 fps total: 30142 epoch: 2292/5000
fps step: 19262 fps step and policy inference: 19069 fps total: 18549 epoch: 2293/5000
fps step: 32017 fps step and policy inference: 31407 fps total: 29972 epoch: 2294/5000
fps step: 32403 fps step and policy inference: 31866 fps total: 30448 epoch: 2295/5000
fps step: 32486 fps step and policy inference: 31891 fps total: 30362 epoch: 2296/5000
fps step: 32599 fps step and policy inference: 31999 fps total: 30546 epoch: 2297/5000
fps step: 32151 fps step and policy inference: 31564 fps total: 30121 epoch: 2298/5000
fps step: 32050 fps step and policy inference: 31515 fps total: 30078 epoch: 2299/5000
fps step: 20221 fps step and policy inference: 20003 fps total: 19417 epoch: 2300/5000
fps step: 31925 fps step and policy inference: 31305 fps total: 29834 epoch: 2301/5000
fps step: 32578 fps step and policy inference: 32026 fps total: 30580 epoch: 2302/5000
fps step: 32966 fps step and policy inference: 32404 fps total: 30945 epoch: 2303/5000
fps step: 32385 fps step and policy inference: 31825 fps total: 30332 epoch: 2304/5000
fps step: 32022 fps step and policy inference: 31444 fps total: 29983 epoch: 2305/5000
fps step: 31859 fps step and policy inference: 31320 fps total: 29900 epoch: 2306/5000
fps step: 31684 fps step and policy inference: 31145 fps total: 19147 epoch: 2307/5000
fps step: 31081 fps step and policy inference: 30537 fps total: 29094 epoch: 2308/5000
fps step: 31248 fps step and policy inference: 30702 fps total: 29329 epoch: 2309/5000
fps step: 31811 fps step and policy inference: 31283 fps total: 29820 epoch: 2310/5000
fps step: 31732 fps step and policy inference: 31161 fps total: 29810 epoch: 2311/5000
fps step: 32784 fps step and policy inference: 32192 fps total: 30676 epoch: 2312/5000
fps step: 31653 fps step and policy inference: 31079 fps total: 29661 epoch: 2313/5000
fps step: 31608 fps step and policy inference: 31042 fps total: 29623 epoch: 2314/5000
fps step: 20174 fps step and policy inference: 19945 fps total: 19348 epoch: 2315/5000
fps step: 31612 fps step and policy inference: 31001 fps total: 29590 epoch: 2316/5000
fps step: 32732 fps step and policy inference: 32128 fps total: 30642 epoch: 2317/5000
fps step: 32632 fps step and policy inference: 32075 fps total: 30540 epoch: 2318/5000
fps step: 31763 fps step and policy inference: 31188 fps total: 29731 epoch: 2319/5000
fps step: 31756 fps step and policy inference: 31206 fps total: 29793 epoch: 2320/5000
fps step: 31708 fps step and policy inference: 31163 fps total: 29773 epoch: 2321/5000
fps step: 19953 fps step and policy inference: 19720 fps total: 19122 epoch: 2322/5000
fps step: 31725 fps step and policy inference: 31177 fps total: 29788 epoch: 2323/5000
fps step: 32788 fps step and policy inference: 32190 fps total: 30741 epoch: 2324/5000
fps step: 33464 fps step and policy inference: 32900 fps total: 31373 epoch: 2325/5000
fps step: 32929 fps step and policy inference: 32320 fps total: 30851 epoch: 2326/5000
fps step: 32893 fps step and policy inference: 32303 fps total: 30861 epoch: 2327/5000
fps step: 31745 fps step and policy inference: 31207 fps total: 29748 epoch: 2328/5000
fps step: 31821 fps step and policy inference: 31218 fps total: 29745 epoch: 2329/5000
fps step: 19004 fps step and policy inference: 18783 fps total: 18271 epoch: 2330/5000
fps step: 32694 fps step and policy inference: 32162 fps total: 30758 epoch: 2331/5000
fps step: 33125 fps step and policy inference: 32515 fps total: 31084 epoch: 2332/5000
fps step: 33447 fps step and policy inference: 32829 fps total: 31286 epoch: 2333/5000
fps step: 33571 fps step and policy inference: 33019 fps total: 31505 epoch: 2334/5000
fps step: 32978 fps step and policy inference: 32428 fps total: 30930 epoch: 2335/5000
fps step: 32136 fps step and policy inference: 31541 fps total: 30084 epoch: 2336/5000
fps step: 19175 fps step and policy inference: 18975 fps total: 18401 epoch: 2337/5000
fps step: 31256 fps step and policy inference: 30738 fps total: 29385 epoch: 2338/5000
fps step: 32725 fps step and policy inference: 32165 fps total: 30759 epoch: 2339/5000
fps step: 33235 fps step and policy inference: 32690 fps total: 31208 epoch: 2340/5000
fps step: 33125 fps step and policy inference: 32576 fps total: 31064 epoch: 2341/5000
fps step: 32804 fps step and policy inference: 32234 fps total: 30755 epoch: 2342/5000
fps step: 31860 fps step and policy inference: 31313 fps total: 29917 epoch: 2343/5000
fps step: 30961 fps step and policy inference: 30355 fps total: 28970 epoch: 2344/5000
fps step: 18755 fps step and policy inference: 18547 fps total: 18048 epoch: 2345/5000
fps step: 32367 fps step and policy inference: 31785 fps total: 30406 epoch: 2346/5000
fps step: 33386 fps step and policy inference: 32739 fps total: 31242 epoch: 2347/5000
fps step: 33320 fps step and policy inference: 32684 fps total: 31144 epoch: 2348/5000
fps step: 33200 fps step and policy inference: 32609 fps total: 31098 epoch: 2349/5000
fps step: 32188 fps step and policy inference: 31644 fps total: 30261 epoch: 2350/5000
fps step: 31608 fps step and policy inference: 31029 fps total: 29637 epoch: 2351/5000
fps step: 19096 fps step and policy inference: 18883 fps total: 18346 epoch: 2352/5000
fps step: 31824 fps step and policy inference: 31233 fps total: 29903 epoch: 2353/5000
fps step: 33431 fps step and policy inference: 32864 fps total: 31415 epoch: 2354/5000
fps step: 32938 fps step and policy inference: 32374 fps total: 30950 epoch: 2355/5000
fps step: 32825 fps step and policy inference: 32290 fps total: 30886 epoch: 2356/5000
fps step: 32367 fps step and policy inference: 31821 fps total: 30391 epoch: 2357/5000
fps step: 31110 fps step and policy inference: 30563 fps total: 29215 epoch: 2358/5000
fps step: 29993 fps step and policy inference: 29451 fps total: 18114 epoch: 2359/5000
fps step: 31405 fps step and policy inference: 30871 fps total: 29528 epoch: 2360/5000
fps step: 32880 fps step and policy inference: 32358 fps total: 30968 epoch: 2361/5000
fps step: 33117 fps step and policy inference: 32536 fps total: 31099 epoch: 2362/5000
fps step: 33181 fps step and policy inference: 32646 fps total: 31165 epoch: 2363/5000
fps step: 33110 fps step and policy inference: 32518 fps total: 31100 epoch: 2364/5000
fps step: 31661 fps step and policy inference: 31132 fps total: 29791 epoch: 2365/5000
fps step: 31832 fps step and policy inference: 31301 fps total: 29827 epoch: 2366/5000
fps step: 18927 fps step and policy inference: 18725 fps total: 18220 epoch: 2367/5000
fps step: 32258 fps step and policy inference: 31713 fps total: 30352 epoch: 2368/5000
fps step: 32941 fps step and policy inference: 32347 fps total: 30933 epoch: 2369/5000
fps step: 32774 fps step and policy inference: 32149 fps total: 30727 epoch: 2370/5000
fps step: 33499 fps step and policy inference: 32915 fps total: 31433 epoch: 2371/5000
fps step: 32785 fps step and policy inference: 32243 fps total: 30749 epoch: 2372/5000
fps step: 32331 fps step and policy inference: 31770 fps total: 30318 epoch: 2373/5000
fps step: 30621 fps step and policy inference: 30086 fps total: 18400 epoch: 2374/5000
fps step: 31808 fps step and policy inference: 31231 fps total: 29815 epoch: 2375/5000
fps step: 33128 fps step and policy inference: 32595 fps total: 31184 epoch: 2376/5000
fps step: 33394 fps step and policy inference: 32835 fps total: 31312 epoch: 2377/5000
fps step: 32982 fps step and policy inference: 32395 fps total: 30915 epoch: 2378/5000
fps step: 32694 fps step and policy inference: 32140 fps total: 30645 epoch: 2379/5000
fps step: 31421 fps step and policy inference: 30861 fps total: 29433 epoch: 2380/5000
fps step: 30828 fps step and policy inference: 30316 fps total: 28897 epoch: 2381/5000
fps step: 19276 fps step and policy inference: 19069 fps total: 18527 epoch: 2382/5000
fps step: 32243 fps step and policy inference: 31662 fps total: 30258 epoch: 2383/5000
fps step: 32779 fps step and policy inference: 32199 fps total: 30728 epoch: 2384/5000
fps step: 32683 fps step and policy inference: 32103 fps total: 30676 epoch: 2385/5000
fps step: 32939 fps step and policy inference: 32379 fps total: 30930 epoch: 2386/5000
fps step: 31664 fps step and policy inference: 31120 fps total: 29710 epoch: 2387/5000
fps step: 31344 fps step and policy inference: 30798 fps total: 29401 epoch: 2388/5000
fps step: 18789 fps step and policy inference: 18583 fps total: 18066 epoch: 2389/5000
fps step: 32753 fps step and policy inference: 32184 fps total: 30754 epoch: 2390/5000
fps step: 33562 fps step and policy inference: 32974 fps total: 31473 epoch: 2391/5000
fps step: 33706 fps step and policy inference: 33132 fps total: 31606 epoch: 2392/5000
fps step: 33404 fps step and policy inference: 32798 fps total: 31276 epoch: 2393/5000
fps step: 32927 fps step and policy inference: 32358 fps total: 30836 epoch: 2394/5000
fps step: 31874 fps step and policy inference: 31328 fps total: 29907 epoch: 2395/5000
fps step: 30693 fps step and policy inference: 30116 fps total: 28664 epoch: 2396/5000
fps step: 19479 fps step and policy inference: 19249 fps total: 18684 epoch: 2397/5000
fps step: 33413 fps step and policy inference: 32853 fps total: 31367 epoch: 2398/5000
fps step: 32993 fps step and policy inference: 32406 fps total: 30926 epoch: 2399/5000
fps step: 32770 fps step and policy inference: 32118 fps total: 30708 epoch: 2400/5000
=> saving checkpoint 'runs/specialist_cuboid_train_4k_2026-07-08_16-09-19/nn/last_specialist_cuboid_train_4k_ep_2400_rew_-19.372784.pth'
fps step: 32766 fps step and policy inference: 32137 fps total: 30640 epoch: 2401/5000
fps step: 31657 fps step and policy inference: 31088 fps total: 29660 epoch: 2402/5000
fps step: 31791 fps step and policy inference: 31215 fps total: 29656 epoch: 2403/5000
fps step: 18982 fps step and policy inference: 18753 fps total: 18233 epoch: 2404/5000
fps step: 32500 fps step and policy inference: 31905 fps total: 30474 epoch: 2405/5000
fps step: 32994 fps step and policy inference: 32423 fps total: 30931 epoch: 2406/5000
fps step: 33207 fps step and policy inference: 32636 fps total: 31125 epoch: 2407/5000
fps step: 33455 fps step and policy inference: 32854 fps total: 31273 epoch: 2408/5000
fps step: 32396 fps step and policy inference: 31785 fps total: 30314 epoch: 2409/5000
fps step: 31706 fps step and policy inference: 31098 fps total: 29664 epoch: 2410/5000
fps step: 29660 fps step and policy inference: 29157 fps total: 27845 epoch: 2411/5000
fps step: 19462 fps step and policy inference: 19257 fps total: 18730 epoch: 2412/5000
fps step: 33392 fps step and policy inference: 32801 fps total: 31269 epoch: 2413/5000
fps step: 33431 fps step and policy inference: 32817 fps total: 31289 epoch: 2414/5000
fps step: 33320 fps step and policy inference: 32707 fps total: 31154 epoch: 2415/5000
fps step: 33127 fps step and policy inference: 32584 fps total: 31070 epoch: 2416/5000
fps step: 31662 fps step and policy inference: 31113 fps total: 29729 epoch: 2417/5000
fps step: 30702 fps step and policy inference: 30189 fps total: 28752 epoch: 2418/5000
fps step: 19257 fps step and policy inference: 19046 fps total: 18490 epoch: 2419/5000
fps step: 32278 fps step and policy inference: 31681 fps total: 30247 epoch: 2420/5000
fps step: 32996 fps step and policy inference: 32434 fps total: 30904 epoch: 2421/5000
fps step: 32331 fps step and policy inference: 31722 fps total: 30273 epoch: 2422/5000
fps step: 32435 fps step and policy inference: 31869 fps total: 30377 epoch: 2423/5000
fps step: 31511 fps step and policy inference: 30982 fps total: 29578 epoch: 2424/5000
fps step: 31116 fps step and policy inference: 30587 fps total: 29105 epoch: 2425/5000
fps step: 29173 fps step and policy inference: 28668 fps total: 27389 epoch: 2426/5000
fps step: 20190 fps step and policy inference: 19970 fps total: 19416 epoch: 2427/5000
fps step: 32742 fps step and policy inference: 32194 fps total: 30754 epoch: 2428/5000
fps step: 32567 fps step and policy inference: 31928 fps total: 30467 epoch: 2429/5000
fps step: 32502 fps step and policy inference: 31894 fps total: 30381 epoch: 2430/5000
fps step: 31783 fps step and policy inference: 31192 fps total: 29720 epoch: 2431/5000
fps step: 31325 fps step and policy inference: 30702 fps total: 29254 epoch: 2432/5000
fps step: 29044 fps step and policy inference: 28556 fps total: 27210 epoch: 2433/5000
fps step: 19686 fps step and policy inference: 19435 fps total: 18861 epoch: 2434/5000
fps step: 32971 fps step and policy inference: 32346 fps total: 30794 epoch: 2435/5000
fps step: 32762 fps step and policy inference: 32198 fps total: 30761 epoch: 2436/5000
fps step: 32971 fps step and policy inference: 32387 fps total: 30940 epoch: 2437/5000
fps step: 32094 fps step and policy inference: 31520 fps total: 30083 epoch: 2438/5000
fps step: 31446 fps step and policy inference: 30902 fps total: 29559 epoch: 2439/5000
fps step: 29648 fps step and policy inference: 29128 fps total: 27801 epoch: 2440/5000
fps step: 19438 fps step and policy inference: 19223 fps total: 18675 epoch: 2441/5000
fps step: 32216 fps step and policy inference: 31692 fps total: 30263 epoch: 2442/5000
fps step: 31760 fps step and policy inference: 31207 fps total: 29797 epoch: 2443/5000
fps step: 32041 fps step and policy inference: 31452 fps total: 30004 epoch: 2444/5000
fps step: 32031 fps step and policy inference: 31424 fps total: 29979 epoch: 2445/5000
fps step: 31671 fps step and policy inference: 31101 fps total: 29672 epoch: 2446/5000
fps step: 31718 fps step and policy inference: 31170 fps total: 29728 epoch: 2447/5000
fps step: 31451 fps step and policy inference: 30823 fps total: 29444 epoch: 2448/5000
fps step: 20717 fps step and policy inference: 20454 fps total: 19823 epoch: 2449/5000
fps step: 32171 fps step and policy inference: 31617 fps total: 30166 epoch: 2450/5000
fps step: 31753 fps step and policy inference: 31230 fps total: 29771 epoch: 2451/5000
fps step: 31819 fps step and policy inference: 31259 fps total: 29853 epoch: 2452/5000
fps step: 32248 fps step and policy inference: 31664 fps total: 30201 epoch: 2453/5000
fps step: 31749 fps step and policy inference: 31152 fps total: 29782 epoch: 2454/5000
fps step: 32010 fps step and policy inference: 31459 fps total: 30036 epoch: 2455/5000
fps step: 21796 fps step and policy inference: 21544 fps total: 20860 epoch: 2456/5000
fps step: 31896 fps step and policy inference: 31364 fps total: 29916 epoch: 2457/5000
fps step: 32972 fps step and policy inference: 32418 fps total: 30933 epoch: 2458/5000
fps step: 33220 fps step and policy inference: 32643 fps total: 31179 epoch: 2459/5000
fps step: 33289 fps step and policy inference: 32729 fps total: 31243 epoch: 2460/5000
fps step: 33359 fps step and policy inference: 32826 fps total: 31319 epoch: 2461/5000
fps step: 31877 fps step and policy inference: 31325 fps total: 29835 epoch: 2462/5000
fps step: 19431 fps step and policy inference: 19205 fps total: 18646 epoch: 2463/5000
fps step: 30655 fps step and policy inference: 30145 fps total: 28770 epoch: 2464/5000
fps step: 31330 fps step and policy inference: 30754 fps total: 29477 epoch: 2465/5000
fps step: 33635 fps step and policy inference: 33096 fps total: 31597 epoch: 2466/5000
fps step: 33330 fps step and policy inference: 32727 fps total: 31250 epoch: 2467/5000
fps step: 33136 fps step and policy inference: 32528 fps total: 31013 epoch: 2468/5000
fps step: 32806 fps step and policy inference: 32247 fps total: 30714 epoch: 2469/5000
fps step: 32145 fps step and policy inference: 31523 fps total: 30053 epoch: 2470/5000
fps step: 31266 fps step and policy inference: 30695 fps total: 29235 epoch: 2471/5000
fps step: 30557 fps step and policy inference: 30015 fps total: 28610 epoch: 2472/5000
fps step: 29286 fps step and policy inference: 28783 fps total: 27450 epoch: 2473/5000
fps step: 18479 fps step and policy inference: 18254 fps total: 17686 epoch: 2474/5000
fps step: 27711 fps step and policy inference: 27206 fps total: 25931 epoch: 2475/5000
fps step: 30366 fps step and policy inference: 29831 fps total: 28543 epoch: 2476/5000
fps step: 32642 fps step and policy inference: 32094 fps total: 30632 epoch: 2477/5000
fps step: 32854 fps step and policy inference: 32335 fps total: 30798 epoch: 2478/5000
fps step: 32961 fps step and policy inference: 32395 fps total: 30908 epoch: 2479/5000
fps step: 32977 fps step and policy inference: 32426 fps total: 30905 epoch: 2480/5000
fps step: 23969 fps step and policy inference: 23676 fps total: 22874 epoch: 2481/5000
fps step: 30990 fps step and policy inference: 30446 fps total: 29053 epoch: 2482/5000
fps step: 31372 fps step and policy inference: 30759 fps total: 29385 epoch: 2483/5000
fps step: 32959 fps step and policy inference: 32349 fps total: 30851 epoch: 2484/5000
fps step: 33069 fps step and policy inference: 32507 fps total: 31024 epoch: 2485/5000
fps step: 32790 fps step and policy inference: 32195 fps total: 30764 epoch: 2486/5000
fps step: 31353 fps step and policy inference: 30800 fps total: 29334 epoch: 2487/5000
fps step: 29896 fps step and policy inference: 29371 fps total: 28065 epoch: 2488/5000
fps step: 20931 fps step and policy inference: 20647 fps total: 20004 epoch: 2489/5000
fps step: 29935 fps step and policy inference: 29384 fps total: 28071 epoch: 2490/5000
fps step: 32855 fps step and policy inference: 32281 fps total: 30812 epoch: 2491/5000
fps step: 32354 fps step and policy inference: 31722 fps total: 30287 epoch: 2492/5000
fps step: 32447 fps step and policy inference: 31861 fps total: 30468 epoch: 2493/5000
fps step: 32671 fps step and policy inference: 32046 fps total: 30559 epoch: 2494/5000
fps step: 32439 fps step and policy inference: 31909 fps total: 30533 epoch: 2495/5000
fps step: 20747 fps step and policy inference: 20508 fps total: 19853 epoch: 2496/5000
fps step: 30323 fps step and policy inference: 29819 fps total: 28492 epoch: 2497/5000
fps step: 32275 fps step and policy inference: 31696 fps total: 30249 epoch: 2498/5000
fps step: 32986 fps step and policy inference: 32379 fps total: 30918 epoch: 2499/5000
fps step: 32901 fps step and policy inference: 32342 fps total: 30925 epoch: 2500/5000
fps step: 32588 fps step and policy inference: 31989 fps total: 30548 epoch: 2501/5000
fps step: 32587 fps step and policy inference: 32035 fps total: 30583 epoch: 2502/5000
fps step: 20888 fps step and policy inference: 20624 fps total: 19966 epoch: 2503/5000
fps step: 29984 fps step and policy inference: 29431 fps total: 28140 epoch: 2504/5000
fps step: 31159 fps step and policy inference: 30584 fps total: 29280 epoch: 2505/5000
fps step: 33046 fps step and policy inference: 32454 fps total: 31009 epoch: 2506/5000
fps step: 32862 fps step and policy inference: 32295 fps total: 30840 epoch: 2507/5000
fps step: 32700 fps step and policy inference: 32140 fps total: 30713 epoch: 2508/5000
fps step: 32636 fps step and policy inference: 31982 fps total: 30523 epoch: 2509/5000
fps step: 31073 fps step and policy inference: 30522 fps total: 29069 epoch: 2510/5000
fps step: 20637 fps step and policy inference: 20357 fps total: 19705 epoch: 2511/5000
fps step: 30151 fps step and policy inference: 29643 fps total: 28285 epoch: 2512/5000
fps step: 32891 fps step and policy inference: 32312 fps total: 30790 epoch: 2513/5000
fps step: 32777 fps step and policy inference: 32169 fps total: 30672 epoch: 2514/5000
fps step: 32811 fps step and policy inference: 32287 fps total: 30781 epoch: 2515/5000
fps step: 32869 fps step and policy inference: 32334 fps total: 30822 epoch: 2516/5000
fps step: 32018 fps step and policy inference: 31489 fps total: 29924 epoch: 2517/5000
fps step: 21121 fps step and policy inference: 20859 fps total: 20158 epoch: 2518/5000
fps step: 29453 fps step and policy inference: 28930 fps total: 27636 epoch: 2519/5000
fps step: 32115 fps step and policy inference: 31490 fps total: 30056 epoch: 2520/5000
fps step: 32585 fps step and policy inference: 32021 fps total: 30592 epoch: 2521/5000
fps step: 32417 fps step and policy inference: 31839 fps total: 30397 epoch: 2522/5000
fps step: 32718 fps step and policy inference: 32154 fps total: 30657 epoch: 2523/5000
fps step: 31749 fps step and policy inference: 31195 fps total: 29754 epoch: 2524/5000
fps step: 21362 fps step and policy inference: 21106 fps total: 20380 epoch: 2525/5000
fps step: 29940 fps step and policy inference: 29440 fps total: 28099 epoch: 2526/5000
fps step: 31475 fps step and policy inference: 30926 fps total: 29575 epoch: 2527/5000
fps step: 32402 fps step and policy inference: 31824 fps total: 30390 epoch: 2528/5000
fps step: 32309 fps step and policy inference: 31722 fps total: 30276 epoch: 2529/5000
fps step: 32347 fps step and policy inference: 31764 fps total: 30310 epoch: 2530/5000
fps step: 31463 fps step and policy inference: 30908 fps total: 29531 epoch: 2531/5000
fps step: 30332 fps step and policy inference: 29818 fps total: 28400 epoch: 2532/5000
fps step: 21577 fps step and policy inference: 21308 fps total: 20616 epoch: 2533/5000
fps step: 30151 fps step and policy inference: 29659 fps total: 28313 epoch: 2534/5000
fps step: 30497 fps step and policy inference: 29966 fps total: 28583 epoch: 2535/5000
fps step: 29233 fps step and policy inference: 28691 fps total: 27367 epoch: 2536/5000
fps step: 30157 fps step and policy inference: 29590 fps total: 28177 epoch: 2537/5000
fps step: 29426 fps step and policy inference: 28899 fps total: 27598 epoch: 2538/5000
fps step: 29566 fps step and policy inference: 29057 fps total: 27760 epoch: 2539/5000
fps step: 29745 fps step and policy inference: 29208 fps total: 27922 epoch: 2540/5000
fps step: 32257 fps step and policy inference: 31713 fps total: 30327 epoch: 2541/5000
fps step: 32753 fps step and policy inference: 32150 fps total: 30683 epoch: 2542/5000
fps step: 32013 fps step and policy inference: 31378 fps total: 30017 epoch: 2543/5000
fps step: 32175 fps step and policy inference: 31626 fps total: 30239 epoch: 2544/5000
fps step: 31973 fps step and policy inference: 31412 fps total: 30059 epoch: 2545/5000
fps step: 31536 fps step and policy inference: 30971 fps total: 29462 epoch: 2546/5000
fps step: 20384 fps step and policy inference: 20139 fps total: 19509 epoch: 2547/5000
fps step: 29740 fps step and policy inference: 29223 fps total: 27879 epoch: 2548/5000
fps step: 30089 fps step and policy inference: 29570 fps total: 28227 epoch: 2549/5000
fps step: 31485 fps step and policy inference: 30921 fps total: 29543 epoch: 2550/5000
fps step: 30837 fps step and policy inference: 30288 fps total: 28813 epoch: 2551/5000
fps step: 30136 fps step and policy inference: 29569 fps total: 28297 epoch: 2552/5000
fps step: 30618 fps step and policy inference: 30075 fps total: 28812 epoch: 2553/5000
fps step: 24675 fps step and policy inference: 24346 fps total: 23503 epoch: 2554/5000
fps step: 32684 fps step and policy inference: 32163 fps total: 30751 epoch: 2555/5000
fps step: 32227 fps step and policy inference: 31615 fps total: 30207 epoch: 2556/5000
fps step: 30445 fps step and policy inference: 29907 fps total: 28566 epoch: 2557/5000
fps step: 29943 fps step and policy inference: 29451 fps total: 28143 epoch: 2558/5000
fps step: 31428 fps step and policy inference: 30840 fps total: 29502 epoch: 2559/5000
fps step: 30259 fps step and policy inference: 29752 fps total: 28439 epoch: 2560/5000
fps step: 21915 fps step and policy inference: 21608 fps total: 20873 epoch: 2561/5000
fps step: 30908 fps step and policy inference: 30279 fps total: 28975 epoch: 2562/5000
fps step: 32846 fps step and policy inference: 32260 fps total: 30654 epoch: 2563/5000
fps step: 31310 fps step and policy inference: 30774 fps total: 29455 epoch: 2564/5000
fps step: 31638 fps step and policy inference: 31090 fps total: 29557 epoch: 2565/5000
fps step: 31413 fps step and policy inference: 30847 fps total: 29467 epoch: 2566/5000
fps step: 31281 fps step and policy inference: 30743 fps total: 29304 epoch: 2567/5000
fps step: 30891 fps step and policy inference: 30360 fps total: 28973 epoch: 2568/5000
fps step: 22627 fps step and policy inference: 22336 fps total: 21600 epoch: 2569/5000
fps step: 32906 fps step and policy inference: 32322 fps total: 30786 epoch: 2570/5000
fps step: 31663 fps step and policy inference: 31110 fps total: 29669 epoch: 2571/5000
fps step: 31224 fps step and policy inference: 30686 fps total: 29256 epoch: 2572/5000
fps step: 30406 fps step and policy inference: 29774 fps total: 28440 epoch: 2573/5000
fps step: 31103 fps step and policy inference: 30475 fps total: 29092 epoch: 2574/5000
fps step: 30953 fps step and policy inference: 30414 fps total: 29076 epoch: 2575/5000
fps step: 22427 fps step and policy inference: 22137 fps total: 21356 epoch: 2576/5000
fps step: 32518 fps step and policy inference: 31961 fps total: 30518 epoch: 2577/5000
fps step: 32346 fps step and policy inference: 31746 fps total: 30349 epoch: 2578/5000
fps step: 32961 fps step and policy inference: 32356 fps total: 30829 epoch: 2579/5000
fps step: 31909 fps step and policy inference: 31316 fps total: 29910 epoch: 2580/5000
fps step: 31173 fps step and policy inference: 30592 fps total: 29141 epoch: 2581/5000
fps step: 30040 fps step and policy inference: 29514 fps total: 28190 epoch: 2582/5000
fps step: 21098 fps step and policy inference: 20836 fps total: 20144 epoch: 2583/5000
fps step: 31400 fps step and policy inference: 30847 fps total: 29422 epoch: 2584/5000
fps step: 31873 fps step and policy inference: 31353 fps total: 29713 epoch: 2585/5000
fps step: 32209 fps step and policy inference: 31610 fps total: 30111 epoch: 2586/5000
fps step: 30420 fps step and policy inference: 29885 fps total: 28528 epoch: 2587/5000
fps step: 32554 fps step and policy inference: 31993 fps total: 30315 epoch: 2588/5000
fps step: 30648 fps step and policy inference: 30138 fps total: 28728 epoch: 2589/5000
fps step: 31561 fps step and policy inference: 31017 fps total: 21002 epoch: 2590/5000
fps step: 31460 fps step and policy inference: 30939 fps total: 29637 epoch: 2591/5000
fps step: 31907 fps step and policy inference: 31395 fps total: 29926 epoch: 2592/5000
fps step: 32142 fps step and policy inference: 31577 fps total: 30234 epoch: 2593/5000
fps step: 31267 fps step and policy inference: 30702 fps total: 29267 epoch: 2594/5000
fps step: 32662 fps step and policy inference: 32089 fps total: 30687 epoch: 2595/5000
fps step: 30914 fps step and policy inference: 30325 fps total: 28995 epoch: 2596/5000
fps step: 32697 fps step and policy inference: 32111 fps total: 30518 epoch: 2597/5000
fps step: 21674 fps step and policy inference: 21358 fps total: 20687 epoch: 2598/5000
fps step: 32487 fps step and policy inference: 31878 fps total: 30287 epoch: 2599/5000
fps step: 31223 fps step and policy inference: 30701 fps total: 29378 epoch: 2600/5000
=> saving checkpoint 'runs/specialist_cuboid_train_4k_2026-07-08_16-09-19/nn/last_specialist_cuboid_train_4k_ep_2600_rew_-20.64217.pth'
fps step: 31648 fps step and policy inference: 31095 fps total: 29632 epoch: 2601/5000
fps step: 31536 fps step and policy inference: 30989 fps total: 29605 epoch: 2602/5000
fps step: 30783 fps step and policy inference: 30239 fps total: 28778 epoch: 2603/5000
fps step: 32060 fps step and policy inference: 31490 fps total: 30055 epoch: 2604/5000
fps step: 21549 fps step and policy inference: 21266 fps total: 20617 epoch: 2605/5000
fps step: 32907 fps step and policy inference: 32317 fps total: 30809 epoch: 2606/5000
fps step: 31128 fps step and policy inference: 30500 fps total: 29154 epoch: 2607/5000
fps step: 32536 fps step and policy inference: 31944 fps total: 30317 epoch: 2608/5000
fps step: 31197 fps step and policy inference: 30592 fps total: 29241 epoch: 2609/5000
fps step: 32052 fps step and policy inference: 31429 fps total: 29899 epoch: 2610/5000
fps step: 31682 fps step and policy inference: 31050 fps total: 29655 epoch: 2611/5000
fps step: 21941 fps step and policy inference: 21670 fps total: 20928 epoch: 2612/5000
fps step: 31888 fps step and policy inference: 31315 fps total: 29919 epoch: 2613/5000
fps step: 30873 fps step and policy inference: 30339 fps total: 28996 epoch: 2614/5000
fps step: 32570 fps step and policy inference: 32051 fps total: 30583 epoch: 2615/5000
fps step: 30620 fps step and policy inference: 30120 fps total: 28847 epoch: 2616/5000
fps step: 32257 fps step and policy inference: 31708 fps total: 30205 epoch: 2617/5000
fps step: 30613 fps step and policy inference: 30062 fps total: 28769 epoch: 2618/5000
fps step: 31245 fps step and policy inference: 30731 fps total: 29269 epoch: 2619/5000
fps step: 22019 fps step and policy inference: 21752 fps total: 21072 epoch: 2620/5000
fps step: 31263 fps step and policy inference: 30708 fps total: 29247 epoch: 2621/5000
fps step: 31898 fps step and policy inference: 31310 fps total: 29923 epoch: 2622/5000
fps step: 30494 fps step and policy inference: 29946 fps total: 28680 epoch: 2623/5000
fps step: 32488 fps step and policy inference: 31902 fps total: 30434 epoch: 2624/5000
fps step: 30712 fps step and policy inference: 30203 fps total: 28861 epoch: 2625/5000
fps step: 32042 fps step and policy inference: 31460 fps total: 29909 epoch: 2626/5000
fps step: 21985 fps step and policy inference: 21714 fps total: 21031 epoch: 2627/5000
fps step: 31524 fps step and policy inference: 30991 fps total: 29558 epoch: 2628/5000
fps step: 32027 fps step and policy inference: 31500 fps total: 30138 epoch: 2629/5000
fps step: 31501 fps step and policy inference: 30971 fps total: 29529 epoch: 2630/5000
fps step: 32200 fps step and policy inference: 31654 fps total: 30270 epoch: 2631/5000
fps step: 30787 fps step and policy inference: 30239 fps total: 28911 epoch: 2632/5000
fps step: 32606 fps step and policy inference: 32014 fps total: 30443 epoch: 2633/5000
fps step: 21693 fps step and policy inference: 21411 fps total: 20735 epoch: 2634/5000
fps step: 31022 fps step and policy inference: 30474 fps total: 29035 epoch: 2635/5000
fps step: 31261 fps step and policy inference: 30689 fps total: 29358 epoch: 2636/5000
fps step: 32528 fps step and policy inference: 31839 fps total: 30381 epoch: 2637/5000
fps step: 31891 fps step and policy inference: 31203 fps total: 29850 epoch: 2638/5000
fps step: 31395 fps step and policy inference: 30798 fps total: 29319 epoch: 2639/5000
fps step: 32096 fps step and policy inference: 31419 fps total: 30023 epoch: 2640/5000
fps step: 30774 fps step and policy inference: 30206 fps total: 28882 epoch: 2641/5000
fps step: 22441 fps step and policy inference: 22191 fps total: 21410 epoch: 2642/5000
fps step: 30753 fps step and policy inference: 30223 fps total: 28954 epoch: 2643/5000
fps step: 33150 fps step and policy inference: 32517 fps total: 30978 epoch: 2644/5000
fps step: 32499 fps step and policy inference: 31860 fps total: 30357 epoch: 2645/5000
fps step: 32516 fps step and policy inference: 31911 fps total: 30378 epoch: 2646/5000
fps step: 31299 fps step and policy inference: 30714 fps total: 29340 epoch: 2647/5000
fps step: 30717 fps step and policy inference: 30134 fps total: 28655 epoch: 2648/5000
fps step: 21257 fps step and policy inference: 20975 fps total: 20275 epoch: 2649/5000
fps step: 29861 fps step and policy inference: 29369 fps total: 28131 epoch: 2650/5000
fps step: 32936 fps step and policy inference: 32357 fps total: 30843 epoch: 2651/5000
fps step: 32746 fps step and policy inference: 32180 fps total: 30640 epoch: 2652/5000
fps step: 32683 fps step and policy inference: 32121 fps total: 30659 epoch: 2653/5000
fps step: 32007 fps step and policy inference: 31444 fps total: 30064 epoch: 2654/5000
fps step: 31933 fps step and policy inference: 31398 fps total: 29895 epoch: 2655/5000
fps step: 20995 fps step and policy inference: 20750 fps total: 20073 epoch: 2656/5000
fps step: 29936 fps step and policy inference: 29434 fps total: 28071 epoch: 2657/5000
fps step: 32537 fps step and policy inference: 31983 fps total: 30541 epoch: 2658/5000
fps step: 32906 fps step and policy inference: 32363 fps total: 30903 epoch: 2659/5000
fps step: 32425 fps step and policy inference: 31813 fps total: 30431 epoch: 2660/5000
fps step: 31943 fps step and policy inference: 31409 fps total: 29940 epoch: 2661/5000
fps step: 32290 fps step and policy inference: 31680 fps total: 30169 epoch: 2662/5000
fps step: 30224 fps step and policy inference: 29737 fps total: 28395 epoch: 2663/5000
fps step: 20521 fps step and policy inference: 20270 fps total: 19594 epoch: 2664/5000
fps step: 30634 fps step and policy inference: 30125 fps total: 28753 epoch: 2665/5000
fps step: 32219 fps step and policy inference: 31692 fps total: 30170 epoch: 2666/5000
fps step: 32677 fps step and policy inference: 32145 fps total: 30675 epoch: 2667/5000
fps step: 32244 fps step and policy inference: 31627 fps total: 30148 epoch: 2668/5000
fps step: 32273 fps step and policy inference: 31654 fps total: 30233 epoch: 2669/5000
fps step: 31010 fps step and policy inference: 30440 fps total: 29039 epoch: 2670/5000
fps step: 20615 fps step and policy inference: 20384 fps total: 19744 epoch: 2671/5000
fps step: 30608 fps step and policy inference: 30059 fps total: 28791 epoch: 2672/5000
fps step: 32613 fps step and policy inference: 32042 fps total: 30643 epoch: 2673/5000
fps step: 32969 fps step and policy inference: 32376 fps total: 30937 epoch: 2674/5000
fps step: 32555 fps step and policy inference: 31977 fps total: 30587 epoch: 2675/5000
fps step: 33022 fps step and policy inference: 32440 fps total: 30988 epoch: 2676/5000
fps step: 31358 fps step and policy inference: 30766 fps total: 29330 epoch: 2677/5000
fps step: 20932 fps step and policy inference: 20678 fps total: 20070 epoch: 2678/5000
fps step: 30528 fps step and policy inference: 30022 fps total: 28636 epoch: 2679/5000
fps step: 32467 fps step and policy inference: 31915 fps total: 30458 epoch: 2680/5000
fps step: 32192 fps step and policy inference: 31600 fps total: 30203 epoch: 2681/5000
fps step: 32245 fps step and policy inference: 31662 fps total: 30262 epoch: 2682/5000
fps step: 32715 fps step and policy inference: 32135 fps total: 30697 epoch: 2683/5000
fps step: 31477 fps step and policy inference: 30886 fps total: 29375 epoch: 2684/5000
fps step: 29998 fps step and policy inference: 29448 fps total: 28159 epoch: 2685/5000
fps step: 20218 fps step and policy inference: 19976 fps total: 19361 epoch: 2686/5000
fps step: 31108 fps step and policy inference: 30551 fps total: 29241 epoch: 2687/5000
fps step: 32112 fps step and policy inference: 31571 fps total: 30208 epoch: 2688/5000
fps step: 32276 fps step and policy inference: 31725 fps total: 30306 epoch: 2689/5000
fps step: 32044 fps step and policy inference: 31512 fps total: 30108 epoch: 2690/5000
fps step: 32179 fps step and policy inference: 31647 fps total: 30235 epoch: 2691/5000
fps step: 30492 fps step and policy inference: 29978 fps total: 28698 epoch: 2692/5000
fps step: 20484 fps step and policy inference: 20234 fps total: 19608 epoch: 2693/5000
fps step: 31075 fps step and policy inference: 30546 fps total: 29236 epoch: 2694/5000
fps step: 32420 fps step and policy inference: 31860 fps total: 30460 epoch: 2695/5000
fps step: 32506 fps step and policy inference: 31949 fps total: 30516 epoch: 2696/5000
fps step: 32627 fps step and policy inference: 32058 fps total: 30646 epoch: 2697/5000
fps step: 32314 fps step and policy inference: 31750 fps total: 30345 epoch: 2698/5000
fps step: 30799 fps step and policy inference: 30262 fps total: 28812 epoch: 2699/5000
fps step: 20443 fps step and policy inference: 20192 fps total: 19527 epoch: 2700/5000
fps step: 30221 fps step and policy inference: 29683 fps total: 28416 epoch: 2701/5000
fps step: 30032 fps step and policy inference: 29543 fps total: 28254 epoch: 2702/5000
fps step: 30944 fps step and policy inference: 30414 fps total: 28987 epoch: 2703/5000
fps step: 30819 fps step and policy inference: 30334 fps total: 28892 epoch: 2704/5000
fps step: 30722 fps step and policy inference: 30209 fps total: 28831 epoch: 2705/5000
fps step: 29728 fps step and policy inference: 29234 fps total: 27839 epoch: 2706/5000
fps step: 19463 fps step and policy inference: 19240 fps total: 18618 epoch: 2707/5000
fps step: 28260 fps step and policy inference: 27805 fps total: 26252 epoch: 2708/5000
fps step: 30463 fps step and policy inference: 29961 fps total: 28615 epoch: 2709/5000
fps step: 30318 fps step and policy inference: 29806 fps total: 28481 epoch: 2710/5000
fps step: 30730 fps step and policy inference: 30191 fps total: 28913 epoch: 2711/5000
fps step: 32397 fps step and policy inference: 31821 fps total: 30398 epoch: 2712/5000
fps step: 32054 fps step and policy inference: 31496 fps total: 30071 epoch: 2713/5000
fps step: 19966 fps step and policy inference: 19736 fps total: 19097 epoch: 2714/5000
fps step: 29389 fps step and policy inference: 28878 fps total: 27703 epoch: 2715/5000
fps step: 32017 fps step and policy inference: 31444 fps total: 30051 epoch: 2716/5000
fps step: 32028 fps step and policy inference: 31477 fps total: 30049 epoch: 2717/5000
fps step: 31515 fps step and policy inference: 30993 fps total: 29550 epoch: 2718/5000
fps step: 31600 fps step and policy inference: 31080 fps total: 29718 epoch: 2719/5000
fps step: 31655 fps step and policy inference: 31031 fps total: 29526 epoch: 2720/5000
fps step: 31704 fps step and policy inference: 31161 fps total: 29784 epoch: 2721/5000
fps step: 19214 fps step and policy inference: 18995 fps total: 18463 epoch: 2722/5000
fps step: 31709 fps step and policy inference: 31201 fps total: 29727 epoch: 2723/5000
fps step: 31109 fps step and policy inference: 30578 fps total: 29231 epoch: 2724/5000
fps step: 31197 fps step and policy inference: 30660 fps total: 29293 epoch: 2725/5000
fps step: 31822 fps step and policy inference: 31300 fps total: 29837 epoch: 2726/5000
fps step: 31663 fps step and policy inference: 31139 fps total: 29728 epoch: 2727/5000
fps step: 31031 fps step and policy inference: 30486 fps total: 29101 epoch: 2728/5000
fps step: 19126 fps step and policy inference: 18922 fps total: 18328 epoch: 2729/5000
fps step: 31383 fps step and policy inference: 30805 fps total: 29418 epoch: 2730/5000
fps step: 31875 fps step and policy inference: 31235 fps total: 29770 epoch: 2731/5000
fps step: 31489 fps step and policy inference: 30860 fps total: 29473 epoch: 2732/5000
fps step: 31614 fps step and policy inference: 31055 fps total: 29599 epoch: 2733/5000
fps step: 32377 fps step and policy inference: 31736 fps total: 30255 epoch: 2734/5000
fps step: 32140 fps step and policy inference: 31543 fps total: 30030 epoch: 2735/5000
fps step: 19346 fps step and policy inference: 19135 fps total: 18515 epoch: 2736/5000
fps step: 30685 fps step and policy inference: 30189 fps total: 28812 epoch: 2737/5000
fps step: 32019 fps step and policy inference: 31466 fps total: 29962 epoch: 2738/5000
fps step: 32366 fps step and policy inference: 31769 fps total: 30267 epoch: 2739/5000
fps step: 32292 fps step and policy inference: 31670 fps total: 30136 epoch: 2740/5000
fps step: 31556 fps step and policy inference: 30925 fps total: 29547 epoch: 2741/5000
fps step: 31408 fps step and policy inference: 30865 fps total: 29497 epoch: 2742/5000
fps step: 32274 fps step and policy inference: 31667 fps total: 30211 epoch: 2743/5000
fps step: 30429 fps step and policy inference: 29903 fps total: 28562 epoch: 2744/5000
fps step: 30273 fps step and policy inference: 29752 fps total: 28456 epoch: 2745/5000
fps step: 28272 fps step and policy inference: 27798 fps total: 26521 epoch: 2746/5000
fps step: 18096 fps step and policy inference: 17880 fps total: 17340 epoch: 2747/5000
fps step: 27329 fps step and policy inference: 26886 fps total: 25714 epoch: 2748/5000
fps step: 29363 fps step and policy inference: 28875 fps total: 27622 epoch: 2749/5000
fps step: 29661 fps step and policy inference: 29167 fps total: 27837 epoch: 2750/5000
fps step: 29466 fps step and policy inference: 28935 fps total: 27624 epoch: 2751/5000
fps step: 28405 fps step and policy inference: 27850 fps total: 26604 epoch: 2752/5000
fps step: 29407 fps step and policy inference: 28828 fps total: 32066 epoch: 2753/5000
fps step: 29309 fps step and policy inference: 28693 fps total: 27434 epoch: 2754/5000
fps step: 30892 fps step and policy inference: 30243 fps total: 28840 epoch: 2755/5000
fps step: 31248 fps step and policy inference: 30690 fps total: 29281 epoch: 2756/5000
fps step: 32097 fps step and policy inference: 31528 fps total: 30105 epoch: 2757/5000
fps step: 29847 fps step and policy inference: 29304 fps total: 27977 epoch: 2758/5000
fps step: 29645 fps step and policy inference: 29058 fps total: 27714 epoch: 2759/5000
fps step: 22245 fps step and policy inference: 21925 fps total: 21155 epoch: 2760/5000
fps step: 29582 fps step and policy inference: 29055 fps total: 27703 epoch: 2761/5000
fps step: 29139 fps step and policy inference: 28607 fps total: 27273 epoch: 2762/5000
fps step: 31158 fps step and policy inference: 30572 fps total: 29147 epoch: 2763/5000
fps step: 32270 fps step and policy inference: 31686 fps total: 30165 epoch: 2764/5000
fps step: 32109 fps step and policy inference: 31540 fps total: 30069 epoch: 2765/5000
fps step: 31598 fps step and policy inference: 30993 fps total: 29574 epoch: 2766/5000
fps step: 31622 fps step and policy inference: 31070 fps total: 29666 epoch: 2767/5000
fps step: 21268 fps step and policy inference: 21014 fps total: 20349 epoch: 2768/5000
fps step: 31966 fps step and policy inference: 31415 fps total: 29978 epoch: 2769/5000
fps step: 32095 fps step and policy inference: 31572 fps total: 30124 epoch: 2770/5000
fps step: 32040 fps step and policy inference: 31527 fps total: 30128 epoch: 2771/5000
fps step: 32257 fps step and policy inference: 31732 fps total: 30247 epoch: 2772/5000
fps step: 31004 fps step and policy inference: 30438 fps total: 28940 epoch: 2773/5000
fps step: 30052 fps step and policy inference: 29536 fps total: 28213 epoch: 2774/5000
fps step: 20756 fps step and policy inference: 20511 fps total: 19869 epoch: 2775/5000
fps step: 31501 fps step and policy inference: 30975 fps total: 29568 epoch: 2776/5000
fps step: 31544 fps step and policy inference: 31016 fps total: 29609 epoch: 2777/5000
fps step: 31484 fps step and policy inference: 30912 fps total: 29472 epoch: 2778/5000
fps step: 31563 fps step and policy inference: 31011 fps total: 29624 epoch: 2779/5000
fps step: 32023 fps step and policy inference: 31477 fps total: 30024 epoch: 2780/5000
fps step: 30254 fps step and policy inference: 29709 fps total: 28365 epoch: 2781/5000
fps step: 21788 fps step and policy inference: 21524 fps total: 20818 epoch: 2782/5000
fps step: 30574 fps step and policy inference: 30060 fps total: 28708 epoch: 2783/5000
fps step: 31081 fps step and policy inference: 30546 fps total: 29156 epoch: 2784/5000
fps step: 32408 fps step and policy inference: 31891 fps total: 30432 epoch: 2785/5000
fps step: 31871 fps step and policy inference: 31318 fps total: 29852 epoch: 2786/5000
fps step: 31148 fps step and policy inference: 30610 fps total: 29245 epoch: 2787/5000
fps step: 30449 fps step and policy inference: 29956 fps total: 28627 epoch: 2788/5000
fps step: 21155 fps step and policy inference: 20883 fps total: 20208 epoch: 2789/5000
fps step: 30646 fps step and policy inference: 30128 fps total: 28778 epoch: 2790/5000
fps step: 30807 fps step and policy inference: 30263 fps total: 28920 epoch: 2791/5000
fps step: 32193 fps step and policy inference: 31586 fps total: 30168 epoch: 2792/5000
fps step: 31491 fps step and policy inference: 30954 fps total: 29567 epoch: 2793/5000
fps step: 31387 fps step and policy inference: 30853 fps total: 29432 epoch: 2794/5000
fps step: 30783 fps step and policy inference: 30188 fps total: 28851 epoch: 2795/5000
fps step: 31366 fps step and policy inference: 30797 fps total: 29360 epoch: 2796/5000
fps step: 21592 fps step and policy inference: 21344 fps total: 20671 epoch: 2797/5000
fps step: 31412 fps step and policy inference: 30776 fps total: 29386 epoch: 2798/5000
fps step: 33083 fps step and policy inference: 32554 fps total: 31070 epoch: 2799/5000
fps step: 32748 fps step and policy inference: 32207 fps total: 30776 epoch: 2800/5000
=> saving checkpoint 'runs/specialist_cuboid_train_4k_2026-07-08_16-09-19/nn/last_specialist_cuboid_train_4k_ep_2800_rew_-18.169207.pth'
fps step: 32493 fps step and policy inference: 31949 fps total: 30538 epoch: 2801/5000
fps step: 31121 fps step and policy inference: 30594 fps total: 29267 epoch: 2802/5000
fps step: 31459 fps step and policy inference: 30930 fps total: 29586 epoch: 2803/5000
fps step: 20490 fps step and policy inference: 20262 fps total: 19685 epoch: 2804/5000
fps step: 32286 fps step and policy inference: 31747 fps total: 30263 epoch: 2805/5000
fps step: 31031 fps step and policy inference: 30478 fps total: 29190 epoch: 2806/5000
fps step: 32081 fps step and policy inference: 31490 fps total: 30012 epoch: 2807/5000
fps step: 31709 fps step and policy inference: 31097 fps total: 29777 epoch: 2808/5000
fps step: 31102 fps step and policy inference: 30521 fps total: 29147 epoch: 2809/5000
fps step: 32098 fps step and policy inference: 31505 fps total: 30101 epoch: 2810/5000
fps step: 21084 fps step and policy inference: 20808 fps total: 20180 epoch: 2811/5000
fps step: 31726 fps step and policy inference: 31113 fps total: 29746 epoch: 2812/5000
fps step: 31402 fps step and policy inference: 30890 fps total: 29568 epoch: 2813/5000
fps step: 32213 fps step and policy inference: 31670 fps total: 30257 epoch: 2814/5000
fps step: 30706 fps step and policy inference: 30156 fps total: 28863 epoch: 2815/5000
fps step: 31182 fps step and policy inference: 30664 fps total: 29229 epoch: 2816/5000
fps step: 31560 fps step and policy inference: 31003 fps total: 29679 epoch: 2817/5000
fps step: 30373 fps step and policy inference: 29824 fps total: 28459 epoch: 2818/5000
fps step: 21651 fps step and policy inference: 21411 fps total: 20690 epoch: 2819/5000
fps step: 30002 fps step and policy inference: 29453 fps total: 28223 epoch: 2820/5000
fps step: 32362 fps step and policy inference: 31764 fps total: 30292 epoch: 2821/5000
fps step: 32414 fps step and policy inference: 31801 fps total: 30408 epoch: 2822/5000
fps step: 32480 fps step and policy inference: 31962 fps total: 30561 epoch: 2823/5000
fps step: 30845 fps step and policy inference: 30258 fps total: 28920 epoch: 2824/5000
fps step: 30001 fps step and policy inference: 29466 fps total: 28051 epoch: 2825/5000
fps step: 20346 fps step and policy inference: 20120 fps total: 19451 epoch: 2826/5000
fps step: 28550 fps step and policy inference: 27991 fps total: 26737 epoch: 2827/5000
fps step: 30757 fps step and policy inference: 30230 fps total: 28855 epoch: 2828/5000
fps step: 30994 fps step and policy inference: 30455 fps total: 29133 epoch: 2829/5000
fps step: 31753 fps step and policy inference: 31206 fps total: 29783 epoch: 2830/5000
fps step: 31540 fps step and policy inference: 30997 fps total: 29616 epoch: 2831/5000
fps step: 30506 fps step and policy inference: 29916 fps total: 28546 epoch: 2832/5000
fps step: 20641 fps step and policy inference: 20385 fps total: 19701 epoch: 2833/5000
fps step: 29363 fps step and policy inference: 28840 fps total: 27584 epoch: 2834/5000
fps step: 31270 fps step and policy inference: 30692 fps total: 29326 epoch: 2835/5000
fps step: 31767 fps step and policy inference: 31184 fps total: 29743 epoch: 2836/5000
fps step: 31989 fps step and policy inference: 31451 fps total: 30014 epoch: 2837/5000
fps step: 31539 fps step and policy inference: 30949 fps total: 29504 epoch: 2838/5000
fps step: 30396 fps step and policy inference: 29844 fps total: 28366 epoch: 2839/5000
fps step: 20282 fps step and policy inference: 20044 fps total: 19371 epoch: 2840/5000
fps step: 29401 fps step and policy inference: 28910 fps total: 27617 epoch: 2841/5000
fps step: 31148 fps step and policy inference: 30578 fps total: 29158 epoch: 2842/5000
fps step: 31840 fps step and policy inference: 31310 fps total: 29900 epoch: 2843/5000
fps step: 32424 fps step and policy inference: 31852 fps total: 30433 epoch: 2844/5000
fps step: 32546 fps step and policy inference: 31977 fps total: 30484 epoch: 2845/5000
fps step: 32381 fps step and policy inference: 31796 fps total: 30255 epoch: 2846/5000
fps step: 21092 fps step and policy inference: 20832 fps total: 20145 epoch: 2847/5000
fps step: 30501 fps step and policy inference: 29981 fps total: 28620 epoch: 2848/5000
fps step: 32642 fps step and policy inference: 32037 fps total: 30565 epoch: 2849/5000
fps step: 33196 fps step and policy inference: 32577 fps total: 31062 epoch: 2850/5000
fps step: 33035 fps step and policy inference: 32451 fps total: 30924 epoch: 2851/5000
fps step: 31773 fps step and policy inference: 31180 fps total: 29803 epoch: 2852/5000
fps step: 32081 fps step and policy inference: 31490 fps total: 30083 epoch: 2853/5000
fps step: 30388 fps step and policy inference: 29847 fps total: 28496 epoch: 2854/5000
fps step: 19992 fps step and policy inference: 19739 fps total: 19137 epoch: 2855/5000
fps step: 30595 fps step and policy inference: 30025 fps total: 28705 epoch: 2856/5000
fps step: 31629 fps step and policy inference: 31054 fps total: 29652 epoch: 2857/5000
fps step: 32237 fps step and policy inference: 31616 fps total: 30216 epoch: 2858/5000
fps step: 32238 fps step and policy inference: 31637 fps total: 30189 epoch: 2859/5000
fps step: 32264 fps step and policy inference: 31611 fps total: 30092 epoch: 2860/5000
fps step: 29968 fps step and policy inference: 29367 fps total: 28021 epoch: 2861/5000
fps step: 20328 fps step and policy inference: 20043 fps total: 19385 epoch: 2862/5000
fps step: 30502 fps step and policy inference: 29942 fps total: 28597 epoch: 2863/5000
fps step: 31994 fps step and policy inference: 31381 fps total: 29934 epoch: 2864/5000
fps step: 31547 fps step and policy inference: 30989 fps total: 29550 epoch: 2865/5000
fps step: 31859 fps step and policy inference: 31309 fps total: 29855 epoch: 2866/5000
fps step: 31415 fps step and policy inference: 30842 fps total: 29477 epoch: 2867/5000
fps step: 29834 fps step and policy inference: 29341 fps total: 28027 epoch: 2868/5000
fps step: 20248 fps step and policy inference: 20008 fps total: 19335 epoch: 2869/5000
fps step: 30421 fps step and policy inference: 29917 fps total: 28624 epoch: 2870/5000
fps step: 32810 fps step and policy inference: 32224 fps total: 30762 epoch: 2871/5000
fps step: 32577 fps step and policy inference: 31988 fps total: 30540 epoch: 2872/5000
fps step: 32625 fps step and policy inference: 32067 fps total: 30539 epoch: 2873/5000
fps step: 31160 fps step and policy inference: 30637 fps total: 29267 epoch: 2874/5000
fps step: 29931 fps step and policy inference: 29430 fps total: 28070 epoch: 2875/5000
fps step: 19738 fps step and policy inference: 19520 fps total: 18896 epoch: 2876/5000
fps step: 28991 fps step and policy inference: 28443 fps total: 27264 epoch: 2877/5000
fps step: 31012 fps step and policy inference: 30502 fps total: 29139 epoch: 2878/5000
fps step: 31003 fps step and policy inference: 30442 fps total: 29070 epoch: 2879/5000
fps step: 30727 fps step and policy inference: 30193 fps total: 28838 epoch: 2880/5000
fps step: 30462 fps step and policy inference: 29947 fps total: 28642 epoch: 2881/5000
fps step: 30101 fps step and policy inference: 29555 fps total: 28149 epoch: 2882/5000
fps step: 19692 fps step and policy inference: 19458 fps total: 18836 epoch: 2883/5000
fps step: 28873 fps step and policy inference: 28343 fps total: 27187 epoch: 2884/5000
fps step: 30792 fps step and policy inference: 30235 fps total: 28882 epoch: 2885/5000
fps step: 30687 fps step and policy inference: 30121 fps total: 28798 epoch: 2886/5000
fps step: 30722 fps step and policy inference: 30222 fps total: 28899 epoch: 2887/5000
fps step: 30480 fps step and policy inference: 30001 fps total: 28622 epoch: 2888/5000
fps step: 30281 fps step and policy inference: 29758 fps total: 28432 epoch: 2889/5000
fps step: 19630 fps step and policy inference: 19410 fps total: 18808 epoch: 2890/5000
fps step: 29360 fps step and policy inference: 28887 fps total: 27675 epoch: 2891/5000
fps step: 30840 fps step and policy inference: 30298 fps total: 28993 epoch: 2892/5000
fps step: 31340 fps step and policy inference: 30806 fps total: 29399 epoch: 2893/5000
fps step: 30872 fps step and policy inference: 30293 fps total: 28911 epoch: 2894/5000
fps step: 31451 fps step and policy inference: 30825 fps total: 29385 epoch: 2895/5000
fps step: 31204 fps step and policy inference: 30662 fps total: 29197 epoch: 2896/5000
fps step: 19736 fps step and policy inference: 19526 fps total: 18904 epoch: 2897/5000
fps step: 28877 fps step and policy inference: 28379 fps total: 27261 epoch: 2898/5000
fps step: 31552 fps step and policy inference: 31055 fps total: 29679 epoch: 2899/5000
fps step: 31891 fps step and policy inference: 31322 fps total: 29917 epoch: 2900/5000
fps step: 32077 fps step and policy inference: 31493 fps total: 30101 epoch: 2901/5000
fps step: 32171 fps step and policy inference: 31566 fps total: 30099 epoch: 2902/5000
fps step: 31533 fps step and policy inference: 30869 fps total: 29427 epoch: 2903/5000
fps step: 31715 fps step and policy inference: 31142 fps total: 29772 epoch: 2904/5000
fps step: 18993 fps step and policy inference: 18779 fps total: 18275 epoch: 2905/5000
fps step: 31577 fps step and policy inference: 31021 fps total: 29612 epoch: 2906/5000
fps step: 31962 fps step and policy inference: 31404 fps total: 29939 epoch: 2907/5000
fps step: 31724 fps step and policy inference: 31117 fps total: 29698 epoch: 2908/5000
fps step: 31823 fps step and policy inference: 31262 fps total: 29869 epoch: 2909/5000
fps step: 31067 fps step and policy inference: 30429 fps total: 29087 epoch: 2910/5000
fps step: 31373 fps step and policy inference: 30825 fps total: 29451 epoch: 2911/5000
fps step: 19102 fps step and policy inference: 18873 fps total: 18300 epoch: 2912/5000
fps step: 31335 fps step and policy inference: 30778 fps total: 29431 epoch: 2913/5000
fps step: 31629 fps step and policy inference: 31043 fps total: 29682 epoch: 2914/5000
fps step: 32012 fps step and policy inference: 31456 fps total: 30059 epoch: 2915/5000
fps step: 32269 fps step and policy inference: 31683 fps total: 30271 epoch: 2916/5000
fps step: 32125 fps step and policy inference: 31514 fps total: 30116 epoch: 2917/5000
fps step: 30852 fps step and policy inference: 30251 fps total: 28827 epoch: 2918/5000
fps step: 20057 fps step and policy inference: 19826 fps total: 19216 epoch: 2919/5000
fps step: 31377 fps step and policy inference: 30776 fps total: 29442 epoch: 2920/5000
fps step: 31546 fps step and policy inference: 30983 fps total: 29634 epoch: 2921/5000
fps step: 31775 fps step and policy inference: 31267 fps total: 29926 epoch: 2922/5000
fps step: 30716 fps step and policy inference: 30151 fps total: 28830 epoch: 2923/5000
fps step: 31343 fps step and policy inference: 30707 fps total: 29339 epoch: 2924/5000
fps step: 29795 fps step and policy inference: 29210 fps total: 27928 epoch: 2925/5000
fps step: 19326 fps step and policy inference: 19107 fps total: 18524 epoch: 2926/5000
fps step: 30054 fps step and policy inference: 29494 fps total: 28258 epoch: 2927/5000
fps step: 30960 fps step and policy inference: 30382 fps total: 28964 epoch: 2928/5000
fps step: 30772 fps step and policy inference: 30225 fps total: 28856 epoch: 2929/5000
fps step: 30173 fps step and policy inference: 29622 fps total: 28313 epoch: 2930/5000
fps step: 31766 fps step and policy inference: 31205 fps total: 29804 epoch: 2931/5000
fps step: 31009 fps step and policy inference: 30480 fps total: 29178 epoch: 2932/5000
fps step: 20506 fps step and policy inference: 20253 fps total: 19583 epoch: 2933/5000
fps step: 30396 fps step and policy inference: 29882 fps total: 28546 epoch: 2934/5000
fps step: 31120 fps step and policy inference: 30595 fps total: 29250 epoch: 2935/5000
fps step: 31918 fps step and policy inference: 31399 fps total: 29984 epoch: 2936/5000
fps step: 31190 fps step and policy inference: 30611 fps total: 29170 epoch: 2937/5000
fps step: 31200 fps step and policy inference: 30703 fps total: 29330 epoch: 2938/5000
fps step: 31820 fps step and policy inference: 31268 fps total: 29796 epoch: 2939/5000
fps step: 32358 fps step and policy inference: 31766 fps total: 30350 epoch: 2940/5000
fps step: 20415 fps step and policy inference: 20172 fps total: 19578 epoch: 2941/5000
fps step: 32179 fps step and policy inference: 31648 fps total: 30201 epoch: 2942/5000
fps step: 32123 fps step and policy inference: 31566 fps total: 30176 epoch: 2943/5000
fps step: 32114 fps step and policy inference: 31561 fps total: 30178 epoch: 2944/5000
fps step: 31853 fps step and policy inference: 31332 fps total: 29879 epoch: 2945/5000
fps step: 31802 fps step and policy inference: 31243 fps total: 29841 epoch: 2946/5000
fps step: 32142 fps step and policy inference: 31618 fps total: 30142 epoch: 2947/5000
fps step: 20011 fps step and policy inference: 19780 fps total: 19205 epoch: 2948/5000
fps step: 32225 fps step and policy inference: 31713 fps total: 30303 epoch: 2949/5000
fps step: 32173 fps step and policy inference: 31602 fps total: 30163 epoch: 2950/5000
fps step: 32138 fps step and policy inference: 31511 fps total: 30091 epoch: 2951/5000
fps step: 31813 fps step and policy inference: 31186 fps total: 29799 epoch: 2952/5000
fps step: 31665 fps step and policy inference: 31108 fps total: 29708 epoch: 2953/5000
fps step: 31622 fps step and policy inference: 31057 fps total: 29704 epoch: 2954/5000
fps step: 20395 fps step and policy inference: 20149 fps total: 19505 epoch: 2955/5000
fps step: 31186 fps step and policy inference: 30676 fps total: 29347 epoch: 2956/5000
fps step: 31458 fps step and policy inference: 30874 fps total: 29498 epoch: 2957/5000
fps step: 32195 fps step and policy inference: 31665 fps total: 30255 epoch: 2958/5000
fps step: 32011 fps step and policy inference: 31478 fps total: 30024 epoch: 2959/5000
fps step: 31236 fps step and policy inference: 30692 fps total: 29323 epoch: 2960/5000
fps step: 31683 fps step and policy inference: 31166 fps total: 29733 epoch: 2961/5000
fps step: 30963 fps step and policy inference: 30459 fps total: 29190 epoch: 2962/5000
fps step: 19761 fps step and policy inference: 19560 fps total: 19030 epoch: 2963/5000
fps step: 31544 fps step and policy inference: 31023 fps total: 29692 epoch: 2964/5000
fps step: 31830 fps step and policy inference: 31278 fps total: 29870 epoch: 2965/5000
fps step: 31818 fps step and policy inference: 31248 fps total: 29908 epoch: 2966/5000
fps step: 31410 fps step and policy inference: 30855 fps total: 29422 epoch: 2967/5000
fps step: 31391 fps step and policy inference: 30776 fps total: 29449 epoch: 2968/5000
fps step: 32008 fps step and policy inference: 31472 fps total: 30068 epoch: 2969/5000
fps step: 20388 fps step and policy inference: 20178 fps total: 19601 epoch: 2970/5000
fps step: 31386 fps step and policy inference: 30812 fps total: 29479 epoch: 2971/5000
fps step: 31821 fps step and policy inference: 31280 fps total: 29940 epoch: 2972/5000
fps step: 32234 fps step and policy inference: 31711 fps total: 30342 epoch: 2973/5000
fps step: 31700 fps step and policy inference: 31132 fps total: 29695 epoch: 2974/5000
fps step: 30660 fps step and policy inference: 30116 fps total: 28797 epoch: 2975/5000
fps step: 30496 fps step and policy inference: 29969 fps total: 28614 epoch: 2976/5000
fps step: 19895 fps step and policy inference: 19678 fps total: 19085 epoch: 2977/5000
fps step: 30420 fps step and policy inference: 29919 fps total: 28627 epoch: 2978/5000
fps step: 32273 fps step and policy inference: 31677 fps total: 30226 epoch: 2979/5000
fps step: 33390 fps step and policy inference: 32779 fps total: 31276 epoch: 2980/5000
fps step: 33244 fps step and policy inference: 32645 fps total: 31164 epoch: 2981/5000
fps step: 32906 fps step and policy inference: 32291 fps total: 30827 epoch: 2982/5000
fps step: 32223 fps step and policy inference: 31649 fps total: 30185 epoch: 2983/5000
fps step: 31710 fps step and policy inference: 31180 fps total: 29761 epoch: 2984/5000
fps step: 20676 fps step and policy inference: 20438 fps total: 19834 epoch: 2985/5000
fps step: 31160 fps step and policy inference: 30635 fps total: 29255 epoch: 2986/5000
fps step: 32384 fps step and policy inference: 31808 fps total: 30386 epoch: 2987/5000
fps step: 32309 fps step and policy inference: 31722 fps total: 30314 epoch: 2988/5000
fps step: 32301 fps step and policy inference: 31738 fps total: 30356 epoch: 2989/5000
fps step: 32128 fps step and policy inference: 31572 fps total: 30147 epoch: 2990/5000
fps step: 31377 fps step and policy inference: 30844 fps total: 29422 epoch: 2991/5000
fps step: 20173 fps step and policy inference: 19946 fps total: 19365 epoch: 2992/5000
fps step: 30899 fps step and policy inference: 30371 fps total: 29022 epoch: 2993/5000
fps step: 32564 fps step and policy inference: 31976 fps total: 30484 epoch: 2994/5000
fps step: 32297 fps step and policy inference: 31732 fps total: 30262 epoch: 2995/5000
fps step: 32069 fps step and policy inference: 31478 fps total: 30127 epoch: 2996/5000
fps step: 32454 fps step and policy inference: 31890 fps total: 30462 epoch: 2997/5000
fps step: 32398 fps step and policy inference: 31826 fps total: 30354 epoch: 2998/5000
fps step: 20001 fps step and policy inference: 19742 fps total: 19173 epoch: 2999/5000
fps step: 31389 fps step and policy inference: 30838 fps total: 29384 epoch: 3000/5000
=> saving checkpoint 'runs/specialist_cuboid_train_4k_2026-07-08_16-09-19/nn/last_specialist_cuboid_train_4k_ep_3000_rew_-18.735739.pth'
fps step: 31003 fps step and policy inference: 30476 fps total: 29177 epoch: 3001/5000
fps step: 32470 fps step and policy inference: 31891 fps total: 30379 epoch: 3002/5000
fps step: 31339 fps step and policy inference: 30750 fps total: 29326 epoch: 3003/5000
fps step: 31187 fps step and policy inference: 30663 fps total: 29256 epoch: 3004/5000
fps step: 31447 fps step and policy inference: 30912 fps total: 29500 epoch: 3005/5000
fps step: 30024 fps step and policy inference: 29546 fps total: 28251 epoch: 3006/5000
fps step: 20581 fps step and policy inference: 20363 fps total: 19732 epoch: 3007/5000
fps step: 30246 fps step and policy inference: 29715 fps total: 28490 epoch: 3008/5000
fps step: 32207 fps step and policy inference: 31652 fps total: 30202 epoch: 3009/5000
fps step: 32463 fps step and policy inference: 31905 fps total: 30501 epoch: 3010/5000
fps step: 32032 fps step and policy inference: 31401 fps total: 29964 epoch: 3011/5000
fps step: 32775 fps step and policy inference: 32169 fps total: 30702 epoch: 3012/5000
fps step: 32710 fps step and policy inference: 32113 fps total: 30517 epoch: 3013/5000
fps step: 20540 fps step and policy inference: 20301 fps total: 19664 epoch: 3014/5000
fps step: 30047 fps step and policy inference: 29504 fps total: 28181 epoch: 3015/5000
fps step: 32420 fps step and policy inference: 31814 fps total: 30362 epoch: 3016/5000
fps step: 32523 fps step and policy inference: 31950 fps total: 30499 epoch: 3017/5000
fps step: 32665 fps step and policy inference: 32078 fps total: 30605 epoch: 3018/5000
fps step: 32813 fps step and policy inference: 32220 fps total: 30749 epoch: 3019/5000
fps step: 32700 fps step and policy inference: 32120 fps total: 30602 epoch: 3020/5000
fps step: 20315 fps step and policy inference: 20071 fps total: 19490 epoch: 3021/5000
fps step: 30873 fps step and policy inference: 30280 fps total: 28800 epoch: 3022/5000
fps step: 32137 fps step and policy inference: 31551 fps total: 30158 epoch: 3023/5000
fps step: 32960 fps step and policy inference: 32372 fps total: 30806 epoch: 3024/5000
fps step: 32557 fps step and policy inference: 31933 fps total: 30436 epoch: 3025/5000
fps step: 32579 fps step and policy inference: 32012 fps total: 30530 epoch: 3026/5000
fps step: 32514 fps step and policy inference: 31956 fps total: 30493 epoch: 3027/5000
fps step: 31188 fps step and policy inference: 30626 fps total: 29277 epoch: 3028/5000
fps step: 20353 fps step and policy inference: 20127 fps total: 19490 epoch: 3029/5000
fps step: 30379 fps step and policy inference: 29836 fps total: 28529 epoch: 3030/5000
fps step: 32701 fps step and policy inference: 32139 fps total: 30631 epoch: 3031/5000
fps step: 32736 fps step and policy inference: 32212 fps total: 30728 epoch: 3032/5000
fps step: 32308 fps step and policy inference: 31701 fps total: 30239 epoch: 3033/5000
fps step: 32464 fps step and policy inference: 31924 fps total: 30436 epoch: 3034/5000
fps step: 32534 fps step and policy inference: 31978 fps total: 30508 epoch: 3035/5000
fps step: 20291 fps step and policy inference: 20055 fps total: 19487 epoch: 3036/5000
fps step: 30008 fps step and policy inference: 29507 fps total: 28113 epoch: 3037/5000
fps step: 32085 fps step and policy inference: 31526 fps total: 30125 epoch: 3038/5000
fps step: 32503 fps step and policy inference: 31927 fps total: 30425 epoch: 3039/5000
fps step: 32398 fps step and policy inference: 31863 fps total: 30410 epoch: 3040/5000
fps step: 32832 fps step and policy inference: 32298 fps total: 30881 epoch: 3041/5000
fps step: 32357 fps step and policy inference: 31746 fps total: 30335 epoch: 3042/5000
fps step: 31284 fps step and policy inference: 30782 fps total: 29441 epoch: 3043/5000
fps step: 19996 fps step and policy inference: 19778 fps total: 19191 epoch: 3044/5000
fps step: 32154 fps step and policy inference: 31584 fps total: 30242 epoch: 3045/5000
fps step: 32268 fps step and policy inference: 31730 fps total: 30293 epoch: 3046/5000
fps step: 32347 fps step and policy inference: 31804 fps total: 30435 epoch: 3047/5000
fps step: 33241 fps step and policy inference: 32663 fps total: 31212 epoch: 3048/5000
fps step: 33109 fps step and policy inference: 32500 fps total: 30995 epoch: 3049/5000
fps step: 31888 fps step and policy inference: 31361 fps total: 29936 epoch: 3050/5000
fps step: 20074 fps step and policy inference: 19865 fps total: 19243 epoch: 3051/5000
fps step: 30423 fps step and policy inference: 29896 fps total: 28608 epoch: 3052/5000
fps step: 33142 fps step and policy inference: 32562 fps total: 31044 epoch: 3053/5000
fps step: 33086 fps step and policy inference: 32487 fps total: 31006 epoch: 3054/5000
fps step: 33105 fps step and policy inference: 32545 fps total: 31068 epoch: 3055/5000
fps step: 32611 fps step and policy inference: 32010 fps total: 30585 epoch: 3056/5000
fps step: 33141 fps step and policy inference: 32565 fps total: 31114 epoch: 3057/5000
fps step: 31004 fps step and policy inference: 30432 fps total: 28992 epoch: 3058/5000
fps step: 20098 fps step and policy inference: 19828 fps total: 19192 epoch: 3059/5000
fps step: 30182 fps step and policy inference: 29663 fps total: 28312 epoch: 3060/5000
fps step: 29695 fps step and policy inference: 29183 fps total: 27774 epoch: 3061/5000
fps step: 27923 fps step and policy inference: 27419 fps total: 26169 epoch: 3062/5000
fps step: 29614 fps step and policy inference: 29104 fps total: 27813 epoch: 3063/5000
fps step: 29647 fps step and policy inference: 29121 fps total: 27836 epoch: 3064/5000
fps step: 27994 fps step and policy inference: 27538 fps total: 29532 epoch: 3065/5000
fps step: 30075 fps step and policy inference: 29577 fps total: 28352 epoch: 3066/5000
fps step: 32554 fps step and policy inference: 31973 fps total: 30580 epoch: 3067/5000
fps step: 32877 fps step and policy inference: 32315 fps total: 30857 epoch: 3068/5000
fps step: 32847 fps step and policy inference: 32304 fps total: 30845 epoch: 3069/5000
fps step: 31442 fps step and policy inference: 30822 fps total: 29401 epoch: 3070/5000
fps step: 30112 fps step and policy inference: 29559 fps total: 28226 epoch: 3071/5000
fps step: 30436 fps step and policy inference: 29867 fps total: 28525 epoch: 3072/5000
fps step: 22628 fps step and policy inference: 22325 fps total: 21566 epoch: 3073/5000
fps step: 29811 fps step and policy inference: 29291 fps total: 27961 epoch: 3074/5000
fps step: 30303 fps step and policy inference: 29760 fps total: 28496 epoch: 3075/5000
fps step: 32636 fps step and policy inference: 32055 fps total: 30588 epoch: 3076/5000
fps step: 33118 fps step and policy inference: 32555 fps total: 31021 epoch: 3077/5000
fps step: 33201 fps step and policy inference: 32631 fps total: 31125 epoch: 3078/5000
fps step: 32936 fps step and policy inference: 32319 fps total: 30811 epoch: 3079/5000
fps step: 22235 fps step and policy inference: 21952 fps total: 21188 epoch: 3080/5000
fps step: 31883 fps step and policy inference: 31313 fps total: 29896 epoch: 3081/5000
fps step: 32993 fps step and policy inference: 32395 fps total: 30898 epoch: 3082/5000
fps step: 33067 fps step and policy inference: 32484 fps total: 30995 epoch: 3083/5000
fps step: 32832 fps step and policy inference: 32228 fps total: 30735 epoch: 3084/5000
fps step: 32978 fps step and policy inference: 32332 fps total: 30857 epoch: 3085/5000
fps step: 31820 fps step and policy inference: 31233 fps total: 29745 epoch: 3086/5000
fps step: 31227 fps step and policy inference: 30664 fps total: 29273 epoch: 3087/5000
fps step: 20681 fps step and policy inference: 20426 fps total: 19818 epoch: 3088/5000
fps step: 32764 fps step and policy inference: 32150 fps total: 30703 epoch: 3089/5000
fps step: 32242 fps step and policy inference: 31657 fps total: 30180 epoch: 3090/5000
fps step: 31703 fps step and policy inference: 31098 fps total: 29636 epoch: 3091/5000
fps step: 32330 fps step and policy inference: 31716 fps total: 30242 epoch: 3092/5000
fps step: 33109 fps step and policy inference: 32505 fps total: 31017 epoch: 3093/5000
fps step: 31508 fps step and policy inference: 30935 fps total: 29546 epoch: 3094/5000
fps step: 22179 fps step and policy inference: 21881 fps total: 21171 epoch: 3095/5000
fps step: 31338 fps step and policy inference: 30776 fps total: 29400 epoch: 3096/5000
fps step: 31456 fps step and policy inference: 30910 fps total: 29530 epoch: 3097/5000
fps step: 32540 fps step and policy inference: 31983 fps total: 30558 epoch: 3098/5000
fps step: 32716 fps step and policy inference: 32110 fps total: 30596 epoch: 3099/5000
fps step: 31765 fps step and policy inference: 31129 fps total: 29757 epoch: 3100/5000
fps step: 31857 fps step and policy inference: 31253 fps total: 29827 epoch: 3101/5000
fps step: 21067 fps step and policy inference: 20810 fps total: 20137 epoch: 3102/5000
fps step: 32022 fps step and policy inference: 31426 fps total: 29933 epoch: 3103/5000
fps step: 32187 fps step and policy inference: 31613 fps total: 30154 epoch: 3104/5000
fps step: 32840 fps step and policy inference: 32247 fps total: 30672 epoch: 3105/5000
fps step: 33024 fps step and policy inference: 32420 fps total: 30785 epoch: 3106/5000
fps step: 31852 fps step and policy inference: 31223 fps total: 29793 epoch: 3107/5000
fps step: 31983 fps step and policy inference: 31401 fps total: 29983 epoch: 3108/5000
fps step: 31434 fps step and policy inference: 30849 fps total: 29469 epoch: 3109/5000
fps step: 21364 fps step and policy inference: 21108 fps total: 20453 epoch: 3110/5000
fps step: 32565 fps step and policy inference: 31977 fps total: 30480 epoch: 3111/5000
fps step: 32092 fps step and policy inference: 31556 fps total: 30065 epoch: 3112/5000
fps step: 31910 fps step and policy inference: 31348 fps total: 29947 epoch: 3113/5000
fps step: 32881 fps step and policy inference: 32277 fps total: 30806 epoch: 3114/5000
fps step: 33042 fps step and policy inference: 32399 fps total: 30791 epoch: 3115/5000
fps step: 31430 fps step and policy inference: 30902 fps total: 29557 epoch: 3116/5000
fps step: 21515 fps step and policy inference: 21259 fps total: 20576 epoch: 3117/5000
fps step: 32182 fps step and policy inference: 31582 fps total: 30217 epoch: 3118/5000
fps step: 33067 fps step and policy inference: 32523 fps total: 30978 epoch: 3119/5000
fps step: 33062 fps step and policy inference: 32524 fps total: 31078 epoch: 3120/5000
fps step: 33101 fps step and policy inference: 32554 fps total: 31144 epoch: 3121/5000
fps step: 32856 fps step and policy inference: 32291 fps total: 30900 epoch: 3122/5000
fps step: 31120 fps step and policy inference: 30618 fps total: 29320 epoch: 3123/5000
fps step: 32162 fps step and policy inference: 31631 fps total: 30219 epoch: 3124/5000
fps step: 20490 fps step and policy inference: 20268 fps total: 19703 epoch: 3125/5000
fps step: 33278 fps step and policy inference: 32730 fps total: 31284 epoch: 3126/5000
fps step: 33421 fps step and policy inference: 32830 fps total: 31391 epoch: 3127/5000
fps step: 33312 fps step and policy inference: 32713 fps total: 31162 epoch: 3128/5000
fps step: 32158 fps step and policy inference: 31588 fps total: 30216 epoch: 3129/5000
fps step: 32296 fps step and policy inference: 31728 fps total: 30207 epoch: 3130/5000
fps step: 32144 fps step and policy inference: 31577 fps total: 30207 epoch: 3131/5000
fps step: 20665 fps step and policy inference: 20397 fps total: 19746 epoch: 3132/5000
fps step: 32485 fps step and policy inference: 31876 fps total: 30432 epoch: 3133/5000
fps step: 31690 fps step and policy inference: 31175 fps total: 29797 epoch: 3134/5000
fps step: 32163 fps step and policy inference: 31614 fps total: 30133 epoch: 3135/5000
fps step: 30545 fps step and policy inference: 29991 fps total: 28662 epoch: 3136/5000
fps step: 31925 fps step and policy inference: 31308 fps total: 29759 epoch: 3137/5000
fps step: 30850 fps step and policy inference: 30288 fps total: 28995 epoch: 3138/5000
fps step: 20995 fps step and policy inference: 20732 fps total: 20057 epoch: 3139/5000
fps step: 31669 fps step and policy inference: 31083 fps total: 29734 epoch: 3140/5000
fps step: 31141 fps step and policy inference: 30540 fps total: 29166 epoch: 3141/5000
fps step: 32315 fps step and policy inference: 31774 fps total: 30400 epoch: 3142/5000
fps step: 31283 fps step and policy inference: 30802 fps total: 29528 epoch: 3143/5000
fps step: 32713 fps step and policy inference: 32190 fps total: 30762 epoch: 3144/5000
fps step: 31192 fps step and policy inference: 30646 fps total: 29340 epoch: 3145/5000
fps step: 32345 fps step and policy inference: 31771 fps total: 30281 epoch: 3146/5000
fps step: 20947 fps step and policy inference: 20678 fps total: 20060 epoch: 3147/5000
fps step: 32682 fps step and policy inference: 32115 fps total: 30700 epoch: 3148/5000
fps step: 31731 fps step and policy inference: 31202 fps total: 29854 epoch: 3149/5000
fps step: 31286 fps step and policy inference: 30706 fps total: 29326 epoch: 3150/5000
fps step: 32347 fps step and policy inference: 31814 fps total: 30397 epoch: 3151/5000
fps step: 31536 fps step and policy inference: 30986 fps total: 29535 epoch: 3152/5000
fps step: 33121 fps step and policy inference: 32513 fps total: 31045 epoch: 3153/5000
fps step: 21135 fps step and policy inference: 20861 fps total: 20256 epoch: 3154/5000
fps step: 33021 fps step and policy inference: 32437 fps total: 30941 epoch: 3155/5000
fps step: 31278 fps step and policy inference: 30712 fps total: 29374 epoch: 3156/5000
fps step: 32343 fps step and policy inference: 31757 fps total: 30203 epoch: 3157/5000
fps step: 31049 fps step and policy inference: 30531 fps total: 29245 epoch: 3158/5000
fps step: 31674 fps step and policy inference: 31111 fps total: 29610 epoch: 3159/5000
fps step: 31646 fps step and policy inference: 31090 fps total: 29727 epoch: 3160/5000
fps step: 30954 fps step and policy inference: 30420 fps total: 29005 epoch: 3161/5000
fps step: 21458 fps step and policy inference: 21217 fps total: 20576 epoch: 3162/5000
fps step: 31091 fps step and policy inference: 30565 fps total: 29263 epoch: 3163/5000
fps step: 32604 fps step and policy inference: 32073 fps total: 30607 epoch: 3164/5000
fps step: 31017 fps step and policy inference: 30474 fps total: 29140 epoch: 3165/5000
fps step: 32596 fps step and policy inference: 32033 fps total: 30490 epoch: 3166/5000
fps step: 30673 fps step and policy inference: 30076 fps total: 28809 epoch: 3167/5000
fps step: 32059 fps step and policy inference: 31470 fps total: 29969 epoch: 3168/5000
fps step: 21727 fps step and policy inference: 21466 fps total: 20747 epoch: 3169/5000
fps step: 30181 fps step and policy inference: 29547 fps total: 28199 epoch: 3170/5000
fps step: 32643 fps step and policy inference: 32076 fps total: 30595 epoch: 3171/5000
fps step: 32912 fps step and policy inference: 32283 fps total: 30802 epoch: 3172/5000
fps step: 33102 fps step and policy inference: 32480 fps total: 30991 epoch: 3173/5000
fps step: 31717 fps step and policy inference: 31161 fps total: 29781 epoch: 3174/5000
fps step: 32423 fps step and policy inference: 31860 fps total: 30421 epoch: 3175/5000
fps step: 20484 fps step and policy inference: 20241 fps total: 19630 epoch: 3176/5000
fps step: 30617 fps step and policy inference: 30048 fps total: 28640 epoch: 3177/5000
fps step: 31742 fps step and policy inference: 31152 fps total: 29707 epoch: 3178/5000
fps step: 32675 fps step and policy inference: 32103 fps total: 30565 epoch: 3179/5000
fps step: 32572 fps step and policy inference: 32035 fps total: 30541 epoch: 3180/5000
fps step: 32447 fps step and policy inference: 31894 fps total: 30344 epoch: 3181/5000
fps step: 32572 fps step and policy inference: 32015 fps total: 30585 epoch: 3182/5000
fps step: 30678 fps step and policy inference: 30142 fps total: 28879 epoch: 3183/5000
fps step: 20629 fps step and policy inference: 20374 fps total: 19712 epoch: 3184/5000
fps step: 30889 fps step and policy inference: 30303 fps total: 28956 epoch: 3185/5000
fps step: 32864 fps step and policy inference: 32257 fps total: 30756 epoch: 3186/5000
fps step: 32402 fps step and policy inference: 31823 fps total: 30365 epoch: 3187/5000
fps step: 32521 fps step and policy inference: 31958 fps total: 30550 epoch: 3188/5000
fps step: 33053 fps step and policy inference: 32435 fps total: 30912 epoch: 3189/5000
fps step: 32452 fps step and policy inference: 31855 fps total: 30314 epoch: 3190/5000
fps step: 21048 fps step and policy inference: 20802 fps total: 20131 epoch: 3191/5000
fps step: 30212 fps step and policy inference: 29726 fps total: 28323 epoch: 3192/5000
fps step: 32877 fps step and policy inference: 32275 fps total: 30852 epoch: 3193/5000
fps step: 33150 fps step and policy inference: 32567 fps total: 31085 epoch: 3194/5000
fps step: 32627 fps step and policy inference: 32062 fps total: 30594 epoch: 3195/5000
fps step: 33035 fps step and policy inference: 32441 fps total: 30965 epoch: 3196/5000
fps step: 32657 fps step and policy inference: 32017 fps total: 30592 epoch: 3197/5000
fps step: 20521 fps step and policy inference: 20282 fps total: 19682 epoch: 3198/5000
fps step: 30151 fps step and policy inference: 29567 fps total: 28219 epoch: 3199/5000
fps step: 32134 fps step and policy inference: 31606 fps total: 30169 epoch: 3200/5000
=> saving checkpoint 'runs/specialist_cuboid_train_4k_2026-07-08_16-09-19/nn/last_specialist_cuboid_train_4k_ep_3200_rew_-32.714893.pth'
fps step: 33239 fps step and policy inference: 32652 fps total: 31133 epoch: 3201/5000
fps step: 33422 fps step and policy inference: 32856 fps total: 31305 epoch: 3202/5000
fps step: 32599 fps step and policy inference: 32032 fps total: 30559 epoch: 3203/5000
fps step: 32668 fps step and policy inference: 32115 fps total: 30700 epoch: 3204/5000
fps step: 31826 fps step and policy inference: 31286 fps total: 29753 epoch: 3205/5000
fps step: 20745 fps step and policy inference: 20516 fps total: 19846 epoch: 3206/5000
fps step: 30226 fps step and policy inference: 29665 fps total: 28404 epoch: 3207/5000
fps step: 32692 fps step and policy inference: 32114 fps total: 30630 epoch: 3208/5000
fps step: 33072 fps step and policy inference: 32486 fps total: 31038 epoch: 3209/5000
fps step: 33262 fps step and policy inference: 32706 fps total: 31203 epoch: 3210/5000
fps step: 32754 fps step and policy inference: 32172 fps total: 30737 epoch: 3211/5000
fps step: 32893 fps step and policy inference: 32306 fps total: 30726 epoch: 3212/5000
fps step: 20038 fps step and policy inference: 19806 fps total: 19238 epoch: 3213/5000
fps step: 30527 fps step and policy inference: 29982 fps total: 28622 epoch: 3214/5000
fps step: 32451 fps step and policy inference: 31922 fps total: 30556 epoch: 3215/5000
fps step: 33238 fps step and policy inference: 32626 fps total: 31090 epoch: 3216/5000
fps step: 33054 fps step and policy inference: 32466 fps total: 30946 epoch: 3217/5000
fps step: 33251 fps step and policy inference: 32676 fps total: 31195 epoch: 3218/5000
fps step: 33107 fps step and policy inference: 32520 fps total: 31042 epoch: 3219/5000
fps step: 31893 fps step and policy inference: 31279 fps total: 29889 epoch: 3220/5000
fps step: 20224 fps step and policy inference: 19994 fps total: 19369 epoch: 3221/5000
fps step: 31734 fps step and policy inference: 31214 fps total: 29857 epoch: 3222/5000
fps step: 32985 fps step and policy inference: 32413 fps total: 30922 epoch: 3223/5000
fps step: 32957 fps step and policy inference: 32375 fps total: 30920 epoch: 3224/5000
fps step: 33042 fps step and policy inference: 32428 fps total: 30908 epoch: 3225/5000
fps step: 33534 fps step and policy inference: 32945 fps total: 31388 epoch: 3226/5000
fps step: 32721 fps step and policy inference: 32153 fps total: 30700 epoch: 3227/5000
fps step: 20198 fps step and policy inference: 19951 fps total: 19312 epoch: 3228/5000
fps step: 29356 fps step and policy inference: 28821 fps total: 27539 epoch: 3229/5000
fps step: 32108 fps step and policy inference: 31478 fps total: 30054 epoch: 3230/5000
fps step: 31573 fps step and policy inference: 30993 fps total: 29602 epoch: 3231/5000
fps step: 31699 fps step and policy inference: 31140 fps total: 29750 epoch: 3232/5000
fps step: 31237 fps step and policy inference: 30691 fps total: 29319 epoch: 3233/5000
fps step: 31476 fps step and policy inference: 30869 fps total: 29474 epoch: 3234/5000
fps step: 31639 fps step and policy inference: 31128 fps total: 29775 epoch: 3235/5000
fps step: 21691 fps step and policy inference: 21417 fps total: 20693 epoch: 3236/5000
fps step: 31027 fps step and policy inference: 30487 fps total: 29093 epoch: 3237/5000
fps step: 31778 fps step and policy inference: 31218 fps total: 29836 epoch: 3238/5000
fps step: 32023 fps step and policy inference: 31483 fps total: 30041 epoch: 3239/5000
fps step: 32152 fps step and policy inference: 31624 fps total: 30163 epoch: 3240/5000
fps step: 31411 fps step and policy inference: 30870 fps total: 29490 epoch: 3241/5000
fps step: 32186 fps step and policy inference: 31650 fps total: 30243 epoch: 3242/5000
fps step: 22122 fps step and policy inference: 21868 fps total: 21165 epoch: 3243/5000
fps step: 31468 fps step and policy inference: 30903 fps total: 29482 epoch: 3244/5000
fps step: 31835 fps step and policy inference: 31269 fps total: 29791 epoch: 3245/5000
fps step: 32426 fps step and policy inference: 31863 fps total: 30452 epoch: 3246/5000
fps step: 32357 fps step and policy inference: 31788 fps total: 30344 epoch: 3247/5000
fps step: 30823 fps step and policy inference: 30270 fps total: 28894 epoch: 3248/5000
fps step: 31193 fps step and policy inference: 30628 fps total: 29229 epoch: 3249/5000
fps step: 21755 fps step and policy inference: 21482 fps total: 20804 epoch: 3250/5000
fps step: 32080 fps step and policy inference: 31523 fps total: 30031 epoch: 3251/5000
fps step: 31617 fps step and policy inference: 31098 fps total: 29657 epoch: 3252/5000
fps step: 31672 fps step and policy inference: 31127 fps total: 29760 epoch: 3253/5000
fps step: 32207 fps step and policy inference: 31633 fps total: 30176 epoch: 3254/5000
fps step: 31487 fps step and policy inference: 30950 fps total: 29525 epoch: 3255/5000
fps step: 30681 fps step and policy inference: 30088 fps total: 28670 epoch: 3256/5000
fps step: 31752 fps step and policy inference: 31199 fps total: 29766 epoch: 3257/5000
fps step: 21611 fps step and policy inference: 21338 fps total: 20631 epoch: 3258/5000
fps step: 31800 fps step and policy inference: 31218 fps total: 29824 epoch: 3259/5000
fps step: 32135 fps step and policy inference: 31552 fps total: 30077 epoch: 3260/5000
fps step: 32481 fps step and policy inference: 31850 fps total: 30327 epoch: 3261/5000
fps step: 32004 fps step and policy inference: 31443 fps total: 30037 epoch: 3262/5000
fps step: 31249 fps step and policy inference: 30661 fps total: 29265 epoch: 3263/5000
fps step: 32096 fps step and policy inference: 31564 fps total: 30192 epoch: 3264/5000
fps step: 21583 fps step and policy inference: 21328 fps total: 20661 epoch: 3265/5000
fps step: 31795 fps step and policy inference: 31198 fps total: 29741 epoch: 3266/5000
fps step: 31850 fps step and policy inference: 31291 fps total: 29817 epoch: 3267/5000
fps step: 32674 fps step and policy inference: 32075 fps total: 30599 epoch: 3268/5000
fps step: 32241 fps step and policy inference: 31625 fps total: 30213 epoch: 3269/5000
fps step: 31431 fps step and policy inference: 30917 fps total: 29529 epoch: 3270/5000
fps step: 31017 fps step and policy inference: 30494 fps total: 29123 epoch: 3271/5000
fps step: 21746 fps step and policy inference: 21460 fps total: 20746 epoch: 3272/5000
fps step: 31856 fps step and policy inference: 31324 fps total: 29911 epoch: 3273/5000
fps step: 31681 fps step and policy inference: 31132 fps total: 29754 epoch: 3274/5000
fps step: 32052 fps step and policy inference: 31482 fps total: 30106 epoch: 3275/5000
fps step: 32716 fps step and policy inference: 32172 fps total: 30703 epoch: 3276/5000
fps step: 32304 fps step and policy inference: 31725 fps total: 30291 epoch: 3277/5000
fps step: 32614 fps step and policy inference: 32081 fps total: 30626 epoch: 3278/5000
fps step: 32458 fps step and policy inference: 31904 fps total: 30475 epoch: 3279/5000
fps step: 21625 fps step and policy inference: 21367 fps total: 20714 epoch: 3280/5000
fps step: 31485 fps step and policy inference: 30905 fps total: 29570 epoch: 3281/5000
fps step: 31732 fps step and policy inference: 31201 fps total: 29791 epoch: 3282/5000
fps step: 32689 fps step and policy inference: 32147 fps total: 30690 epoch: 3283/5000
fps step: 32712 fps step and policy inference: 32102 fps total: 30635 epoch: 3284/5000
fps step: 32427 fps step and policy inference: 31857 fps total: 30403 epoch: 3285/5000
fps step: 32225 fps step and policy inference: 31681 fps total: 30214 epoch: 3286/5000
fps step: 32288 fps step and policy inference: 21591 fps total: 20894 epoch: 3287/5000
fps step: 31834 fps step and policy inference: 31299 fps total: 29895 epoch: 3288/5000
fps step: 31928 fps step and policy inference: 31359 fps total: 29939 epoch: 3289/5000
fps step: 32392 fps step and policy inference: 31774 fps total: 30345 epoch: 3290/5000
fps step: 32740 fps step and policy inference: 32126 fps total: 30704 epoch: 3291/5000
fps step: 32230 fps step and policy inference: 31680 fps total: 30194 epoch: 3292/5000
fps step: 31951 fps step and policy inference: 31397 fps total: 29991 epoch: 3293/5000
fps step: 32439 fps step and policy inference: 31844 fps total: 30384 epoch: 3294/5000
fps step: 21575 fps step and policy inference: 21302 fps total: 20644 epoch: 3295/5000
fps step: 31843 fps step and policy inference: 31303 fps total: 29891 epoch: 3296/5000
fps step: 32178 fps step and policy inference: 31616 fps total: 30251 epoch: 3297/5000
fps step: 32563 fps step and policy inference: 31949 fps total: 30536 epoch: 3298/5000
fps step: 32534 fps step and policy inference: 31909 fps total: 30468 epoch: 3299/5000
fps step: 32246 fps step and policy inference: 31697 fps total: 30274 epoch: 3300/5000
fps step: 32155 fps step and policy inference: 31612 fps total: 30173 epoch: 3301/5000
fps step: 21773 fps step and policy inference: 21512 fps total: 20859 epoch: 3302/5000
fps step: 31762 fps step and policy inference: 31205 fps total: 29796 epoch: 3303/5000
fps step: 31505 fps step and policy inference: 30937 fps total: 29614 epoch: 3304/5000
fps step: 32297 fps step and policy inference: 31719 fps total: 30309 epoch: 3305/5000
fps step: 31990 fps step and policy inference: 31443 fps total: 30053 epoch: 3306/5000
fps step: 31419 fps step and policy inference: 30825 fps total: 29453 epoch: 3307/5000
fps step: 31465 fps step and policy inference: 30903 fps total: 29567 epoch: 3308/5000
fps step: 32000 fps step and policy inference: 31440 fps total: 29959 epoch: 3309/5000
fps step: 21203 fps step and policy inference: 20946 fps total: 20300 epoch: 3310/5000
fps step: 31076 fps step and policy inference: 30509 fps total: 29118 epoch: 3311/5000
fps step: 32154 fps step and policy inference: 31576 fps total: 30090 epoch: 3312/5000
fps step: 32527 fps step and policy inference: 31911 fps total: 30411 epoch: 3313/5000
fps step: 31769 fps step and policy inference: 31185 fps total: 29699 epoch: 3314/5000
fps step: 32015 fps step and policy inference: 31443 fps total: 29949 epoch: 3315/5000
fps step: 31924 fps step and policy inference: 31319 fps total: 29817 epoch: 3316/5000
fps step: 21605 fps step and policy inference: 21360 fps total: 20665 epoch: 3317/5000
fps step: 31512 fps step and policy inference: 30975 fps total: 29575 epoch: 3318/5000
fps step: 32119 fps step and policy inference: 31531 fps total: 30125 epoch: 3319/5000
fps step: 32825 fps step and policy inference: 32174 fps total: 30656 epoch: 3320/5000
fps step: 32477 fps step and policy inference: 31888 fps total: 30330 epoch: 3321/5000
fps step: 32234 fps step and policy inference: 31630 fps total: 30192 epoch: 3322/5000
fps step: 32253 fps step and policy inference: 31678 fps total: 30236 epoch: 3323/5000
fps step: 21751 fps step and policy inference: 21488 fps total: 20806 epoch: 3324/5000
fps step: 31478 fps step and policy inference: 30923 fps total: 29510 epoch: 3325/5000
fps step: 31514 fps step and policy inference: 30938 fps total: 29574 epoch: 3326/5000
fps step: 33018 fps step and policy inference: 32443 fps total: 30959 epoch: 3327/5000
fps step: 32979 fps step and policy inference: 32386 fps total: 30845 epoch: 3328/5000
fps step: 31679 fps step and policy inference: 31165 fps total: 29740 epoch: 3329/5000
fps step: 31928 fps step and policy inference: 31331 fps total: 29869 epoch: 3330/5000
fps step: 31704 fps step and policy inference: 31117 fps total: 29705 epoch: 3331/5000
fps step: 21834 fps step and policy inference: 21565 fps total: 20884 epoch: 3332/5000
fps step: 31929 fps step and policy inference: 31386 fps total: 29991 epoch: 3333/5000
fps step: 33060 fps step and policy inference: 32487 fps total: 30977 epoch: 3334/5000
fps step: 33128 fps step and policy inference: 32495 fps total: 30946 epoch: 3335/5000
fps step: 33137 fps step and policy inference: 32481 fps total: 30880 epoch: 3336/5000
fps step: 31984 fps step and policy inference: 31367 fps total: 29893 epoch: 3337/5000
fps step: 32504 fps step and policy inference: 31850 fps total: 30364 epoch: 3338/5000
fps step: 20558 fps step and policy inference: 20274 fps total: 19645 epoch: 3339/5000
fps step: 33084 fps step and policy inference: 32555 fps total: 31017 epoch: 3340/5000
fps step: 31611 fps step and policy inference: 31098 fps total: 29725 epoch: 3341/5000
fps step: 32845 fps step and policy inference: 32285 fps total: 30770 epoch: 3342/5000
fps step: 31990 fps step and policy inference: 31410 fps total: 30016 epoch: 3343/5000
fps step: 33586 fps step and policy inference: 33019 fps total: 31460 epoch: 3344/5000
fps step: 32280 fps step and policy inference: 31714 fps total: 30300 epoch: 3345/5000
fps step: 31077 fps step and policy inference: 30495 fps total: 29156 epoch: 3346/5000
fps step: 18919 fps step and policy inference: 18699 fps total: 18197 epoch: 3347/5000
fps step: 31918 fps step and policy inference: 31357 fps total: 29997 epoch: 3348/5000
fps step: 33010 fps step and policy inference: 32394 fps total: 30979 epoch: 3349/5000
fps step: 33134 fps step and policy inference: 32585 fps total: 31134 epoch: 3350/5000
fps step: 32738 fps step and policy inference: 32112 fps total: 30627 epoch: 3351/5000
fps step: 32739 fps step and policy inference: 32092 fps total: 30554 epoch: 3352/5000
fps step: 31669 fps step and policy inference: 31100 fps total: 29700 epoch: 3353/5000
fps step: 19520 fps step and policy inference: 19318 fps total: 18751 epoch: 3354/5000
fps step: 31526 fps step and policy inference: 30951 fps total: 29526 epoch: 3355/5000
fps step: 31877 fps step and policy inference: 31338 fps total: 29913 epoch: 3356/5000
fps step: 31614 fps step and policy inference: 31075 fps total: 29682 epoch: 3357/5000
fps step: 33834 fps step and policy inference: 33261 fps total: 31740 epoch: 3358/5000
fps step: 33838 fps step and policy inference: 33267 fps total: 31728 epoch: 3359/5000
fps step: 34188 fps step and policy inference: 33586 fps total: 32040 epoch: 3360/5000
fps step: 33852 fps step and policy inference: 33247 fps total: 31735 epoch: 3361/5000
fps step: 19852 fps step and policy inference: 19648 fps total: 19067 epoch: 3362/5000
fps step: 31866 fps step and policy inference: 31310 fps total: 29982 epoch: 3363/5000
fps step: 33542 fps step and policy inference: 32953 fps total: 31449 epoch: 3364/5000
fps step: 33660 fps step and policy inference: 33113 fps total: 31605 epoch: 3365/5000
fps step: 34013 fps step and policy inference: 33456 fps total: 31949 epoch: 3366/5000
fps step: 33470 fps step and policy inference: 32851 fps total: 31307 epoch: 3367/5000
fps step: 32905 fps step and policy inference: 32338 fps total: 30828 epoch: 3368/5000
fps step: 18878 fps step and policy inference: 18676 fps total: 18125 epoch: 3369/5000
fps step: 30813 fps step and policy inference: 30265 fps total: 28857 epoch: 3370/5000
fps step: 32444 fps step and policy inference: 31813 fps total: 30396 epoch: 3371/5000
fps step: 33142 fps step and policy inference: 32549 fps total: 31098 epoch: 3372/5000
fps step: 33086 fps step and policy inference: 32491 fps total: 31016 epoch: 3373/5000
fps step: 33804 fps step and policy inference: 33159 fps total: 31677 epoch: 3374/5000
fps step: 33255 fps step and policy inference: 32675 fps total: 31167 epoch: 3375/5000
fps step: 33421 fps step and policy inference: 32865 fps total: 31308 epoch: 3376/5000
fps step: 19358 fps step and policy inference: 19150 fps total: 18593 epoch: 3377/5000
fps step: 31868 fps step and policy inference: 31293 fps total: 29946 epoch: 3378/5000
fps step: 33737 fps step and policy inference: 33120 fps total: 31641 epoch: 3379/5000
fps step: 34149 fps step and policy inference: 33554 fps total: 31977 epoch: 3380/5000
fps step: 34051 fps step and policy inference: 33448 fps total: 31916 epoch: 3381/5000
fps step: 33696 fps step and policy inference: 33111 fps total: 31562 epoch: 3382/5000
fps step: 32879 fps step and policy inference: 32302 fps total: 30864 epoch: 3383/5000
fps step: 31899 fps step and policy inference: 31345 fps total: 29895 epoch: 3384/5000
fps step: 18423 fps step and policy inference: 18231 fps total: 17741 epoch: 3385/5000
fps step: 32265 fps step and policy inference: 31687 fps total: 30238 epoch: 3386/5000
fps step: 32733 fps step and policy inference: 32173 fps total: 30683 epoch: 3387/5000
fps step: 32688 fps step and policy inference: 32041 fps total: 30504 epoch: 3388/5000
fps step: 32572 fps step and policy inference: 31997 fps total: 30561 epoch: 3389/5000
fps step: 32245 fps step and policy inference: 31668 fps total: 30236 epoch: 3390/5000
fps step: 32249 fps step and policy inference: 31674 fps total: 30146 epoch: 3391/5000
fps step: 18557 fps step and policy inference: 18360 fps total: 17837 epoch: 3392/5000
fps step: 32059 fps step and policy inference: 31465 fps total: 30098 epoch: 3393/5000
fps step: 33222 fps step and policy inference: 32605 fps total: 31090 epoch: 3394/5000
fps step: 32862 fps step and policy inference: 32264 fps total: 30797 epoch: 3395/5000
fps step: 33148 fps step and policy inference: 32516 fps total: 31039 epoch: 3396/5000
fps step: 32321 fps step and policy inference: 31764 fps total: 30341 epoch: 3397/5000
fps step: 32681 fps step and policy inference: 32118 fps total: 30662 epoch: 3398/5000
fps step: 31685 fps step and policy inference: 31064 fps total: 18368 epoch: 3399/5000
fps step: 31430 fps step and policy inference: 30865 fps total: 29430 epoch: 3400/5000
=> saving checkpoint 'runs/specialist_cuboid_train_4k_2026-07-08_16-09-19/nn/last_specialist_cuboid_train_4k_ep_3400_rew_-31.025017.pth'
fps step: 32556 fps step and policy inference: 32007 fps total: 30493 epoch: 3401/5000
fps step: 32553 fps step and policy inference: 31940 fps total: 30435 epoch: 3402/5000
fps step: 32190 fps step and policy inference: 31607 fps total: 30156 epoch: 3403/5000
fps step: 32712 fps step and policy inference: 32105 fps total: 30595 epoch: 3404/5000
fps step: 32381 fps step and policy inference: 31795 fps total: 30346 epoch: 3405/5000
fps step: 32351 fps step and policy inference: 31776 fps total: 30309 epoch: 3406/5000
fps step: 21247 fps step and policy inference: 20995 fps total: 20334 epoch: 3407/5000
fps step: 32878 fps step and policy inference: 32301 fps total: 30761 epoch: 3408/5000
fps step: 32935 fps step and policy inference: 32371 fps total: 30819 epoch: 3409/5000
fps step: 33156 fps step and policy inference: 32610 fps total: 31055 epoch: 3410/5000
fps step: 32955 fps step and policy inference: 32306 fps total: 30818 epoch: 3411/5000
fps step: 32562 fps step and policy inference: 31994 fps total: 30527 epoch: 3412/5000
fps step: 32103 fps step and policy inference: 31483 fps total: 30011 epoch: 3413/5000
fps step: 31877 fps step and policy inference: 31304 fps total: 19478 epoch: 3414/5000
fps step: 32221 fps step and policy inference: 31598 fps total: 30140 epoch: 3415/5000
fps step: 32701 fps step and policy inference: 32150 fps total: 30682 epoch: 3416/5000
fps step: 32833 fps step and policy inference: 32259 fps total: 30741 epoch: 3417/5000
fps step: 33037 fps step and policy inference: 32444 fps total: 30921 epoch: 3418/5000
fps step: 32818 fps step and policy inference: 32242 fps total: 30760 epoch: 3419/5000
fps step: 32551 fps step and policy inference: 31991 fps total: 30505 epoch: 3420/5000
fps step: 33071 fps step and policy inference: 32448 fps total: 30893 epoch: 3421/5000
fps step: 20489 fps step and policy inference: 20255 fps total: 19653 epoch: 3422/5000
fps step: 32402 fps step and policy inference: 31854 fps total: 30376 epoch: 3423/5000
fps step: 32484 fps step and policy inference: 31948 fps total: 30509 epoch: 3424/5000
fps step: 32418 fps step and policy inference: 31810 fps total: 30379 epoch: 3425/5000
fps step: 32942 fps step and policy inference: 32392 fps total: 30901 epoch: 3426/5000
fps step: 32651 fps step and policy inference: 32070 fps total: 30624 epoch: 3427/5000
fps step: 32527 fps step and policy inference: 31896 fps total: 30495 epoch: 3428/5000
fps step: 32719 fps step and policy inference: 32185 fps total: 30737 epoch: 3429/5000
fps step: 20443 fps step and policy inference: 20179 fps total: 19614 epoch: 3430/5000
fps step: 32246 fps step and policy inference: 31661 fps total: 30291 epoch: 3431/5000
fps step: 32385 fps step and policy inference: 31826 fps total: 30446 epoch: 3432/5000
fps step: 32811 fps step and policy inference: 32274 fps total: 30874 epoch: 3433/5000
fps step: 32658 fps step and policy inference: 32100 fps total: 30653 epoch: 3434/5000
fps step: 32391 fps step and policy inference: 31785 fps total: 30365 epoch: 3435/5000
fps step: 32063 fps step and policy inference: 31483 fps total: 30042 epoch: 3436/5000
fps step: 20249 fps step and policy inference: 20019 fps total: 19452 epoch: 3437/5000
fps step: 32776 fps step and policy inference: 32227 fps total: 30778 epoch: 3438/5000
fps step: 32592 fps step and policy inference: 31982 fps total: 30510 epoch: 3439/5000
fps step: 32283 fps step and policy inference: 31679 fps total: 30238 epoch: 3440/5000
fps step: 32797 fps step and policy inference: 32198 fps total: 30694 epoch: 3441/5000
fps step: 32356 fps step and policy inference: 31761 fps total: 30311 epoch: 3442/5000
fps step: 32933 fps step and policy inference: 32379 fps total: 30904 epoch: 3443/5000
fps step: 32763 fps step and policy inference: 32219 fps total: 30734 epoch: 3444/5000
fps step: 20089 fps step and policy inference: 19844 fps total: 19253 epoch: 3445/5000
fps step: 31722 fps step and policy inference: 31113 fps total: 29722 epoch: 3446/5000
fps step: 32414 fps step and policy inference: 31782 fps total: 30370 epoch: 3447/5000
fps step: 32427 fps step and policy inference: 31854 fps total: 30431 epoch: 3448/5000
fps step: 32356 fps step and policy inference: 31731 fps total: 30229 epoch: 3449/5000
fps step: 32781 fps step and policy inference: 32181 fps total: 30648 epoch: 3450/5000
fps step: 32730 fps step and policy inference: 32124 fps total: 30607 epoch: 3451/5000
fps step: 20360 fps step and policy inference: 20121 fps total: 19556 epoch: 3452/5000
fps step: 32500 fps step and policy inference: 31902 fps total: 30492 epoch: 3453/5000
fps step: 32644 fps step and policy inference: 32083 fps total: 30646 epoch: 3454/5000
fps step: 33118 fps step and policy inference: 32562 fps total: 31057 epoch: 3455/5000
fps step: 32383 fps step and policy inference: 31754 fps total: 30303 epoch: 3456/5000
fps step: 32635 fps step and policy inference: 32006 fps total: 30584 epoch: 3457/5000
fps step: 32487 fps step and policy inference: 31910 fps total: 30460 epoch: 3458/5000
fps step: 32715 fps step and policy inference: 32100 fps total: 30671 epoch: 3459/5000
fps step: 20161 fps step and policy inference: 19934 fps total: 19358 epoch: 3460/5000
fps step: 32606 fps step and policy inference: 32042 fps total: 30606 epoch: 3461/5000
fps step: 32775 fps step and policy inference: 32205 fps total: 30752 epoch: 3462/5000
fps step: 32594 fps step and policy inference: 31999 fps total: 30568 epoch: 3463/5000
fps step: 32507 fps step and policy inference: 31914 fps total: 30484 epoch: 3464/5000
fps step: 32565 fps step and policy inference: 32007 fps total: 30540 epoch: 3465/5000
fps step: 32074 fps step and policy inference: 31516 fps total: 30093 epoch: 3466/5000
fps step: 20079 fps step and policy inference: 19851 fps total: 19284 epoch: 3467/5000
fps step: 32196 fps step and policy inference: 31652 fps total: 30222 epoch: 3468/5000
fps step: 31675 fps step and policy inference: 31123 fps total: 29715 epoch: 3469/5000
fps step: 31964 fps step and policy inference: 31372 fps total: 29963 epoch: 3470/5000
fps step: 31634 fps step and policy inference: 31071 fps total: 29614 epoch: 3471/5000
fps step: 31307 fps step and policy inference: 30745 fps total: 29337 epoch: 3472/5000
fps step: 31504 fps step and policy inference: 30965 fps total: 29602 epoch: 3473/5000
fps step: 31865 fps step and policy inference: 31341 fps total: 29914 epoch: 3474/5000
fps step: 20078 fps step and policy inference: 19849 fps total: 19273 epoch: 3475/5000
fps step: 32145 fps step and policy inference: 31575 fps total: 30140 epoch: 3476/5000
fps step: 32242 fps step and policy inference: 31657 fps total: 30147 epoch: 3477/5000
fps step: 31831 fps step and policy inference: 31274 fps total: 29831 epoch: 3478/5000
fps step: 32179 fps step and policy inference: 31610 fps total: 30141 epoch: 3479/5000
fps step: 31618 fps step and policy inference: 31008 fps total: 29589 epoch: 3480/5000
fps step: 32088 fps step and policy inference: 31514 fps total: 30064 epoch: 3481/5000
fps step: 20081 fps step and policy inference: 19862 fps total: 19276 epoch: 3482/5000
fps step: 31728 fps step and policy inference: 31144 fps total: 29713 epoch: 3483/5000
fps step: 32182 fps step and policy inference: 31585 fps total: 30124 epoch: 3484/5000
fps step: 32374 fps step and policy inference: 31815 fps total: 30354 epoch: 3485/5000
fps step: 32497 fps step and policy inference: 31877 fps total: 30384 epoch: 3486/5000
fps step: 32434 fps step and policy inference: 31813 fps total: 30353 epoch: 3487/5000
fps step: 32418 fps step and policy inference: 31747 fps total: 30299 epoch: 3488/5000
fps step: 32671 fps step and policy inference: 32055 fps total: 30520 epoch: 3489/5000
fps step: 20154 fps step and policy inference: 19874 fps total: 19280 epoch: 3490/5000
fps step: 32475 fps step and policy inference: 31860 fps total: 30430 epoch: 3491/5000
fps step: 32863 fps step and policy inference: 32295 fps total: 30829 epoch: 3492/5000
fps step: 32716 fps step and policy inference: 32101 fps total: 30598 epoch: 3493/5000
fps step: 32334 fps step and policy inference: 31799 fps total: 30340 epoch: 3494/5000
fps step: 31700 fps step and policy inference: 31147 fps total: 29721 epoch: 3495/5000
fps step: 31180 fps step and policy inference: 30577 fps total: 29194 epoch: 3496/5000
fps step: 20240 fps step and policy inference: 19995 fps total: 19403 epoch: 3497/5000
fps step: 31946 fps step and policy inference: 31383 fps total: 29970 epoch: 3498/5000
fps step: 32221 fps step and policy inference: 31599 fps total: 30213 epoch: 3499/5000
fps step: 32418 fps step and policy inference: 31849 fps total: 30392 epoch: 3500/5000
fps step: 32071 fps step and policy inference: 31497 fps total: 30024 epoch: 3501/5000
fps step: 31733 fps step and policy inference: 31117 fps total: 29672 epoch: 3502/5000
fps step: 32886 fps step and policy inference: 32190 fps total: 30663 epoch: 3503/5000
fps step: 19565 fps step and policy inference: 19370 fps total: 18812 epoch: 3504/5000
fps step: 31802 fps step and policy inference: 31272 fps total: 29872 epoch: 3505/5000
fps step: 32634 fps step and policy inference: 32106 fps total: 30578 epoch: 3506/5000
fps step: 32841 fps step and policy inference: 32309 fps total: 30810 epoch: 3507/5000
fps step: 32574 fps step and policy inference: 32017 fps total: 30542 epoch: 3508/5000
fps step: 32658 fps step and policy inference: 32088 fps total: 30657 epoch: 3509/5000
fps step: 32152 fps step and policy inference: 31530 fps total: 30059 epoch: 3510/5000
fps step: 32206 fps step and policy inference: 31647 fps total: 30215 epoch: 3511/5000
fps step: 18542 fps step and policy inference: 18362 fps total: 17853 epoch: 3512/5000
fps step: 31867 fps step and policy inference: 31345 fps total: 29966 epoch: 3513/5000
fps step: 32782 fps step and policy inference: 32195 fps total: 30786 epoch: 3514/5000
fps step: 33332 fps step and policy inference: 32767 fps total: 31260 epoch: 3515/5000
fps step: 33686 fps step and policy inference: 33100 fps total: 31561 epoch: 3516/5000
fps step: 33133 fps step and policy inference: 32521 fps total: 31029 epoch: 3517/5000
fps step: 32078 fps step and policy inference: 31499 fps total: 30099 epoch: 3518/5000
fps step: 18687 fps step and policy inference: 18479 fps total: 17929 epoch: 3519/5000
fps step: 30828 fps step and policy inference: 30274 fps total: 28943 epoch: 3520/5000
fps step: 32708 fps step and policy inference: 32130 fps total: 30713 epoch: 3521/5000
fps step: 33947 fps step and policy inference: 33351 fps total: 31799 epoch: 3522/5000
fps step: 34222 fps step and policy inference: 33604 fps total: 32072 epoch: 3523/5000
fps step: 33451 fps step and policy inference: 32835 fps total: 31332 epoch: 3524/5000
fps step: 33192 fps step and policy inference: 32651 fps total: 31130 epoch: 3525/5000
fps step: 33213 fps step and policy inference: 32621 fps total: 31110 epoch: 3526/5000
fps step: 18926 fps step and policy inference: 18735 fps total: 18190 epoch: 3527/5000
fps step: 32337 fps step and policy inference: 31777 fps total: 30324 epoch: 3528/5000
fps step: 33480 fps step and policy inference: 32923 fps total: 31405 epoch: 3529/5000
fps step: 33748 fps step and policy inference: 33154 fps total: 31597 epoch: 3530/5000
fps step: 33539 fps step and policy inference: 32935 fps total: 31424 epoch: 3531/5000
fps step: 33279 fps step and policy inference: 32703 fps total: 31220 epoch: 3532/5000
fps step: 32867 fps step and policy inference: 32209 fps total: 30757 epoch: 3533/5000
fps step: 32655 fps step and policy inference: 32058 fps total: 30566 epoch: 3534/5000
fps step: 18867 fps step and policy inference: 18647 fps total: 18124 epoch: 3535/5000
fps step: 32677 fps step and policy inference: 32123 fps total: 30682 epoch: 3536/5000
fps step: 33091 fps step and policy inference: 32488 fps total: 31013 epoch: 3537/5000
fps step: 33628 fps step and policy inference: 33016 fps total: 31551 epoch: 3538/5000
fps step: 34137 fps step and policy inference: 33523 fps total: 31973 epoch: 3539/5000
fps step: 33334 fps step and policy inference: 32716 fps total: 31156 epoch: 3540/5000
fps step: 32921 fps step and policy inference: 32331 fps total: 30839 epoch: 3541/5000
fps step: 18979 fps step and policy inference: 18767 fps total: 18232 epoch: 3542/5000
fps step: 32363 fps step and policy inference: 31755 fps total: 30313 epoch: 3543/5000
fps step: 33765 fps step and policy inference: 33160 fps total: 31611 epoch: 3544/5000
fps step: 33683 fps step and policy inference: 33014 fps total: 31517 epoch: 3545/5000
fps step: 33726 fps step and policy inference: 33158 fps total: 31623 epoch: 3546/5000
fps step: 33587 fps step and policy inference: 32951 fps total: 31441 epoch: 3547/5000
fps step: 32851 fps step and policy inference: 32269 fps total: 30740 epoch: 3548/5000
fps step: 32438 fps step and policy inference: 31849 fps total: 30276 epoch: 3549/5000
fps step: 18508 fps step and policy inference: 18311 fps total: 17831 epoch: 3550/5000
fps step: 32831 fps step and policy inference: 32240 fps total: 30780 epoch: 3551/5000
fps step: 33532 fps step and policy inference: 32933 fps total: 31435 epoch: 3552/5000
fps step: 33460 fps step and policy inference: 32828 fps total: 31335 epoch: 3553/5000
fps step: 33835 fps step and policy inference: 33224 fps total: 31728 epoch: 3554/5000
fps step: 33166 fps step and policy inference: 32567 fps total: 31103 epoch: 3555/5000
fps step: 32661 fps step and policy inference: 32074 fps total: 30623 epoch: 3556/5000
fps step: 32166 fps step and policy inference: 31615 fps total: 18040 epoch: 3557/5000
fps step: 31325 fps step and policy inference: 30733 fps total: 29361 epoch: 3558/5000
fps step: 32394 fps step and policy inference: 31776 fps total: 30302 epoch: 3559/5000
fps step: 32465 fps step and policy inference: 31840 fps total: 30374 epoch: 3560/5000
fps step: 32777 fps step and policy inference: 32169 fps total: 30657 epoch: 3561/5000
fps step: 32835 fps step and policy inference: 32250 fps total: 30738 epoch: 3562/5000
fps step: 32411 fps step and policy inference: 31819 fps total: 30362 epoch: 3563/5000
fps step: 32640 fps step and policy inference: 32013 fps total: 30460 epoch: 3564/5000
fps step: 20743 fps step and policy inference: 20485 fps total: 19870 epoch: 3565/5000
fps step: 32832 fps step and policy inference: 32230 fps total: 30698 epoch: 3566/5000
fps step: 32702 fps step and policy inference: 32132 fps total: 30624 epoch: 3567/5000
fps step: 32216 fps step and policy inference: 31583 fps total: 30110 epoch: 3568/5000
fps step: 32261 fps step and policy inference: 31667 fps total: 30263 epoch: 3569/5000
fps step: 32464 fps step and policy inference: 31856 fps total: 30368 epoch: 3570/5000
fps step: 32236 fps step and policy inference: 31595 fps total: 30120 epoch: 3571/5000
fps step: 32601 fps step and policy inference: 31980 fps total: 30480 epoch: 3572/5000
fps step: 20056 fps step and policy inference: 19815 fps total: 19232 epoch: 3573/5000
fps step: 32406 fps step and policy inference: 31808 fps total: 30302 epoch: 3574/5000
fps step: 32012 fps step and policy inference: 31419 fps total: 29979 epoch: 3575/5000
fps step: 32518 fps step and policy inference: 31943 fps total: 30486 epoch: 3576/5000
fps step: 32852 fps step and policy inference: 32258 fps total: 30723 epoch: 3577/5000
fps step: 32545 fps step and policy inference: 31950 fps total: 30480 epoch: 3578/5000
fps step: 32709 fps step and policy inference: 32056 fps total: 30548 epoch: 3579/5000
fps step: 20259 fps step and policy inference: 20021 fps total: 19412 epoch: 3580/5000
fps step: 32351 fps step and policy inference: 31744 fps total: 30265 epoch: 3581/5000
fps step: 32504 fps step and policy inference: 31857 fps total: 30359 epoch: 3582/5000
fps step: 32785 fps step and policy inference: 32204 fps total: 30736 epoch: 3583/5000
fps step: 32717 fps step and policy inference: 32160 fps total: 30622 epoch: 3584/5000
fps step: 32557 fps step and policy inference: 31974 fps total: 30515 epoch: 3585/5000
fps step: 32419 fps step and policy inference: 31809 fps total: 30414 epoch: 3586/5000
fps step: 32382 fps step and policy inference: 31767 fps total: 30309 epoch: 3587/5000
fps step: 20160 fps step and policy inference: 19914 fps total: 19353 epoch: 3588/5000
fps step: 32760 fps step and policy inference: 32171 fps total: 30663 epoch: 3589/5000
fps step: 33281 fps step and policy inference: 32724 fps total: 31221 epoch: 3590/5000
fps step: 33484 fps step and policy inference: 32901 fps total: 31351 epoch: 3591/5000
fps step: 33455 fps step and policy inference: 32909 fps total: 31314 epoch: 3592/5000
fps step: 33220 fps step and policy inference: 32626 fps total: 31013 epoch: 3593/5000
fps step: 32737 fps step and policy inference: 32133 fps total: 30654 epoch: 3594/5000
fps step: 20353 fps step and policy inference: 20123 fps total: 19552 epoch: 3595/5000
fps step: 32423 fps step and policy inference: 31811 fps total: 30400 epoch: 3596/5000
fps step: 32803 fps step and policy inference: 32193 fps total: 30703 epoch: 3597/5000
fps step: 32288 fps step and policy inference: 31685 fps total: 30237 epoch: 3598/5000
fps step: 32449 fps step and policy inference: 31910 fps total: 30427 epoch: 3599/5000
fps step: 32392 fps step and policy inference: 31816 fps total: 30404 epoch: 3600/5000
=> saving checkpoint 'runs/specialist_cuboid_train_4k_2026-07-08_16-09-19/nn/last_specialist_cuboid_train_4k_ep_3600_rew_-23.743011.pth'
fps step: 32452 fps step and policy inference: 31878 fps total: 30416 epoch: 3601/5000
fps step: 32803 fps step and policy inference: 32240 fps total: 30774 epoch: 3602/5000
fps step: 19830 fps step and policy inference: 19604 fps total: 19060 epoch: 3603/5000
fps step: 32743 fps step and policy inference: 32104 fps total: 30613 epoch: 3604/5000
fps step: 32905 fps step and policy inference: 32315 fps total: 30893 epoch: 3605/5000
fps step: 32629 fps step and policy inference: 32016 fps total: 30576 epoch: 3606/5000
fps step: 32768 fps step and policy inference: 32231 fps total: 30702 epoch: 3607/5000
fps step: 32949 fps step and policy inference: 32375 fps total: 30832 epoch: 3608/5000
fps step: 32696 fps step and policy inference: 32134 fps total: 30586 epoch: 3609/5000
fps step: 20124 fps step and policy inference: 19902 fps total: 19310 epoch: 3610/5000
fps step: 32631 fps step and policy inference: 32040 fps total: 30521 epoch: 3611/5000
fps step: 32542 fps step and policy inference: 31970 fps total: 30508 epoch: 3612/5000
fps step: 32877 fps step and policy inference: 32281 fps total: 30754 epoch: 3613/5000
fps step: 32250 fps step and policy inference: 31657 fps total: 30225 epoch: 3614/5000
fps step: 32486 fps step and policy inference: 31877 fps total: 30372 epoch: 3615/5000
fps step: 32926 fps step and policy inference: 32372 fps total: 30879 epoch: 3616/5000
fps step: 32792 fps step and policy inference: 32185 fps total: 30711 epoch: 3617/5000
fps step: 19935 fps step and policy inference: 19722 fps total: 19176 epoch: 3618/5000
fps step: 32831 fps step and policy inference: 32248 fps total: 30801 epoch: 3619/5000
fps step: 32823 fps step and policy inference: 32222 fps total: 30705 epoch: 3620/5000
fps step: 32824 fps step and policy inference: 32202 fps total: 30677 epoch: 3621/5000
fps step: 33220 fps step and policy inference: 32592 fps total: 31037 epoch: 3622/5000
fps step: 32925 fps step and policy inference: 32344 fps total: 30847 epoch: 3623/5000
fps step: 32442 fps step and policy inference: 31870 fps total: 30403 epoch: 3624/5000
fps step: 32579 fps step and policy inference: 32007 fps total: 19346 epoch: 3625/5000
fps step: 32672 fps step and policy inference: 32091 fps total: 30543 epoch: 3626/5000
fps step: 32673 fps step and policy inference: 32055 fps total: 30558 epoch: 3627/5000
fps step: 32805 fps step and policy inference: 32182 fps total: 30667 epoch: 3628/5000
fps step: 33084 fps step and policy inference: 32462 fps total: 30892 epoch: 3629/5000
fps step: 32629 fps step and policy inference: 31968 fps total: 30496 epoch: 3630/5000
fps step: 32003 fps step and policy inference: 31373 fps total: 29912 epoch: 3631/5000
fps step: 32279 fps step and policy inference: 31681 fps total: 30209 epoch: 3632/5000
fps step: 20124 fps step and policy inference: 19905 fps total: 19315 epoch: 3633/5000
fps step: 31838 fps step and policy inference: 31264 fps total: 29809 epoch: 3634/5000
fps step: 31654 fps step and policy inference: 31120 fps total: 29693 epoch: 3635/5000
fps step: 31445 fps step and policy inference: 30909 fps total: 29476 epoch: 3636/5000
fps step: 31741 fps step and policy inference: 31174 fps total: 29764 epoch: 3637/5000
fps step: 32679 fps step and policy inference: 32137 fps total: 30645 epoch: 3638/5000
fps step: 32509 fps step and policy inference: 31958 fps total: 30450 epoch: 3639/5000
fps step: 20413 fps step and policy inference: 20184 fps total: 19568 epoch: 3640/5000
fps step: 31737 fps step and policy inference: 31180 fps total: 29750 epoch: 3641/5000
fps step: 31906 fps step and policy inference: 31294 fps total: 29863 epoch: 3642/5000
fps step: 33078 fps step and policy inference: 32414 fps total: 30835 epoch: 3643/5000
fps step: 33011 fps step and policy inference: 32410 fps total: 30909 epoch: 3644/5000
fps step: 32717 fps step and policy inference: 32144 fps total: 30725 epoch: 3645/5000
fps step: 33067 fps step and policy inference: 32453 fps total: 31000 epoch: 3646/5000
fps step: 33504 fps step and policy inference: 32914 fps total: 31377 epoch: 3647/5000
fps step: 19872 fps step and policy inference: 19648 fps total: 19092 epoch: 3648/5000
fps step: 33118 fps step and policy inference: 32495 fps total: 31011 epoch: 3649/5000
fps step: 33006 fps step and policy inference: 32434 fps total: 30925 epoch: 3650/5000
fps step: 32847 fps step and policy inference: 32269 fps total: 30838 epoch: 3651/5000
fps step: 32306 fps step and policy inference: 31756 fps total: 30324 epoch: 3652/5000
fps step: 32999 fps step and policy inference: 32419 fps total: 30915 epoch: 3653/5000
fps step: 32672 fps step and policy inference: 32043 fps total: 30577 epoch: 3654/5000
fps step: 33066 fps step and policy inference: 32467 fps total: 30984 epoch: 3655/5000
fps step: 20515 fps step and policy inference: 20297 fps total: 19703 epoch: 3656/5000
fps step: 32922 fps step and policy inference: 32303 fps total: 30787 epoch: 3657/5000
fps step: 32275 fps step and policy inference: 31629 fps total: 30143 epoch: 3658/5000
fps step: 32248 fps step and policy inference: 31672 fps total: 30237 epoch: 3659/5000
fps step: 31998 fps step and policy inference: 31436 fps total: 30000 epoch: 3660/5000
fps step: 32523 fps step and policy inference: 31893 fps total: 30487 epoch: 3661/5000
fps step: 32791 fps step and policy inference: 32183 fps total: 30725 epoch: 3662/5000
fps step: 20167 fps step and policy inference: 19959 fps total: 19403 epoch: 3663/5000
fps step: 32819 fps step and policy inference: 32240 fps total: 30778 epoch: 3664/5000
fps step: 33212 fps step and policy inference: 32605 fps total: 31148 epoch: 3665/5000
fps step: 33612 fps step and policy inference: 33046 fps total: 31506 epoch: 3666/5000
fps step: 33746 fps step and policy inference: 33162 fps total: 31704 epoch: 3667/5000
fps step: 33890 fps step and policy inference: 33311 fps total: 31831 epoch: 3668/5000
fps step: 33104 fps step and policy inference: 32563 fps total: 31035 epoch: 3669/5000
fps step: 32990 fps step and policy inference: 32468 fps total: 30964 epoch: 3670/5000
fps step: 19284 fps step and policy inference: 19091 fps total: 18533 epoch: 3671/5000
fps step: 32606 fps step and policy inference: 32069 fps total: 30544 epoch: 3672/5000
fps step: 34039 fps step and policy inference: 33419 fps total: 31866 epoch: 3673/5000
fps step: 34515 fps step and policy inference: 33943 fps total: 32332 epoch: 3674/5000
fps step: 33880 fps step and policy inference: 33283 fps total: 31772 epoch: 3675/5000
fps step: 33813 fps step and policy inference: 33199 fps total: 31665 epoch: 3676/5000
fps step: 32973 fps step and policy inference: 32371 fps total: 30849 epoch: 3677/5000
fps step: 32787 fps step and policy inference: 32223 fps total: 30670 epoch: 3678/5000
fps step: 18607 fps step and policy inference: 18402 fps total: 17905 epoch: 3679/5000
fps step: 32662 fps step and policy inference: 32071 fps total: 30628 epoch: 3680/5000
fps step: 33730 fps step and policy inference: 33155 fps total: 31582 epoch: 3681/5000
fps step: 33643 fps step and policy inference: 33054 fps total: 31522 epoch: 3682/5000
fps step: 33538 fps step and policy inference: 32915 fps total: 31366 epoch: 3683/5000
fps step: 33217 fps step and policy inference: 32659 fps total: 31144 epoch: 3684/5000
fps step: 33023 fps step and policy inference: 32450 fps total: 30980 epoch: 3685/5000
fps step: 18861 fps step and policy inference: 18656 fps total: 18130 epoch: 3686/5000
fps step: 32478 fps step and policy inference: 31858 fps total: 30382 epoch: 3687/5000
fps step: 33552 fps step and policy inference: 32932 fps total: 31484 epoch: 3688/5000
fps step: 33915 fps step and policy inference: 33282 fps total: 31824 epoch: 3689/5000
fps step: 33661 fps step and policy inference: 33092 fps total: 31613 epoch: 3690/5000
fps step: 34269 fps step and policy inference: 33637 fps total: 32143 epoch: 3691/5000
fps step: 33152 fps step and policy inference: 32506 fps total: 31027 epoch: 3692/5000
fps step: 33507 fps step and policy inference: 32925 fps total: 31430 epoch: 3693/5000
fps step: 18596 fps step and policy inference: 18419 fps total: 17924 epoch: 3694/5000
fps step: 32569 fps step and policy inference: 31975 fps total: 30559 epoch: 3695/5000
fps step: 33192 fps step and policy inference: 32605 fps total: 31173 epoch: 3696/5000
fps step: 33746 fps step and policy inference: 33105 fps total: 31597 epoch: 3697/5000
fps step: 33932 fps step and policy inference: 33286 fps total: 31700 epoch: 3698/5000
fps step: 34152 fps step and policy inference: 33531 fps total: 31935 epoch: 3699/5000
fps step: 34026 fps step and policy inference: 33401 fps total: 31819 epoch: 3700/5000
fps step: 33312 fps step and policy inference: 32732 fps total: 31157 epoch: 3701/5000
fps step: 18697 fps step and policy inference: 18492 fps total: 17976 epoch: 3702/5000
fps step: 33605 fps step and policy inference: 33016 fps total: 31528 epoch: 3703/5000
fps step: 34030 fps step and policy inference: 33428 fps total: 31855 epoch: 3704/5000
fps step: 34142 fps step and policy inference: 33532 fps total: 31964 epoch: 3705/5000
fps step: 34039 fps step and policy inference: 33399 fps total: 31841 epoch: 3706/5000
fps step: 33425 fps step and policy inference: 32834 fps total: 31316 epoch: 3707/5000
fps step: 33689 fps step and policy inference: 33077 fps total: 31518 epoch: 3708/5000
fps step: 18655 fps step and policy inference: 18450 fps total: 17926 epoch: 3709/5000
fps step: 31780 fps step and policy inference: 31252 fps total: 29817 epoch: 3710/5000
fps step: 33534 fps step and policy inference: 32978 fps total: 31494 epoch: 3711/5000
fps step: 34255 fps step and policy inference: 33653 fps total: 32070 epoch: 3712/5000
fps step: 34199 fps step and policy inference: 33599 fps total: 32025 epoch: 3713/5000
fps step: 33578 fps step and policy inference: 32903 fps total: 31373 epoch: 3714/5000
fps step: 33335 fps step and policy inference: 32697 fps total: 31148 epoch: 3715/5000
fps step: 32806 fps step and policy inference: 32202 fps total: 30610 epoch: 3716/5000
fps step: 18477 fps step and policy inference: 18274 fps total: 17774 epoch: 3717/5000
fps step: 32839 fps step and policy inference: 32267 fps total: 30782 epoch: 3718/5000
fps step: 33551 fps step and policy inference: 32982 fps total: 31400 epoch: 3719/5000
fps step: 33353 fps step and policy inference: 32716 fps total: 31137 epoch: 3720/5000
fps step: 33676 fps step and policy inference: 33044 fps total: 31513 epoch: 3721/5000
fps step: 33380 fps step and policy inference: 32818 fps total: 31323 epoch: 3722/5000
fps step: 32673 fps step and policy inference: 32070 fps total: 30586 epoch: 3723/5000
fps step: 32222 fps step and policy inference: 31653 fps total: 30115 epoch: 3724/5000
fps step: 18375 fps step and policy inference: 18185 fps total: 17682 epoch: 3725/5000
fps step: 33449 fps step and policy inference: 32836 fps total: 31295 epoch: 3726/5000
fps step: 33496 fps step and policy inference: 32928 fps total: 31464 epoch: 3727/5000
fps step: 33727 fps step and policy inference: 33103 fps total: 31596 epoch: 3728/5000
fps step: 33878 fps step and policy inference: 33260 fps total: 31773 epoch: 3729/5000
fps step: 33727 fps step and policy inference: 33090 fps total: 31573 epoch: 3730/5000
fps step: 33797 fps step and policy inference: 33220 fps total: 31699 epoch: 3731/5000
fps step: 18261 fps step and policy inference: 18068 fps total: 17573 epoch: 3732/5000
fps step: 32413 fps step and policy inference: 31877 fps total: 30449 epoch: 3733/5000
fps step: 34031 fps step and policy inference: 33454 fps total: 31890 epoch: 3734/5000
fps step: 34042 fps step and policy inference: 33419 fps total: 31916 epoch: 3735/5000
fps step: 34274 fps step and policy inference: 33700 fps total: 32080 epoch: 3736/5000
fps step: 33824 fps step and policy inference: 33227 fps total: 31766 epoch: 3737/5000
fps step: 34019 fps step and policy inference: 33465 fps total: 31956 epoch: 3738/5000
fps step: 33131 fps step and policy inference: 32589 fps total: 30906 epoch: 3739/5000
fps step: 18039 fps step and policy inference: 17839 fps total: 17374 epoch: 3740/5000
fps step: 32548 fps step and policy inference: 31980 fps total: 30549 epoch: 3741/5000
fps step: 33221 fps step and policy inference: 32682 fps total: 31158 epoch: 3742/5000
fps step: 33443 fps step and policy inference: 32899 fps total: 31427 epoch: 3743/5000
fps step: 34064 fps step and policy inference: 33418 fps total: 31896 epoch: 3744/5000
fps step: 33506 fps step and policy inference: 32896 fps total: 31465 epoch: 3745/5000
fps step: 33686 fps step and policy inference: 33109 fps total: 31619 epoch: 3746/5000
fps step: 31597 fps step and policy inference: 31053 fps total: 29631 epoch: 3747/5000
fps step: 18433 fps step and policy inference: 18256 fps total: 17776 epoch: 3748/5000
fps step: 33751 fps step and policy inference: 33168 fps total: 31639 epoch: 3749/5000
fps step: 34038 fps step and policy inference: 33402 fps total: 31844 epoch: 3750/5000
fps step: 34028 fps step and policy inference: 33392 fps total: 31879 epoch: 3751/5000
fps step: 33606 fps step and policy inference: 33004 fps total: 31523 epoch: 3752/5000
fps step: 33440 fps step and policy inference: 32826 fps total: 31300 epoch: 3753/5000
fps step: 33157 fps step and policy inference: 32550 fps total: 30996 epoch: 3754/5000
fps step: 31041 fps step and policy inference: 30532 fps total: 29154 epoch: 3755/5000
fps step: 18544 fps step and policy inference: 18367 fps total: 17898 epoch: 3756/5000
fps step: 33569 fps step and policy inference: 32998 fps total: 31476 epoch: 3757/5000
fps step: 34001 fps step and policy inference: 33415 fps total: 31869 epoch: 3758/5000
fps step: 33469 fps step and policy inference: 32904 fps total: 31358 epoch: 3759/5000
fps step: 33324 fps step and policy inference: 32685 fps total: 31212 epoch: 3760/5000
fps step: 34063 fps step and policy inference: 33435 fps total: 31860 epoch: 3761/5000
fps step: 32495 fps step and policy inference: 31892 fps total: 30365 epoch: 3762/5000
fps step: 18163 fps step and policy inference: 17975 fps total: 17501 epoch: 3763/5000
fps step: 34017 fps step and policy inference: 33424 fps total: 31896 epoch: 3764/5000
fps step: 34036 fps step and policy inference: 33481 fps total: 31912 epoch: 3765/5000
fps step: 33783 fps step and policy inference: 33193 fps total: 31728 epoch: 3766/5000
fps step: 33743 fps step and policy inference: 33131 fps total: 31664 epoch: 3767/5000
fps step: 33918 fps step and policy inference: 33345 fps total: 31835 epoch: 3768/5000
fps step: 34137 fps step and policy inference: 33574 fps total: 32080 epoch: 3769/5000
fps step: 31834 fps step and policy inference: 31269 fps total: 29890 epoch: 3770/5000
fps step: 18340 fps step and policy inference: 18149 fps total: 17684 epoch: 3771/5000
fps step: 32560 fps step and policy inference: 31998 fps total: 30596 epoch: 3772/5000
fps step: 32432 fps step and policy inference: 31842 fps total: 30385 epoch: 3773/5000
fps step: 32535 fps step and policy inference: 31931 fps total: 30474 epoch: 3774/5000
fps step: 32696 fps step and policy inference: 32098 fps total: 30711 epoch: 3775/5000
fps step: 32868 fps step and policy inference: 32222 fps total: 30668 epoch: 3776/5000
fps step: 32063 fps step and policy inference: 31485 fps total: 30002 epoch: 3777/5000
fps step: 32580 fps step and policy inference: 32039 fps total: 30564 epoch: 3778/5000
fps step: 19816 fps step and policy inference: 19609 fps total: 19031 epoch: 3779/5000
fps step: 32595 fps step and policy inference: 32036 fps total: 30543 epoch: 3780/5000
fps step: 32564 fps step and policy inference: 32022 fps total: 30484 epoch: 3781/5000
fps step: 32502 fps step and policy inference: 31967 fps total: 30530 epoch: 3782/5000
fps step: 32422 fps step and policy inference: 31841 fps total: 30345 epoch: 3783/5000
fps step: 32308 fps step and policy inference: 31745 fps total: 30253 epoch: 3784/5000
fps step: 32507 fps step and policy inference: 31934 fps total: 30504 epoch: 3785/5000
fps step: 19913 fps step and policy inference: 19714 fps total: 19157 epoch: 3786/5000
fps step: 32985 fps step and policy inference: 32415 fps total: 30948 epoch: 3787/5000
fps step: 33012 fps step and policy inference: 32438 fps total: 30953 epoch: 3788/5000
fps step: 32916 fps step and policy inference: 32361 fps total: 30900 epoch: 3789/5000
fps step: 33090 fps step and policy inference: 32443 fps total: 30957 epoch: 3790/5000
fps step: 33357 fps step and policy inference: 32789 fps total: 31216 epoch: 3791/5000
fps step: 33511 fps step and policy inference: 32917 fps total: 31277 epoch: 3792/5000
fps step: 33318 fps step and policy inference: 32695 fps total: 31089 epoch: 3793/5000
fps step: 32744 fps step and policy inference: 32179 fps total: 30686 epoch: 3794/5000
fps step: 32789 fps step and policy inference: 32208 fps total: 30714 epoch: 3795/5000
fps step: 32601 fps step and policy inference: 32057 fps total: 30536 epoch: 3796/5000
fps step: 16611 fps step and policy inference: 16460 fps total: 16065 epoch: 3797/5000
fps step: 32847 fps step and policy inference: 32297 fps total: 30769 epoch: 3798/5000
fps step: 32824 fps step and policy inference: 32246 fps total: 30724 epoch: 3799/5000
fps step: 32767 fps step and policy inference: 32200 fps total: 30664 epoch: 3800/5000
=> saving checkpoint 'runs/specialist_cuboid_train_4k_2026-07-08_16-09-19/nn/last_specialist_cuboid_train_4k_ep_3800_rew_-31.05643.pth'
fps step: 32607 fps step and policy inference: 32004 fps total: 30540 epoch: 3801/5000
fps step: 32925 fps step and policy inference: 32344 fps total: 30815 epoch: 3802/5000
fps step: 33235 fps step and policy inference: 32578 fps total: 30935 epoch: 3803/5000
fps step: 33237 fps step and policy inference: 32591 fps total: 31103 epoch: 3804/5000
fps step: 19647 fps step and policy inference: 19395 fps total: 18817 epoch: 3805/5000
fps step: 32435 fps step and policy inference: 31848 fps total: 30358 epoch: 3806/5000
fps step: 31985 fps step and policy inference: 31325 fps total: 29921 epoch: 3807/5000
fps step: 32358 fps step and policy inference: 31735 fps total: 30228 epoch: 3808/5000
fps step: 32544 fps step and policy inference: 31953 fps total: 30480 epoch: 3809/5000
fps step: 32905 fps step and policy inference: 32345 fps total: 30857 epoch: 3810/5000
fps step: 32653 fps step and policy inference: 32069 fps total: 30604 epoch: 3811/5000
fps step: 19575 fps step and policy inference: 19370 fps total: 18823 epoch: 3812/5000
fps step: 32714 fps step and policy inference: 32157 fps total: 30656 epoch: 3813/5000
fps step: 33056 fps step and policy inference: 32489 fps total: 30996 epoch: 3814/5000
fps step: 33051 fps step and policy inference: 32467 fps total: 30998 epoch: 3815/5000
fps step: 32801 fps step and policy inference: 32250 fps total: 30839 epoch: 3816/5000
fps step: 32979 fps step and policy inference: 32399 fps total: 31009 epoch: 3817/5000
fps step: 33072 fps step and policy inference: 32507 fps total: 31056 epoch: 3818/5000
fps step: 32400 fps step and policy inference: 31827 fps total: 30434 epoch: 3819/5000
fps step: 18828 fps step and policy inference: 18648 fps total: 18155 epoch: 3820/5000
fps step: 32746 fps step and policy inference: 32176 fps total: 30702 epoch: 3821/5000
fps step: 32984 fps step and policy inference: 32384 fps total: 30955 epoch: 3822/5000
fps step: 34235 fps step and policy inference: 33675 fps total: 32161 epoch: 3823/5000
fps step: 33760 fps step and policy inference: 33190 fps total: 31736 epoch: 3824/5000
fps step: 34210 fps step and policy inference: 33622 fps total: 32108 epoch: 3825/5000
fps step: 33357 fps step and policy inference: 32673 fps total: 31167 epoch: 3826/5000
fps step: 33038 fps step and policy inference: 32443 fps total: 31018 epoch: 3827/5000
fps step: 18638 fps step and policy inference: 18447 fps total: 17938 epoch: 3828/5000
fps step: 31979 fps step and policy inference: 31422 fps total: 30001 epoch: 3829/5000
fps step: 33435 fps step and policy inference: 32841 fps total: 31387 epoch: 3830/5000
fps step: 34000 fps step and policy inference: 33415 fps total: 31880 epoch: 3831/5000
fps step: 33623 fps step and policy inference: 32980 fps total: 31429 epoch: 3832/5000
fps step: 33972 fps step and policy inference: 33395 fps total: 31818 epoch: 3833/5000
fps step: 33140 fps step and policy inference: 32458 fps total: 30962 epoch: 3834/5000
fps step: 33397 fps step and policy inference: 32794 fps total: 31173 epoch: 3835/5000
fps step: 18293 fps step and policy inference: 18099 fps total: 17623 epoch: 3836/5000
fps step: 33214 fps step and policy inference: 32643 fps total: 31224 epoch: 3837/5000
fps step: 33683 fps step and policy inference: 33091 fps total: 31553 epoch: 3838/5000
fps step: 33848 fps step and policy inference: 33249 fps total: 31685 epoch: 3839/5000
fps step: 33782 fps step and policy inference: 33224 fps total: 31662 epoch: 3840/5000
fps step: 33178 fps step and policy inference: 32625 fps total: 31073 epoch: 3841/5000
fps step: 32947 fps step and policy inference: 32348 fps total: 30892 epoch: 3842/5000
fps step: 18713 fps step and policy inference: 18519 fps total: 18028 epoch: 3843/5000
fps step: 33037 fps step and policy inference: 32476 fps total: 30982 epoch: 3844/5000
fps step: 33432 fps step and policy inference: 32834 fps total: 31321 epoch: 3845/5000
fps step: 33893 fps step and policy inference: 33298 fps total: 31741 epoch: 3846/5000
fps step: 34075 fps step and policy inference: 33473 fps total: 31922 epoch: 3847/5000
fps step: 33352 fps step and policy inference: 32748 fps total: 31283 epoch: 3848/5000
fps step: 33015 fps step and policy inference: 32429 fps total: 30991 epoch: 3849/5000
fps step: 32594 fps step and policy inference: 32024 fps total: 30568 epoch: 3850/5000
fps step: 18059 fps step and policy inference: 17870 fps total: 17394 epoch: 3851/5000
fps step: 32040 fps step and policy inference: 31489 fps total: 30101 epoch: 3852/5000
fps step: 33290 fps step and policy inference: 32665 fps total: 31190 epoch: 3853/5000
fps step: 33238 fps step and policy inference: 32626 fps total: 31100 epoch: 3854/5000
fps step: 33658 fps step and policy inference: 33010 fps total: 31468 epoch: 3855/5000
fps step: 33462 fps step and policy inference: 32785 fps total: 31241 epoch: 3856/5000
fps step: 33335 fps step and policy inference: 32741 fps total: 31195 epoch: 3857/5000
fps step: 32064 fps step and policy inference: 31490 fps total: 29917 epoch: 3858/5000
fps step: 18529 fps step and policy inference: 18348 fps total: 17864 epoch: 3859/5000
fps step: 33207 fps step and policy inference: 32604 fps total: 31157 epoch: 3860/5000
fps step: 33872 fps step and policy inference: 33294 fps total: 31753 epoch: 3861/5000
fps step: 33259 fps step and policy inference: 32673 fps total: 31174 epoch: 3862/5000
fps step: 33770 fps step and policy inference: 33190 fps total: 31681 epoch: 3863/5000
fps step: 33266 fps step and policy inference: 32697 fps total: 31123 epoch: 3864/5000
fps step: 32724 fps step and policy inference: 32128 fps total: 30631 epoch: 3865/5000
fps step: 18276 fps step and policy inference: 18064 fps total: 17556 epoch: 3866/5000
fps step: 30264 fps step and policy inference: 29754 fps total: 28458 epoch: 3867/5000
fps step: 31916 fps step and policy inference: 31327 fps total: 29882 epoch: 3868/5000
fps step: 30926 fps step and policy inference: 30397 fps total: 28813 epoch: 3869/5000
fps step: 28014 fps step and policy inference: 27544 fps total: 26312 epoch: 3870/5000
fps step: 27903 fps step and policy inference: 27413 fps total: 26152 epoch: 3871/5000
fps step: 27903 fps step and policy inference: 27449 fps total: 26191 epoch: 3872/5000
fps step: 34819 fps step and policy inference: 34019 fps total: 32120 epoch: 3873/5000
fps step: 30736 fps step and policy inference: 30225 fps total: 28927 epoch: 3874/5000
fps step: 33490 fps step and policy inference: 32895 fps total: 31321 epoch: 3875/5000
fps step: 32946 fps step and policy inference: 32382 fps total: 30866 epoch: 3876/5000
fps step: 33149 fps step and policy inference: 32620 fps total: 31071 epoch: 3877/5000
fps step: 33333 fps step and policy inference: 32717 fps total: 31157 epoch: 3878/5000
fps step: 31792 fps step and policy inference: 31213 fps total: 29716 epoch: 3879/5000
fps step: 22129 fps step and policy inference: 21843 fps total: 21097 epoch: 3880/5000
fps step: 30416 fps step and policy inference: 29879 fps total: 28539 epoch: 3881/5000
fps step: 30317 fps step and policy inference: 29788 fps total: 28453 epoch: 3882/5000
fps step: 30602 fps step and policy inference: 30043 fps total: 28787 epoch: 3883/5000
fps step: 32850 fps step and policy inference: 32235 fps total: 30724 epoch: 3884/5000
fps step: 33430 fps step and policy inference: 32856 fps total: 31347 epoch: 3885/5000
fps step: 33313 fps step and policy inference: 32728 fps total: 31197 epoch: 3886/5000
fps step: 32858 fps step and policy inference: 32299 fps total: 30878 epoch: 3887/5000
fps step: 23598 fps step and policy inference: 23281 fps total: 22518 epoch: 3888/5000
fps step: 31808 fps step and policy inference: 31267 fps total: 29844 epoch: 3889/5000
fps step: 31690 fps step and policy inference: 31132 fps total: 29698 epoch: 3890/5000
fps step: 32980 fps step and policy inference: 32383 fps total: 30916 epoch: 3891/5000
fps step: 33124 fps step and policy inference: 32529 fps total: 31044 epoch: 3892/5000
fps step: 32838 fps step and policy inference: 32225 fps total: 30770 epoch: 3893/5000
fps step: 31398 fps step and policy inference: 30866 fps total: 29418 epoch: 3894/5000
fps step: 20802 fps step and policy inference: 20566 fps total: 19944 epoch: 3895/5000
fps step: 30770 fps step and policy inference: 30136 fps total: 28847 epoch: 3896/5000
fps step: 32458 fps step and policy inference: 31839 fps total: 30442 epoch: 3897/5000
fps step: 31518 fps step and policy inference: 30964 fps total: 29591 epoch: 3898/5000
fps step: 31066 fps step and policy inference: 30539 fps total: 29185 epoch: 3899/5000
fps step: 32787 fps step and policy inference: 32207 fps total: 30744 epoch: 3900/5000
fps step: 33446 fps step and policy inference: 32879 fps total: 31393 epoch: 3901/5000
fps step: 31249 fps step and policy inference: 30717 fps total: 29353 epoch: 3902/5000
fps step: 23088 fps step and policy inference: 22799 fps total: 22037 epoch: 3903/5000
fps step: 32481 fps step and policy inference: 31919 fps total: 30478 epoch: 3904/5000
fps step: 32931 fps step and policy inference: 32370 fps total: 30798 epoch: 3905/5000
fps step: 31383 fps step and policy inference: 30801 fps total: 29332 epoch: 3906/5000
fps step: 32182 fps step and policy inference: 31622 fps total: 30173 epoch: 3907/5000
fps step: 33312 fps step and policy inference: 32642 fps total: 31084 epoch: 3908/5000
fps step: 31780 fps step and policy inference: 31234 fps total: 29725 epoch: 3909/5000
fps step: 21805 fps step and policy inference: 21537 fps total: 20845 epoch: 3910/5000
fps step: 31846 fps step and policy inference: 31301 fps total: 29823 epoch: 3911/5000
fps step: 32125 fps step and policy inference: 31498 fps total: 30037 epoch: 3912/5000
fps step: 32810 fps step and policy inference: 32208 fps total: 30696 epoch: 3913/5000
fps step: 33196 fps step and policy inference: 32607 fps total: 31011 epoch: 3914/5000
fps step: 33630 fps step and policy inference: 33024 fps total: 31448 epoch: 3915/5000
fps step: 32143 fps step and policy inference: 31578 fps total: 29973 epoch: 3916/5000
fps step: 32191 fps step and policy inference: 31606 fps total: 30061 epoch: 3917/5000
fps step: 19959 fps step and policy inference: 19705 fps total: 19115 epoch: 3918/5000
fps step: 32848 fps step and policy inference: 32253 fps total: 30845 epoch: 3919/5000
fps step: 32390 fps step and policy inference: 31751 fps total: 30340 epoch: 3920/5000
fps step: 32814 fps step and policy inference: 32245 fps total: 30803 epoch: 3921/5000
fps step: 32745 fps step and policy inference: 32170 fps total: 30700 epoch: 3922/5000
fps step: 33142 fps step and policy inference: 32562 fps total: 31109 epoch: 3923/5000
fps step: 32302 fps step and policy inference: 31712 fps total: 30339 epoch: 3924/5000
fps step: 19845 fps step and policy inference: 19643 fps total: 19010 epoch: 3925/5000
fps step: 31862 fps step and policy inference: 31342 fps total: 29933 epoch: 3926/5000
fps step: 32531 fps step and policy inference: 31993 fps total: 30488 epoch: 3927/5000
fps step: 32605 fps step and policy inference: 32049 fps total: 30594 epoch: 3928/5000
fps step: 32518 fps step and policy inference: 31989 fps total: 30564 epoch: 3929/5000
fps step: 32537 fps step and policy inference: 31982 fps total: 30487 epoch: 3930/5000
fps step: 32125 fps step and policy inference: 31526 fps total: 30000 epoch: 3931/5000
fps step: 29865 fps step and policy inference: 29342 fps total: 19037 epoch: 3932/5000
fps step: 30904 fps step and policy inference: 30349 fps total: 28993 epoch: 3933/5000
fps step: 32238 fps step and policy inference: 31652 fps total: 30262 epoch: 3934/5000
fps step: 32132 fps step and policy inference: 31588 fps total: 30149 epoch: 3935/5000
fps step: 32292 fps step and policy inference: 31638 fps total: 30177 epoch: 3936/5000
fps step: 32319 fps step and policy inference: 31770 fps total: 30309 epoch: 3937/5000
fps step: 32113 fps step and policy inference: 31555 fps total: 30105 epoch: 3938/5000
fps step: 31556 fps step and policy inference: 31036 fps total: 29615 epoch: 3939/5000
fps step: 21700 fps step and policy inference: 21426 fps total: 20736 epoch: 3940/5000
fps step: 31987 fps step and policy inference: 31444 fps total: 30006 epoch: 3941/5000
fps step: 32145 fps step and policy inference: 31588 fps total: 30133 epoch: 3942/5000
fps step: 32945 fps step and policy inference: 32373 fps total: 30863 epoch: 3943/5000
fps step: 32758 fps step and policy inference: 32139 fps total: 30647 epoch: 3944/5000
fps step: 32793 fps step and policy inference: 32194 fps total: 30737 epoch: 3945/5000
fps step: 32481 fps step and policy inference: 31849 fps total: 30319 epoch: 3946/5000
fps step: 20739 fps step and policy inference: 20484 fps total: 19844 epoch: 3947/5000
fps step: 32347 fps step and policy inference: 31744 fps total: 30281 epoch: 3948/5000
fps step: 32806 fps step and policy inference: 32226 fps total: 30734 epoch: 3949/5000
fps step: 32561 fps step and policy inference: 32021 fps total: 30558 epoch: 3950/5000
fps step: 33002 fps step and policy inference: 32418 fps total: 30876 epoch: 3951/5000
fps step: 32320 fps step and policy inference: 31759 fps total: 30270 epoch: 3952/5000
fps step: 32261 fps step and policy inference: 31700 fps total: 30267 epoch: 3953/5000
fps step: 31731 fps step and policy inference: 31141 fps total: 29736 epoch: 3954/5000
fps step: 21183 fps step and policy inference: 20936 fps total: 20292 epoch: 3955/5000
fps step: 32938 fps step and policy inference: 32311 fps total: 30884 epoch: 3956/5000
fps step: 33434 fps step and policy inference: 32828 fps total: 31344 epoch: 3957/5000
fps step: 33026 fps step and policy inference: 32443 fps total: 30976 epoch: 3958/5000
fps step: 33513 fps step and policy inference: 32877 fps total: 31362 epoch: 3959/5000
fps step: 33057 fps step and policy inference: 32451 fps total: 30968 epoch: 3960/5000
fps step: 32318 fps step and policy inference: 31712 fps total: 30330 epoch: 3961/5000
fps step: 19390 fps step and policy inference: 19165 fps total: 18565 epoch: 3962/5000
fps step: 32602 fps step and policy inference: 31990 fps total: 30507 epoch: 3963/5000
fps step: 33327 fps step and policy inference: 32724 fps total: 31226 epoch: 3964/5000
fps step: 33219 fps step and policy inference: 32610 fps total: 31072 epoch: 3965/5000
fps step: 32982 fps step and policy inference: 32352 fps total: 30864 epoch: 3966/5000
fps step: 33292 fps step and policy inference: 32715 fps total: 31204 epoch: 3967/5000
fps step: 33150 fps step and policy inference: 32560 fps total: 31001 epoch: 3968/5000
fps step: 32304 fps step and policy inference: 31779 fps total: 30269 epoch: 3969/5000
fps step: 19839 fps step and policy inference: 19601 fps total: 19038 epoch: 3970/5000
fps step: 33028 fps step and policy inference: 32495 fps total: 30959 epoch: 3971/5000
fps step: 32443 fps step and policy inference: 31809 fps total: 30406 epoch: 3972/5000
fps step: 32682 fps step and policy inference: 32078 fps total: 30592 epoch: 3973/5000
fps step: 32893 fps step and policy inference: 32269 fps total: 30887 epoch: 3974/5000
fps step: 33119 fps step and policy inference: 32557 fps total: 30996 epoch: 3975/5000
fps step: 32613 fps step and policy inference: 32002 fps total: 30534 epoch: 3976/5000
fps step: 19368 fps step and policy inference: 19143 fps total: 18586 epoch: 3977/5000
fps step: 32587 fps step and policy inference: 32051 fps total: 30594 epoch: 3978/5000
fps step: 32511 fps step and policy inference: 31955 fps total: 30377 epoch: 3979/5000
fps step: 33198 fps step and policy inference: 32621 fps total: 31171 epoch: 3980/5000
fps step: 32534 fps step and policy inference: 31969 fps total: 30569 epoch: 3981/5000
fps step: 33169 fps step and policy inference: 32585 fps total: 31117 epoch: 3982/5000
fps step: 31567 fps step and policy inference: 31023 fps total: 29711 epoch: 3983/5000
fps step: 33182 fps step and policy inference: 32598 fps total: 31143 epoch: 3984/5000
fps step: 20083 fps step and policy inference: 19864 fps total: 19311 epoch: 3985/5000
fps step: 33266 fps step and policy inference: 32608 fps total: 31069 epoch: 3986/5000
fps step: 33378 fps step and policy inference: 32789 fps total: 31197 epoch: 3987/5000
fps step: 33537 fps step and policy inference: 32947 fps total: 31369 epoch: 3988/5000
fps step: 32674 fps step and policy inference: 32080 fps total: 30565 epoch: 3989/5000
fps step: 33079 fps step and policy inference: 32450 fps total: 30778 epoch: 3990/5000
fps step: 32721 fps step and policy inference: 32143 fps total: 30651 epoch: 3991/5000
fps step: 32271 fps step and policy inference: 31705 fps total: 19498 epoch: 3992/5000
fps step: 33090 fps step and policy inference: 32506 fps total: 30945 epoch: 3993/5000
fps step: 33462 fps step and policy inference: 32879 fps total: 31184 epoch: 3994/5000
fps step: 33055 fps step and policy inference: 32466 fps total: 30901 epoch: 3995/5000
fps step: 31654 fps step and policy inference: 31110 fps total: 29651 epoch: 3996/5000
fps step: 33174 fps step and policy inference: 32577 fps total: 31086 epoch: 3997/5000
fps step: 31572 fps step and policy inference: 30945 fps total: 29593 epoch: 3998/5000
fps step: 32663 fps step and policy inference: 32027 fps total: 30603 epoch: 3999/5000
fps step: 20408 fps step and policy inference: 20161 fps total: 19581 epoch: 4000/5000
=> saving checkpoint 'runs/specialist_cuboid_train_4k_2026-07-08_16-09-19/nn/last_specialist_cuboid_train_4k_ep_4000_rew_-15.9689245.pth'
fps step: 32993 fps step and policy inference: 32419 fps total: 30994 epoch: 4001/5000
fps step: 32366 fps step and policy inference: 31822 fps total: 30443 epoch: 4002/5000
fps step: 32530 fps step and policy inference: 31919 fps total: 30321 epoch: 4003/5000
fps step: 31950 fps step and policy inference: 31370 fps total: 29946 epoch: 4004/5000
fps step: 32109 fps step and policy inference: 31584 fps total: 30000 epoch: 4005/5000
fps step: 32128 fps step and policy inference: 31584 fps total: 30165 epoch: 4006/5000
fps step: 20448 fps step and policy inference: 20212 fps total: 19608 epoch: 4007/5000
fps step: 33055 fps step and policy inference: 32489 fps total: 30917 epoch: 4008/5000
fps step: 32445 fps step and policy inference: 31812 fps total: 30325 epoch: 4009/5000
fps step: 33718 fps step and policy inference: 33110 fps total: 31528 epoch: 4010/5000
fps step: 31851 fps step and policy inference: 31315 fps total: 29969 epoch: 4011/5000
fps step: 32776 fps step and policy inference: 32191 fps total: 30660 epoch: 4012/5000
fps step: 31621 fps step and policy inference: 31089 fps total: 29721 epoch: 4013/5000
fps step: 32239 fps step and policy inference: 31670 fps total: 30108 epoch: 4014/5000
fps step: 20593 fps step and policy inference: 20365 fps total: 19761 epoch: 4015/5000
fps step: 30060 fps step and policy inference: 29520 fps total: 28175 epoch: 4016/5000
fps step: 32290 fps step and policy inference: 31662 fps total: 30257 epoch: 4017/5000
fps step: 33064 fps step and policy inference: 32439 fps total: 30914 epoch: 4018/5000
fps step: 33509 fps step and policy inference: 32915 fps total: 31364 epoch: 4019/5000
fps step: 33519 fps step and policy inference: 32935 fps total: 31379 epoch: 4020/5000
fps step: 33316 fps step and policy inference: 32717 fps total: 31226 epoch: 4021/5000
fps step: 20580 fps step and policy inference: 20329 fps total: 19735 epoch: 4022/5000
fps step: 31595 fps step and policy inference: 30950 fps total: 29489 epoch: 4023/5000
fps step: 31472 fps step and policy inference: 30887 fps total: 29555 epoch: 4024/5000
fps step: 33173 fps step and policy inference: 32519 fps total: 31048 epoch: 4025/5000
fps step: 33413 fps step and policy inference: 32830 fps total: 31262 epoch: 4026/5000
fps step: 32832 fps step and policy inference: 32159 fps total: 30701 epoch: 4027/5000
fps step: 32664 fps step and policy inference: 32077 fps total: 30635 epoch: 4028/5000
fps step: 32797 fps step and policy inference: 32238 fps total: 30661 epoch: 4029/5000
fps step: 20443 fps step and policy inference: 20220 fps total: 19633 epoch: 4030/5000
fps step: 29884 fps step and policy inference: 29345 fps total: 28053 epoch: 4031/5000
fps step: 32723 fps step and policy inference: 32145 fps total: 30646 epoch: 4032/5000
fps step: 32817 fps step and policy inference: 32280 fps total: 30779 epoch: 4033/5000
fps step: 33020 fps step and policy inference: 32455 fps total: 30949 epoch: 4034/5000
fps step: 33088 fps step and policy inference: 32470 fps total: 31012 epoch: 4035/5000
fps step: 33524 fps step and policy inference: 32978 fps total: 31432 epoch: 4036/5000
fps step: 20104 fps step and policy inference: 19865 fps total: 19284 epoch: 4037/5000
fps step: 31718 fps step and policy inference: 31151 fps total: 29626 epoch: 4038/5000
fps step: 32043 fps step and policy inference: 31478 fps total: 30006 epoch: 4039/5000
fps step: 32821 fps step and policy inference: 32171 fps total: 30690 epoch: 4040/5000
fps step: 32995 fps step and policy inference: 32379 fps total: 30918 epoch: 4041/5000
fps step: 33261 fps step and policy inference: 32664 fps total: 31158 epoch: 4042/5000
fps step: 32933 fps step and policy inference: 32285 fps total: 30775 epoch: 4043/5000
fps step: 33317 fps step and policy inference: 32694 fps total: 31189 epoch: 4044/5000
fps step: 33028 fps step and policy inference: 32399 fps total: 30796 epoch: 4045/5000
fps step: 30075 fps step and policy inference: 29534 fps total: 28296 epoch: 4046/5000
fps step: 32589 fps step and policy inference: 32048 fps total: 30486 epoch: 4047/5000
fps step: 18144 fps step and policy inference: 17955 fps total: 17412 epoch: 4048/5000
fps step: 28169 fps step and policy inference: 27720 fps total: 26446 epoch: 4049/5000
fps step: 30697 fps step and policy inference: 30096 fps total: 28776 epoch: 4050/5000
fps step: 32374 fps step and policy inference: 31803 fps total: 30361 epoch: 4051/5000
fps step: 32458 fps step and policy inference: 31900 fps total: 30409 epoch: 4052/5000
fps step: 32480 fps step and policy inference: 31915 fps total: 30391 epoch: 4053/5000
fps step: 32627 fps step and policy inference: 32089 fps total: 30641 epoch: 4054/5000
fps step: 32514 fps step and policy inference: 31954 fps total: 30480 epoch: 4055/5000
fps step: 22886 fps step and policy inference: 22595 fps total: 21845 epoch: 4056/5000
fps step: 32985 fps step and policy inference: 32429 fps total: 30929 epoch: 4057/5000
fps step: 33512 fps step and policy inference: 32969 fps total: 31438 epoch: 4058/5000
fps step: 33345 fps step and policy inference: 32768 fps total: 31256 epoch: 4059/5000
fps step: 33464 fps step and policy inference: 32934 fps total: 31439 epoch: 4060/5000
fps step: 32549 fps step and policy inference: 31984 fps total: 30509 epoch: 4061/5000
fps step: 32154 fps step and policy inference: 31580 fps total: 30133 epoch: 4062/5000
fps step: 19342 fps step and policy inference: 19087 fps total: 18523 epoch: 4063/5000
fps step: 30319 fps step and policy inference: 29739 fps total: 28360 epoch: 4064/5000
fps step: 32364 fps step and policy inference: 31747 fps total: 30306 epoch: 4065/5000
fps step: 32520 fps step and policy inference: 31931 fps total: 30470 epoch: 4066/5000
fps step: 33246 fps step and policy inference: 32611 fps total: 31075 epoch: 4067/5000
fps step: 33159 fps step and policy inference: 32529 fps total: 31025 epoch: 4068/5000
fps step: 32957 fps step and policy inference: 32352 fps total: 30785 epoch: 4069/5000
fps step: 32271 fps step and policy inference: 31644 fps total: 30114 epoch: 4070/5000
fps step: 20029 fps step and policy inference: 19787 fps total: 19165 epoch: 4071/5000
fps step: 31396 fps step and policy inference: 30831 fps total: 29454 epoch: 4072/5000
fps step: 33111 fps step and policy inference: 32493 fps total: 31029 epoch: 4073/5000
fps step: 32662 fps step and policy inference: 32058 fps total: 30562 epoch: 4074/5000
fps step: 33014 fps step and policy inference: 32478 fps total: 30930 epoch: 4075/5000
fps step: 32692 fps step and policy inference: 32123 fps total: 30722 epoch: 4076/5000
fps step: 32335 fps step and policy inference: 31749 fps total: 30212 epoch: 4077/5000
fps step: 21599 fps step and policy inference: 21289 fps total: 20603 epoch: 4078/5000
fps step: 30358 fps step and policy inference: 29764 fps total: 28494 epoch: 4079/5000
fps step: 32545 fps step and policy inference: 31948 fps total: 30506 epoch: 4080/5000
fps step: 32642 fps step and policy inference: 32083 fps total: 30622 epoch: 4081/5000
fps step: 33009 fps step and policy inference: 32411 fps total: 30907 epoch: 4082/5000
fps step: 32837 fps step and policy inference: 32212 fps total: 30783 epoch: 4083/5000
fps step: 32734 fps step and policy inference: 32073 fps total: 30595 epoch: 4084/5000
fps step: 32205 fps step and policy inference: 31662 fps total: 30254 epoch: 4085/5000
fps step: 30000 fps step and policy inference: 18881 fps total: 18317 epoch: 4086/5000
fps step: 32317 fps step and policy inference: 31759 fps total: 30335 epoch: 4087/5000
fps step: 32801 fps step and policy inference: 32216 fps total: 30744 epoch: 4088/5000
fps step: 32887 fps step and policy inference: 32302 fps total: 30849 epoch: 4089/5000
fps step: 32570 fps step and policy inference: 32007 fps total: 30555 epoch: 4090/5000
fps step: 32614 fps step and policy inference: 32036 fps total: 30634 epoch: 4091/5000
fps step: 32395 fps step and policy inference: 31797 fps total: 30315 epoch: 4092/5000
fps step: 20238 fps step and policy inference: 19991 fps total: 19375 epoch: 4093/5000
fps step: 31640 fps step and policy inference: 31057 fps total: 29681 epoch: 4094/5000
fps step: 33577 fps step and policy inference: 33000 fps total: 31454 epoch: 4095/5000
fps step: 32146 fps step and policy inference: 31559 fps total: 30074 epoch: 4096/5000
fps step: 32256 fps step and policy inference: 31640 fps total: 30195 epoch: 4097/5000
fps step: 32335 fps step and policy inference: 31728 fps total: 30203 epoch: 4098/5000
fps step: 32041 fps step and policy inference: 31483 fps total: 30047 epoch: 4099/5000
fps step: 31842 fps step and policy inference: 31262 fps total: 21041 epoch: 4100/5000
fps step: 32089 fps step and policy inference: 31511 fps total: 29959 epoch: 4101/5000
fps step: 31573 fps step and policy inference: 31013 fps total: 29651 epoch: 4102/5000
fps step: 31675 fps step and policy inference: 31138 fps total: 29696 epoch: 4103/5000
fps step: 32252 fps step and policy inference: 31737 fps total: 30303 epoch: 4104/5000
fps step: 31716 fps step and policy inference: 31156 fps total: 29751 epoch: 4105/5000
fps step: 31228 fps step and policy inference: 30671 fps total: 29298 epoch: 4106/5000
fps step: 31349 fps step and policy inference: 30766 fps total: 29359 epoch: 4107/5000
fps step: 21800 fps step and policy inference: 21536 fps total: 20854 epoch: 4108/5000
fps step: 31297 fps step and policy inference: 30762 fps total: 29340 epoch: 4109/5000
fps step: 31301 fps step and policy inference: 30775 fps total: 29403 epoch: 4110/5000
fps step: 32382 fps step and policy inference: 31800 fps total: 30334 epoch: 4111/5000
fps step: 32289 fps step and policy inference: 31693 fps total: 30232 epoch: 4112/5000
fps step: 31940 fps step and policy inference: 31350 fps total: 29861 epoch: 4113/5000
fps step: 32131 fps step and policy inference: 31544 fps total: 30024 epoch: 4114/5000
fps step: 21644 fps step and policy inference: 21384 fps total: 20666 epoch: 4115/5000
fps step: 31938 fps step and policy inference: 31392 fps total: 29853 epoch: 4116/5000
fps step: 31997 fps step and policy inference: 31448 fps total: 29903 epoch: 4117/5000
fps step: 32394 fps step and policy inference: 31811 fps total: 30293 epoch: 4118/5000
fps step: 32891 fps step and policy inference: 32296 fps total: 30719 epoch: 4119/5000
fps step: 31898 fps step and policy inference: 31339 fps total: 29854 epoch: 4120/5000
fps step: 32102 fps step and policy inference: 31507 fps total: 29995 epoch: 4121/5000
fps step: 32142 fps step and policy inference: 31539 fps total: 30042 epoch: 4122/5000
fps step: 21830 fps step and policy inference: 21557 fps total: 20848 epoch: 4123/5000
fps step: 32060 fps step and policy inference: 31497 fps total: 29974 epoch: 4124/5000
fps step: 32231 fps step and policy inference: 31681 fps total: 30178 epoch: 4125/5000
fps step: 32330 fps step and policy inference: 31719 fps total: 30324 epoch: 4126/5000
fps step: 31714 fps step and policy inference: 31155 fps total: 29764 epoch: 4127/5000
fps step: 31479 fps step and policy inference: 30962 fps total: 29600 epoch: 4128/5000
fps step: 31544 fps step and policy inference: 31025 fps total: 29670 epoch: 4129/5000
fps step: 21512 fps step and policy inference: 21260 fps total: 20560 epoch: 4130/5000
fps step: 31446 fps step and policy inference: 30928 fps total: 29420 epoch: 4131/5000
fps step: 31008 fps step and policy inference: 30484 fps total: 29008 epoch: 4132/5000
fps step: 32362 fps step and policy inference: 31769 fps total: 30297 epoch: 4133/5000
fps step: 32485 fps step and policy inference: 31893 fps total: 30416 epoch: 4134/5000
fps step: 31778 fps step and policy inference: 31238 fps total: 29795 epoch: 4135/5000
fps step: 32222 fps step and policy inference: 31641 fps total: 30142 epoch: 4136/5000
fps step: 32420 fps step and policy inference: 31885 fps total: 20800 epoch: 4137/5000
fps step: 31552 fps step and policy inference: 30971 fps total: 29535 epoch: 4138/5000
fps step: 31756 fps step and policy inference: 31166 fps total: 29781 epoch: 4139/5000
fps step: 32388 fps step and policy inference: 31812 fps total: 30406 epoch: 4140/5000
fps step: 32883 fps step and policy inference: 32331 fps total: 30828 epoch: 4141/5000
fps step: 31937 fps step and policy inference: 31349 fps total: 29894 epoch: 4142/5000
fps step: 31933 fps step and policy inference: 31328 fps total: 29863 epoch: 4143/5000
fps step: 31927 fps step and policy inference: 31367 fps total: 29949 epoch: 4144/5000
fps step: 21419 fps step and policy inference: 21161 fps total: 20516 epoch: 4145/5000
fps step: 31717 fps step and policy inference: 31162 fps total: 29740 epoch: 4146/5000
fps step: 31782 fps step and policy inference: 31181 fps total: 29846 epoch: 4147/5000
fps step: 32896 fps step and policy inference: 32269 fps total: 30814 epoch: 4148/5000
fps step: 32236 fps step and policy inference: 31614 fps total: 30155 epoch: 4149/5000
fps step: 32543 fps step and policy inference: 31956 fps total: 30451 epoch: 4150/5000
fps step: 32106 fps step and policy inference: 31537 fps total: 30082 epoch: 4151/5000
fps step: 21431 fps step and policy inference: 21195 fps total: 20534 epoch: 4152/5000
fps step: 31730 fps step and policy inference: 31188 fps total: 29763 epoch: 4153/5000
fps step: 31388 fps step and policy inference: 30834 fps total: 29439 epoch: 4154/5000
fps step: 32315 fps step and policy inference: 31794 fps total: 30404 epoch: 4155/5000
fps step: 32456 fps step and policy inference: 31926 fps total: 30418 epoch: 4156/5000
fps step: 32459 fps step and policy inference: 31925 fps total: 30438 epoch: 4157/5000
fps step: 32213 fps step and policy inference: 31680 fps total: 30260 epoch: 4158/5000
fps step: 32303 fps step and policy inference: 31712 fps total: 30244 epoch: 4159/5000
fps step: 21560 fps step and policy inference: 21308 fps total: 20640 epoch: 4160/5000
fps step: 31737 fps step and policy inference: 31132 fps total: 29694 epoch: 4161/5000
fps step: 31893 fps step and policy inference: 31338 fps total: 29944 epoch: 4162/5000
fps step: 32518 fps step and policy inference: 31935 fps total: 30468 epoch: 4163/5000
fps step: 32552 fps step and policy inference: 31956 fps total: 30461 epoch: 4164/5000
fps step: 32204 fps step and policy inference: 31602 fps total: 30087 epoch: 4165/5000
fps step: 32486 fps step and policy inference: 31913 fps total: 30426 epoch: 4166/5000
fps step: 21745 fps step and policy inference: 21470 fps total: 20765 epoch: 4167/5000
fps step: 31881 fps step and policy inference: 31290 fps total: 29805 epoch: 4168/5000
fps step: 32021 fps step and policy inference: 31432 fps total: 29997 epoch: 4169/5000
fps step: 32484 fps step and policy inference: 31896 fps total: 30380 epoch: 4170/5000
fps step: 32167 fps step and policy inference: 31568 fps total: 30120 epoch: 4171/5000
fps step: 31525 fps step and policy inference: 30940 fps total: 29526 epoch: 4172/5000
fps step: 31436 fps step and policy inference: 30879 fps total: 29477 epoch: 4173/5000
fps step: 31786 fps step and policy inference: 31249 fps total: 29777 epoch: 4174/5000
fps step: 21002 fps step and policy inference: 20768 fps total: 20128 epoch: 4175/5000
fps step: 30900 fps step and policy inference: 30325 fps total: 28958 epoch: 4176/5000
fps step: 32371 fps step and policy inference: 31803 fps total: 30304 epoch: 4177/5000
fps step: 32778 fps step and policy inference: 32239 fps total: 30659 epoch: 4178/5000
fps step: 32075 fps step and policy inference: 31506 fps total: 30039 epoch: 4179/5000
fps step: 32373 fps step and policy inference: 31751 fps total: 30245 epoch: 4180/5000
fps step: 32162 fps step and policy inference: 31569 fps total: 30054 epoch: 4181/5000
fps step: 21020 fps step and policy inference: 20774 fps total: 20106 epoch: 4182/5000
fps step: 31628 fps step and policy inference: 31082 fps total: 29619 epoch: 4183/5000
fps step: 32245 fps step and policy inference: 31673 fps total: 30190 epoch: 4184/5000
fps step: 32781 fps step and policy inference: 32169 fps total: 30669 epoch: 4185/5000
fps step: 32809 fps step and policy inference: 32219 fps total: 30692 epoch: 4186/5000
fps step: 32584 fps step and policy inference: 31975 fps total: 30458 epoch: 4187/5000
fps step: 31303 fps step and policy inference: 30745 fps total: 29298 epoch: 4188/5000
fps step: 20810 fps step and policy inference: 20573 fps total: 19925 epoch: 4189/5000
fps step: 31426 fps step and policy inference: 30883 fps total: 29381 epoch: 4190/5000
fps step: 31691 fps step and policy inference: 31148 fps total: 29725 epoch: 4191/5000
fps step: 33068 fps step and policy inference: 32405 fps total: 30855 epoch: 4192/5000
fps step: 33030 fps step and policy inference: 32388 fps total: 30845 epoch: 4193/5000
fps step: 33063 fps step and policy inference: 32438 fps total: 30878 epoch: 4194/5000
fps step: 32375 fps step and policy inference: 31781 fps total: 30235 epoch: 4195/5000
fps step: 31818 fps step and policy inference: 31228 fps total: 29712 epoch: 4196/5000
fps step: 20865 fps step and policy inference: 20616 fps total: 19952 epoch: 4197/5000
fps step: 30927 fps step and policy inference: 30375 fps total: 28886 epoch: 4198/5000
fps step: 32526 fps step and policy inference: 31942 fps total: 30438 epoch: 4199/5000
fps step: 32365 fps step and policy inference: 31773 fps total: 30263 epoch: 4200/5000
=> saving checkpoint 'runs/specialist_cuboid_train_4k_2026-07-08_16-09-19/nn/last_specialist_cuboid_train_4k_ep_4200_rew_-45.360588.pth'
fps step: 32863 fps step and policy inference: 32246 fps total: 30713 epoch: 4201/5000
fps step: 31978 fps step and policy inference: 31437 fps total: 29973 epoch: 4202/5000
fps step: 32866 fps step and policy inference: 32304 fps total: 30639 epoch: 4203/5000
fps step: 20504 fps step and policy inference: 20284 fps total: 19696 epoch: 4204/5000
fps step: 30497 fps step and policy inference: 29998 fps total: 28663 epoch: 4205/5000
fps step: 31095 fps step and policy inference: 30479 fps total: 29120 epoch: 4206/5000
fps step: 32383 fps step and policy inference: 31795 fps total: 30321 epoch: 4207/5000
fps step: 32626 fps step and policy inference: 32091 fps total: 30646 epoch: 4208/5000
fps step: 32721 fps step and policy inference: 32170 fps total: 30739 epoch: 4209/5000
fps step: 33376 fps step and policy inference: 32840 fps total: 31295 epoch: 4210/5000
fps step: 33158 fps step and policy inference: 32597 fps total: 30962 epoch: 4211/5000
fps step: 19997 fps step and policy inference: 19784 fps total: 19164 epoch: 4212/5000
fps step: 31740 fps step and policy inference: 31179 fps total: 29775 epoch: 4213/5000
fps step: 33677 fps step and policy inference: 33087 fps total: 31507 epoch: 4214/5000
fps step: 33464 fps step and policy inference: 32880 fps total: 31292 epoch: 4215/5000
fps step: 33064 fps step and policy inference: 32494 fps total: 30933 epoch: 4216/5000
fps step: 32944 fps step and policy inference: 32355 fps total: 30857 epoch: 4217/5000
fps step: 33422 fps step and policy inference: 32766 fps total: 31200 epoch: 4218/5000
fps step: 20002 fps step and policy inference: 19746 fps total: 19152 epoch: 4219/5000
fps step: 30278 fps step and policy inference: 29683 fps total: 28323 epoch: 4220/5000
fps step: 30862 fps step and policy inference: 30300 fps total: 28919 epoch: 4221/5000
fps step: 31067 fps step and policy inference: 30497 fps total: 29193 epoch: 4222/5000
fps step: 32451 fps step and policy inference: 31890 fps total: 30420 epoch: 4223/5000
fps step: 32403 fps step and policy inference: 31810 fps total: 30294 epoch: 4224/5000
fps step: 31569 fps step and policy inference: 30969 fps total: 29577 epoch: 4225/5000
fps step: 32027 fps step and policy inference: 31370 fps total: 29914 epoch: 4226/5000
fps step: 24485 fps step and policy inference: 24129 fps total: 23261 epoch: 4227/5000
fps step: 32617 fps step and policy inference: 31989 fps total: 30554 epoch: 4228/5000
fps step: 33274 fps step and policy inference: 32682 fps total: 31181 epoch: 4229/5000
fps step: 33269 fps step and policy inference: 32701 fps total: 31194 epoch: 4230/5000
fps step: 33017 fps step and policy inference: 32455 fps total: 30998 epoch: 4231/5000
fps step: 31273 fps step and policy inference: 30688 fps total: 29257 epoch: 4232/5000
fps step: 30751 fps step and policy inference: 30176 fps total: 28783 epoch: 4233/5000
fps step: 20440 fps step and policy inference: 20199 fps total: 19583 epoch: 4234/5000
fps step: 30352 fps step and policy inference: 29789 fps total: 28503 epoch: 4235/5000
fps step: 31826 fps step and policy inference: 31290 fps total: 29799 epoch: 4236/5000
fps step: 31871 fps step and policy inference: 31319 fps total: 29925 epoch: 4237/5000
fps step: 32514 fps step and policy inference: 31914 fps total: 30493 epoch: 4238/5000
fps step: 32684 fps step and policy inference: 32130 fps total: 30655 epoch: 4239/5000
fps step: 32200 fps step and policy inference: 31591 fps total: 30065 epoch: 4240/5000
fps step: 31757 fps step and policy inference: 31214 fps total: 20939 epoch: 4241/5000
fps step: 31918 fps step and policy inference: 31388 fps total: 29827 epoch: 4242/5000
fps step: 32223 fps step and policy inference: 31589 fps total: 30102 epoch: 4243/5000
fps step: 32403 fps step and policy inference: 31827 fps total: 30359 epoch: 4244/5000
fps step: 33391 fps step and policy inference: 32824 fps total: 31237 epoch: 4245/5000
fps step: 33730 fps step and policy inference: 33127 fps total: 31586 epoch: 4246/5000
fps step: 33877 fps step and policy inference: 33256 fps total: 31630 epoch: 4247/5000
fps step: 31498 fps step and policy inference: 30949 fps total: 29521 epoch: 4248/5000
fps step: 20463 fps step and policy inference: 20214 fps total: 19564 epoch: 4249/5000
fps step: 32074 fps step and policy inference: 31518 fps total: 30059 epoch: 4250/5000
fps step: 33437 fps step and policy inference: 32850 fps total: 31270 epoch: 4251/5000
fps step: 33514 fps step and policy inference: 32912 fps total: 31334 epoch: 4252/5000
fps step: 33243 fps step and policy inference: 32625 fps total: 31090 epoch: 4253/5000
fps step: 33357 fps step and policy inference: 32749 fps total: 31163 epoch: 4254/5000
fps step: 32941 fps step and policy inference: 32313 fps total: 30634 epoch: 4255/5000
fps step: 32180 fps step and policy inference: 31578 fps total: 30093 epoch: 4256/5000
fps step: 19416 fps step and policy inference: 19192 fps total: 18644 epoch: 4257/5000
fps step: 32966 fps step and policy inference: 32328 fps total: 30819 epoch: 4258/5000
fps step: 32983 fps step and policy inference: 32412 fps total: 30871 epoch: 4259/5000
fps step: 32819 fps step and policy inference: 32236 fps total: 30692 epoch: 4260/5000
fps step: 33289 fps step and policy inference: 32667 fps total: 31091 epoch: 4261/5000
fps step: 33537 fps step and policy inference: 32934 fps total: 31345 epoch: 4262/5000
fps step: 32853 fps step and policy inference: 32267 fps total: 30604 epoch: 4263/5000
fps step: 20117 fps step and policy inference: 19890 fps total: 19256 epoch: 4264/5000
fps step: 32139 fps step and policy inference: 31545 fps total: 30107 epoch: 4265/5000
fps step: 33290 fps step and policy inference: 32658 fps total: 31025 epoch: 4266/5000
fps step: 32488 fps step and policy inference: 31905 fps total: 30402 epoch: 4267/5000
fps step: 32532 fps step and policy inference: 31964 fps total: 30326 epoch: 4268/5000
fps step: 31907 fps step and policy inference: 31355 fps total: 29894 epoch: 4269/5000
fps step: 32079 fps step and policy inference: 31473 fps total: 29914 epoch: 4270/5000
fps step: 31715 fps step and policy inference: 31146 fps total: 29661 epoch: 4271/5000
fps step: 20953 fps step and policy inference: 20731 fps total: 20087 epoch: 4272/5000
fps step: 32744 fps step and policy inference: 32172 fps total: 30628 epoch: 4273/5000
fps step: 32458 fps step and policy inference: 31851 fps total: 30358 epoch: 4274/5000
fps step: 33099 fps step and policy inference: 32530 fps total: 30910 epoch: 4275/5000
fps step: 32770 fps step and policy inference: 32147 fps total: 30599 epoch: 4276/5000
fps step: 32710 fps step and policy inference: 32108 fps total: 30590 epoch: 4277/5000
fps step: 31910 fps step and policy inference: 31298 fps total: 29828 epoch: 4278/5000
fps step: 19637 fps step and policy inference: 19416 fps total: 18785 epoch: 4279/5000
fps step: 32406 fps step and policy inference: 31805 fps total: 30311 epoch: 4280/5000
fps step: 32756 fps step and policy inference: 32165 fps total: 30698 epoch: 4281/5000
fps step: 32700 fps step and policy inference: 32140 fps total: 30678 epoch: 4282/5000
fps step: 32695 fps step and policy inference: 32147 fps total: 30666 epoch: 4283/5000
fps step: 32468 fps step and policy inference: 31934 fps total: 30510 epoch: 4284/5000
fps step: 32142 fps step and policy inference: 31600 fps total: 30138 epoch: 4285/5000
fps step: 31106 fps step and policy inference: 30531 fps total: 29190 epoch: 4286/5000
fps step: 19573 fps step and policy inference: 19365 fps total: 18831 epoch: 4287/5000
fps step: 33447 fps step and policy inference: 32840 fps total: 31350 epoch: 4288/5000
fps step: 33374 fps step and policy inference: 32793 fps total: 31321 epoch: 4289/5000
fps step: 33587 fps step and policy inference: 32973 fps total: 31453 epoch: 4290/5000
fps step: 33365 fps step and policy inference: 32731 fps total: 31171 epoch: 4291/5000
fps step: 33528 fps step and policy inference: 32903 fps total: 31342 epoch: 4292/5000
fps step: 32926 fps step and policy inference: 32348 fps total: 30797 epoch: 4293/5000
fps step: 19599 fps step and policy inference: 19393 fps total: 18797 epoch: 4294/5000
fps step: 32987 fps step and policy inference: 32330 fps total: 30863 epoch: 4295/5000
fps step: 33262 fps step and policy inference: 32554 fps total: 30920 epoch: 4296/5000
fps step: 33625 fps step and policy inference: 32961 fps total: 31428 epoch: 4297/5000
fps step: 32784 fps step and policy inference: 32179 fps total: 30717 epoch: 4298/5000
fps step: 33679 fps step and policy inference: 33050 fps total: 31513 epoch: 4299/5000
fps step: 32160 fps step and policy inference: 31563 fps total: 30196 epoch: 4300/5000
fps step: 33484 fps step and policy inference: 32895 fps total: 31414 epoch: 4301/5000
fps step: 19888 fps step and policy inference: 19662 fps total: 19110 epoch: 4302/5000
fps step: 33224 fps step and policy inference: 32567 fps total: 31055 epoch: 4303/5000
fps step: 33570 fps step and policy inference: 32960 fps total: 31411 epoch: 4304/5000
fps step: 33146 fps step and policy inference: 32584 fps total: 31053 epoch: 4305/5000
fps step: 32498 fps step and policy inference: 31921 fps total: 30387 epoch: 4306/5000
fps step: 33554 fps step and policy inference: 32948 fps total: 31364 epoch: 4307/5000
fps step: 32691 fps step and policy inference: 32087 fps total: 30600 epoch: 4308/5000
fps step: 32897 fps step and policy inference: 32292 fps total: 19176 epoch: 4309/5000
fps step: 32742 fps step and policy inference: 32129 fps total: 30636 epoch: 4310/5000
fps step: 33635 fps step and policy inference: 33083 fps total: 31495 epoch: 4311/5000
fps step: 32729 fps step and policy inference: 32148 fps total: 30668 epoch: 4312/5000
fps step: 32183 fps step and policy inference: 31624 fps total: 30168 epoch: 4313/5000
fps step: 33406 fps step and policy inference: 32787 fps total: 31296 epoch: 4314/5000
fps step: 31721 fps step and policy inference: 31147 fps total: 29749 epoch: 4315/5000
fps step: 33094 fps step and policy inference: 32528 fps total: 30993 epoch: 4316/5000
fps step: 19736 fps step and policy inference: 19515 fps total: 18960 epoch: 4317/5000
fps step: 33440 fps step and policy inference: 32844 fps total: 31321 epoch: 4318/5000
fps step: 33296 fps step and policy inference: 32717 fps total: 31240 epoch: 4319/5000
fps step: 33475 fps step and policy inference: 32858 fps total: 31291 epoch: 4320/5000
fps step: 32688 fps step and policy inference: 32130 fps total: 30657 epoch: 4321/5000
fps step: 32854 fps step and policy inference: 32219 fps total: 30592 epoch: 4322/5000
fps step: 31865 fps step and policy inference: 31256 fps total: 29865 epoch: 4323/5000
fps step: 32228 fps step and policy inference: 31630 fps total: 30041 epoch: 4324/5000
fps step: 19836 fps step and policy inference: 19621 fps total: 19070 epoch: 4325/5000
fps step: 32660 fps step and policy inference: 32037 fps total: 30569 epoch: 4326/5000
fps step: 32773 fps step and policy inference: 32150 fps total: 30614 epoch: 4327/5000
fps step: 31944 fps step and policy inference: 31355 fps total: 29903 epoch: 4328/5000
fps step: 32978 fps step and policy inference: 32361 fps total: 30845 epoch: 4329/5000
fps step: 31727 fps step and policy inference: 31129 fps total: 29717 epoch: 4330/5000
fps step: 32817 fps step and policy inference: 32198 fps total: 30697 epoch: 4331/5000
fps step: 19707 fps step and policy inference: 19463 fps total: 18900 epoch: 4332/5000
fps step: 32746 fps step and policy inference: 32147 fps total: 30688 epoch: 4333/5000
fps step: 32579 fps step and policy inference: 31963 fps total: 30561 epoch: 4334/5000
fps step: 33224 fps step and policy inference: 32662 fps total: 31141 epoch: 4335/5000
fps step: 32378 fps step and policy inference: 31825 fps total: 30365 epoch: 4336/5000
fps step: 32301 fps step and policy inference: 31668 fps total: 30106 epoch: 4337/5000
fps step: 32242 fps step and policy inference: 31683 fps total: 30229 epoch: 4338/5000
fps step: 31713 fps step and policy inference: 31120 fps total: 29642 epoch: 4339/5000
fps step: 19621 fps step and policy inference: 19408 fps total: 18815 epoch: 4340/5000
fps step: 30845 fps step and policy inference: 30287 fps total: 28948 epoch: 4341/5000
fps step: 33204 fps step and policy inference: 32621 fps total: 31082 epoch: 4342/5000
fps step: 33240 fps step and policy inference: 32658 fps total: 31077 epoch: 4343/5000
fps step: 33112 fps step and policy inference: 32554 fps total: 30959 epoch: 4344/5000
fps step: 32666 fps step and policy inference: 32053 fps total: 30496 epoch: 4345/5000
fps step: 32640 fps step and policy inference: 32059 fps total: 30547 epoch: 4346/5000
fps step: 19898 fps step and policy inference: 19679 fps total: 19088 epoch: 4347/5000
fps step: 30277 fps step and policy inference: 29726 fps total: 28334 epoch: 4348/5000
fps step: 32212 fps step and policy inference: 31654 fps total: 30154 epoch: 4349/5000
fps step: 33441 fps step and policy inference: 32850 fps total: 31245 epoch: 4350/5000
fps step: 33404 fps step and policy inference: 32785 fps total: 31184 epoch: 4351/5000
fps step: 33224 fps step and policy inference: 32594 fps total: 31017 epoch: 4352/5000
fps step: 33466 fps step and policy inference: 32910 fps total: 31323 epoch: 4353/5000
fps step: 32815 fps step and policy inference: 32233 fps total: 30681 epoch: 4354/5000
fps step: 20224 fps step and policy inference: 19995 fps total: 19349 epoch: 4355/5000
fps step: 31550 fps step and policy inference: 31009 fps total: 29662 epoch: 4356/5000
fps step: 33608 fps step and policy inference: 33041 fps total: 31483 epoch: 4357/5000
fps step: 33580 fps step and policy inference: 32948 fps total: 31394 epoch: 4358/5000
fps step: 33712 fps step and policy inference: 33134 fps total: 31643 epoch: 4359/5000
fps step: 33336 fps step and policy inference: 32792 fps total: 31333 epoch: 4360/5000
fps step: 33452 fps step and policy inference: 32877 fps total: 31449 epoch: 4361/5000
fps step: 32049 fps step and policy inference: 19485 fps total: 18962 epoch: 4362/5000
fps step: 30178 fps step and policy inference: 29568 fps total: 28268 epoch: 4363/5000
fps step: 31796 fps step and policy inference: 31126 fps total: 29740 epoch: 4364/5000
fps step: 32465 fps step and policy inference: 31827 fps total: 30373 epoch: 4365/5000
fps step: 32591 fps step and policy inference: 31950 fps total: 30517 epoch: 4366/5000
fps step: 33308 fps step and policy inference: 32718 fps total: 31164 epoch: 4367/5000
fps step: 33320 fps step and policy inference: 32724 fps total: 31173 epoch: 4368/5000
fps step: 32843 fps step and policy inference: 32322 fps total: 30814 epoch: 4369/5000
fps step: 19090 fps step and policy inference: 18881 fps total: 18289 epoch: 4370/5000
fps step: 31099 fps step and policy inference: 30535 fps total: 29167 epoch: 4371/5000
fps step: 33056 fps step and policy inference: 32491 fps total: 31018 epoch: 4372/5000
fps step: 33006 fps step and policy inference: 32417 fps total: 30893 epoch: 4373/5000
fps step: 33413 fps step and policy inference: 32876 fps total: 31303 epoch: 4374/5000
fps step: 33235 fps step and policy inference: 32621 fps total: 31087 epoch: 4375/5000
fps step: 33350 fps step and policy inference: 32766 fps total: 31164 epoch: 4376/5000
fps step: 20386 fps step and policy inference: 20152 fps total: 19498 epoch: 4377/5000
fps step: 30572 fps step and policy inference: 30015 fps total: 28573 epoch: 4378/5000
fps step: 32899 fps step and policy inference: 32306 fps total: 30779 epoch: 4379/5000
fps step: 33419 fps step and policy inference: 32818 fps total: 31302 epoch: 4380/5000
fps step: 33325 fps step and policy inference: 32733 fps total: 31213 epoch: 4381/5000
fps step: 33479 fps step and policy inference: 32858 fps total: 31333 epoch: 4382/5000
fps step: 33471 fps step and policy inference: 32841 fps total: 31301 epoch: 4383/5000
fps step: 32709 fps step and policy inference: 32090 fps total: 30593 epoch: 4384/5000
fps step: 20212 fps step and policy inference: 19975 fps total: 19380 epoch: 4385/5000
fps step: 32436 fps step and policy inference: 31848 fps total: 30443 epoch: 4386/5000
fps step: 33423 fps step and policy inference: 32821 fps total: 31331 epoch: 4387/5000
fps step: 32399 fps step and policy inference: 31799 fps total: 30353 epoch: 4388/5000
fps step: 31821 fps step and policy inference: 31296 fps total: 29922 epoch: 4389/5000
fps step: 32140 fps step and policy inference: 31608 fps total: 30209 epoch: 4390/5000
fps step: 32026 fps step and policy inference: 31462 fps total: 30039 epoch: 4391/5000
fps step: 21533 fps step and policy inference: 21282 fps total: 20637 epoch: 4392/5000
fps step: 31857 fps step and policy inference: 31290 fps total: 29841 epoch: 4393/5000
fps step: 32175 fps step and policy inference: 31637 fps total: 30109 epoch: 4394/5000
fps step: 32114 fps step and policy inference: 31537 fps total: 30077 epoch: 4395/5000
fps step: 32736 fps step and policy inference: 32114 fps total: 30612 epoch: 4396/5000
fps step: 32105 fps step and policy inference: 31484 fps total: 30023 epoch: 4397/5000
fps step: 31872 fps step and policy inference: 31283 fps total: 29836 epoch: 4398/5000
fps step: 32161 fps step and policy inference: 31623 fps total: 30172 epoch: 4399/5000
fps step: 21602 fps step and policy inference: 21338 fps total: 20658 epoch: 4400/5000
=> saving checkpoint 'runs/specialist_cuboid_train_4k_2026-07-08_16-09-19/nn/last_specialist_cuboid_train_4k_ep_4400_rew_-20.295689.pth'
fps step: 31708 fps step and policy inference: 31149 fps total: 29720 epoch: 4401/5000
fps step: 31822 fps step and policy inference: 31243 fps total: 29825 epoch: 4402/5000
fps step: 32597 fps step and policy inference: 31981 fps total: 30551 epoch: 4403/5000
fps step: 33003 fps step and policy inference: 32431 fps total: 30906 epoch: 4404/5000
fps step: 31964 fps step and policy inference: 31360 fps total: 29868 epoch: 4405/5000
fps step: 31935 fps step and policy inference: 31348 fps total: 29904 epoch: 4406/5000
fps step: 21020 fps step and policy inference: 20740 fps total: 20106 epoch: 4407/5000
fps step: 31617 fps step and policy inference: 31020 fps total: 29568 epoch: 4408/5000
fps step: 31826 fps step and policy inference: 31251 fps total: 29802 epoch: 4409/5000
fps step: 32716 fps step and policy inference: 32092 fps total: 30661 epoch: 4410/5000
fps step: 33107 fps step and policy inference: 32510 fps total: 31039 epoch: 4411/5000
fps step: 32773 fps step and policy inference: 32170 fps total: 30625 epoch: 4412/5000
fps step: 32522 fps step and policy inference: 31938 fps total: 30414 epoch: 4413/5000
fps step: 32520 fps step and policy inference: 31949 fps total: 30432 epoch: 4414/5000
fps step: 21199 fps step and policy inference: 20949 fps total: 20299 epoch: 4415/5000
fps step: 31334 fps step and policy inference: 30770 fps total: 29378 epoch: 4416/5000
fps step: 31583 fps step and policy inference: 31047 fps total: 29667 epoch: 4417/5000
fps step: 32782 fps step and policy inference: 32250 fps total: 30753 epoch: 4418/5000
fps step: 32665 fps step and policy inference: 32085 fps total: 30559 epoch: 4419/5000
fps step: 32369 fps step and policy inference: 31791 fps total: 30351 epoch: 4420/5000
fps step: 31985 fps step and policy inference: 31420 fps total: 29952 epoch: 4421/5000
fps step: 21423 fps step and policy inference: 21181 fps total: 20500 epoch: 4422/5000
fps step: 31695 fps step and policy inference: 31112 fps total: 29642 epoch: 4423/5000
fps step: 31699 fps step and policy inference: 31165 fps total: 29699 epoch: 4424/5000
fps step: 32658 fps step and policy inference: 32115 fps total: 30605 epoch: 4425/5000
fps step: 32674 fps step and policy inference: 32057 fps total: 30525 epoch: 4426/5000
fps step: 31958 fps step and policy inference: 31345 fps total: 29837 epoch: 4427/5000
fps step: 31881 fps step and policy inference: 31253 fps total: 29752 epoch: 4428/5000
fps step: 32316 fps step and policy inference: 31744 fps total: 30207 epoch: 4429/5000
fps step: 21035 fps step and policy inference: 20791 fps total: 20116 epoch: 4430/5000
fps step: 31570 fps step and policy inference: 30986 fps total: 29516 epoch: 4431/5000
fps step: 32672 fps step and policy inference: 32076 fps total: 30543 epoch: 4432/5000
fps step: 32810 fps step and policy inference: 32126 fps total: 30602 epoch: 4433/5000
fps step: 32641 fps step and policy inference: 32028 fps total: 30462 epoch: 4434/5000
fps step: 32616 fps step and policy inference: 32060 fps total: 30510 epoch: 4435/5000
fps step: 32383 fps step and policy inference: 31824 fps total: 30317 epoch: 4436/5000
fps step: 20984 fps step and policy inference: 20742 fps total: 20132 epoch: 4437/5000
fps step: 31084 fps step and policy inference: 30557 fps total: 29207 epoch: 4438/5000
fps step: 30813 fps step and policy inference: 30273 fps total: 28988 epoch: 4439/5000
fps step: 31833 fps step and policy inference: 31274 fps total: 29925 epoch: 4440/5000
fps step: 32018 fps step and policy inference: 31469 fps total: 30016 epoch: 4441/5000
fps step: 31408 fps step and policy inference: 30821 fps total: 29423 epoch: 4442/5000
fps step: 31439 fps step and policy inference: 30911 fps total: 29504 epoch: 4443/5000
fps step: 21164 fps step and policy inference: 20923 fps total: 20261 epoch: 4444/5000
fps step: 31770 fps step and policy inference: 31262 fps total: 29796 epoch: 4445/5000
fps step: 31771 fps step and policy inference: 31246 fps total: 29754 epoch: 4446/5000
fps step: 32574 fps step and policy inference: 32054 fps total: 30536 epoch: 4447/5000
fps step: 32935 fps step and policy inference: 32368 fps total: 30818 epoch: 4448/5000
fps step: 32821 fps step and policy inference: 32265 fps total: 30680 epoch: 4449/5000
fps step: 31943 fps step and policy inference: 31354 fps total: 29938 epoch: 4450/5000
fps step: 31863 fps step and policy inference: 31240 fps total: 29775 epoch: 4451/5000
fps step: 20907 fps step and policy inference: 20663 fps total: 20008 epoch: 4452/5000
fps step: 31596 fps step and policy inference: 30991 fps total: 29510 epoch: 4453/5000
fps step: 32436 fps step and policy inference: 31910 fps total: 30451 epoch: 4454/5000
fps step: 32427 fps step and policy inference: 31774 fps total: 30324 epoch: 4455/5000
fps step: 31814 fps step and policy inference: 31182 fps total: 29710 epoch: 4456/5000
fps step: 31755 fps step and policy inference: 31164 fps total: 29781 epoch: 4457/5000
fps step: 31850 fps step and policy inference: 31319 fps total: 29916 epoch: 4458/5000
fps step: 20859 fps step and policy inference: 20625 fps total: 20015 epoch: 4459/5000
fps step: 31566 fps step and policy inference: 31038 fps total: 29572 epoch: 4460/5000
fps step: 31364 fps step and policy inference: 30753 fps total: 29314 epoch: 4461/5000
fps step: 31781 fps step and policy inference: 31148 fps total: 29672 epoch: 4462/5000
fps step: 32410 fps step and policy inference: 31840 fps total: 30374 epoch: 4463/5000
fps step: 31999 fps step and policy inference: 31444 fps total: 29960 epoch: 4464/5000
fps step: 31660 fps step and policy inference: 31073 fps total: 29657 epoch: 4465/5000
fps step: 21092 fps step and policy inference: 20857 fps total: 20196 epoch: 4466/5000
fps step: 31907 fps step and policy inference: 31385 fps total: 29873 epoch: 4467/5000
fps step: 31726 fps step and policy inference: 31216 fps total: 29730 epoch: 4468/5000
fps step: 32354 fps step and policy inference: 31758 fps total: 30326 epoch: 4469/5000
fps step: 32440 fps step and policy inference: 31868 fps total: 30406 epoch: 4470/5000
fps step: 31840 fps step and policy inference: 31282 fps total: 29852 epoch: 4471/5000
fps step: 31837 fps step and policy inference: 31275 fps total: 29881 epoch: 4472/5000
fps step: 31912 fps step and policy inference: 31388 fps total: 29980 epoch: 4473/5000
fps step: 20895 fps step and policy inference: 20649 fps total: 20034 epoch: 4474/5000
fps step: 31373 fps step and policy inference: 30806 fps total: 29430 epoch: 4475/5000
fps step: 32290 fps step and policy inference: 31707 fps total: 30255 epoch: 4476/5000
fps step: 32745 fps step and policy inference: 32162 fps total: 30713 epoch: 4477/5000
fps step: 32267 fps step and policy inference: 31708 fps total: 30224 epoch: 4478/5000
fps step: 32037 fps step and policy inference: 31469 fps total: 30029 epoch: 4479/5000
fps step: 32257 fps step and policy inference: 31693 fps total: 30236 epoch: 4480/5000
fps step: 21082 fps step and policy inference: 20815 fps total: 20165 epoch: 4481/5000
fps step: 32105 fps step and policy inference: 31538 fps total: 30048 epoch: 4482/5000
fps step: 32274 fps step and policy inference: 31697 fps total: 30298 epoch: 4483/5000
fps step: 33550 fps step and policy inference: 32921 fps total: 31397 epoch: 4484/5000
fps step: 33447 fps step and policy inference: 32843 fps total: 31309 epoch: 4485/5000
fps step: 33712 fps step and policy inference: 33145 fps total: 31583 epoch: 4486/5000
fps step: 32610 fps step and policy inference: 32066 fps total: 30498 epoch: 4487/5000
fps step: 30725 fps step and policy inference: 30157 fps total: 28749 epoch: 4488/5000
fps step: 21739 fps step and policy inference: 21489 fps total: 20800 epoch: 4489/5000
fps step: 33167 fps step and policy inference: 32598 fps total: 31131 epoch: 4490/5000
fps step: 33427 fps step and policy inference: 32848 fps total: 31357 epoch: 4491/5000
fps step: 33696 fps step and policy inference: 33134 fps total: 31631 epoch: 4492/5000
fps step: 33078 fps step and policy inference: 32492 fps total: 30993 epoch: 4493/5000
fps step: 33136 fps step and policy inference: 32493 fps total: 30987 epoch: 4494/5000
fps step: 30620 fps step and policy inference: 30049 fps total: 28715 epoch: 4495/5000
fps step: 20392 fps step and policy inference: 20152 fps total: 19577 epoch: 4496/5000
fps step: 32310 fps step and policy inference: 31732 fps total: 30196 epoch: 4497/5000
fps step: 31497 fps step and policy inference: 30927 fps total: 29564 epoch: 4498/5000
fps step: 33862 fps step and policy inference: 33198 fps total: 31684 epoch: 4499/5000
fps step: 33712 fps step and policy inference: 33125 fps total: 31608 epoch: 4500/5000
fps step: 33574 fps step and policy inference: 32968 fps total: 31471 epoch: 4501/5000
fps step: 33753 fps step and policy inference: 33196 fps total: 31738 epoch: 4502/5000
fps step: 33790 fps step and policy inference: 33233 fps total: 31644 epoch: 4503/5000
fps step: 18858 fps step and policy inference: 18672 fps total: 18151 epoch: 4504/5000
fps step: 32293 fps step and policy inference: 31740 fps total: 30294 epoch: 4505/5000
fps step: 32512 fps step and policy inference: 31956 fps total: 30522 epoch: 4506/5000
fps step: 32510 fps step and policy inference: 31901 fps total: 30488 epoch: 4507/5000
fps step: 34040 fps step and policy inference: 33423 fps total: 31931 epoch: 4508/5000
fps step: 33938 fps step and policy inference: 33364 fps total: 31889 epoch: 4509/5000
fps step: 33746 fps step and policy inference: 33130 fps total: 31568 epoch: 4510/5000
fps step: 34024 fps step and policy inference: 33430 fps total: 31898 epoch: 4511/5000
fps step: 18960 fps step and policy inference: 18741 fps total: 18212 epoch: 4512/5000
fps step: 32407 fps step and policy inference: 31826 fps total: 30471 epoch: 4513/5000
fps step: 33831 fps step and policy inference: 33211 fps total: 31733 epoch: 4514/5000
fps step: 33845 fps step and policy inference: 33254 fps total: 31675 epoch: 4515/5000
fps step: 33316 fps step and policy inference: 32727 fps total: 31210 epoch: 4516/5000
fps step: 33686 fps step and policy inference: 33068 fps total: 31470 epoch: 4517/5000
fps step: 33236 fps step and policy inference: 32667 fps total: 31197 epoch: 4518/5000
fps step: 18534 fps step and policy inference: 18362 fps total: 17828 epoch: 4519/5000
fps step: 31156 fps step and policy inference: 30591 fps total: 29213 epoch: 4520/5000
fps step: 32290 fps step and policy inference: 31733 fps total: 30394 epoch: 4521/5000
fps step: 33325 fps step and policy inference: 32760 fps total: 31286 epoch: 4522/5000
fps step: 33243 fps step and policy inference: 32615 fps total: 31159 epoch: 4523/5000
fps step: 33823 fps step and policy inference: 33248 fps total: 31771 epoch: 4524/5000
fps step: 33774 fps step and policy inference: 33181 fps total: 31739 epoch: 4525/5000
fps step: 33438 fps step and policy inference: 32897 fps total: 31454 epoch: 4526/5000
fps step: 18658 fps step and policy inference: 18482 fps total: 17996 epoch: 4527/5000
fps step: 31617 fps step and policy inference: 31025 fps total: 29662 epoch: 4528/5000
fps step: 32192 fps step and policy inference: 31581 fps total: 30132 epoch: 4529/5000
fps step: 32398 fps step and policy inference: 31780 fps total: 30328 epoch: 4530/5000
fps step: 32369 fps step and policy inference: 31761 fps total: 30272 epoch: 4531/5000
fps step: 32170 fps step and policy inference: 31599 fps total: 30132 epoch: 4532/5000
fps step: 32643 fps step and policy inference: 32112 fps total: 30657 epoch: 4533/5000
fps step: 33177 fps step and policy inference: 32627 fps total: 31103 epoch: 4534/5000
fps step: 21872 fps step and policy inference: 21618 fps total: 20947 epoch: 4535/5000
fps step: 32084 fps step and policy inference: 31453 fps total: 29953 epoch: 4536/5000
fps step: 32307 fps step and policy inference: 31713 fps total: 30219 epoch: 4537/5000
fps step: 32223 fps step and policy inference: 31613 fps total: 30122 epoch: 4538/5000
fps step: 32154 fps step and policy inference: 31544 fps total: 30071 epoch: 4539/5000
fps step: 32602 fps step and policy inference: 32075 fps total: 30551 epoch: 4540/5000
fps step: 32335 fps step and policy inference: 31775 fps total: 30369 epoch: 4541/5000
fps step: 19471 fps step and policy inference: 19260 fps total: 18737 epoch: 4542/5000
fps step: 32175 fps step and policy inference: 31622 fps total: 30202 epoch: 4543/5000
fps step: 31988 fps step and policy inference: 31352 fps total: 29900 epoch: 4544/5000
fps step: 32104 fps step and policy inference: 31491 fps total: 30071 epoch: 4545/5000
fps step: 32441 fps step and policy inference: 31855 fps total: 30378 epoch: 4546/5000
fps step: 32232 fps step and policy inference: 31667 fps total: 30185 epoch: 4547/5000
fps step: 32703 fps step and policy inference: 32114 fps total: 30611 epoch: 4548/5000
fps step: 32296 fps step and policy inference: 31723 fps total: 30246 epoch: 4549/5000
fps step: 20416 fps step and policy inference: 20190 fps total: 19583 epoch: 4550/5000
fps step: 32438 fps step and policy inference: 31827 fps total: 30381 epoch: 4551/5000
fps step: 32478 fps step and policy inference: 31864 fps total: 30372 epoch: 4552/5000
fps step: 32168 fps step and policy inference: 31578 fps total: 30141 epoch: 4553/5000
fps step: 32260 fps step and policy inference: 31725 fps total: 30316 epoch: 4554/5000
fps step: 32137 fps step and policy inference: 31597 fps total: 30187 epoch: 4555/5000
fps step: 32337 fps step and policy inference: 31730 fps total: 30307 epoch: 4556/5000
fps step: 20290 fps step and policy inference: 20069 fps total: 19489 epoch: 4557/5000
fps step: 32373 fps step and policy inference: 31784 fps total: 30367 epoch: 4558/5000
fps step: 32435 fps step and policy inference: 31873 fps total: 30475 epoch: 4559/5000
fps step: 32725 fps step and policy inference: 32161 fps total: 30661 epoch: 4560/5000
fps step: 33021 fps step and policy inference: 32432 fps total: 30926 epoch: 4561/5000
fps step: 32926 fps step and policy inference: 32328 fps total: 30870 epoch: 4562/5000
fps step: 32898 fps step and policy inference: 32296 fps total: 30819 epoch: 4563/5000
fps step: 33344 fps step and policy inference: 32758 fps total: 31222 epoch: 4564/5000
fps step: 20188 fps step and policy inference: 19973 fps total: 19393 epoch: 4565/5000
fps step: 32469 fps step and policy inference: 31891 fps total: 30407 epoch: 4566/5000
fps step: 32225 fps step and policy inference: 31606 fps total: 30180 epoch: 4567/5000
fps step: 32488 fps step and policy inference: 31879 fps total: 30426 epoch: 4568/5000
fps step: 32346 fps step and policy inference: 31754 fps total: 30274 epoch: 4569/5000
fps step: 32292 fps step and policy inference: 31715 fps total: 30280 epoch: 4570/5000
fps step: 32165 fps step and policy inference: 31584 fps total: 30161 epoch: 4571/5000
fps step: 20295 fps step and policy inference: 20070 fps total: 19470 epoch: 4572/5000
fps step: 32957 fps step and policy inference: 32374 fps total: 30883 epoch: 4573/5000
fps step: 32652 fps step and policy inference: 32082 fps total: 30561 epoch: 4574/5000
fps step: 32741 fps step and policy inference: 32149 fps total: 30663 epoch: 4575/5000
fps step: 32536 fps step and policy inference: 31983 fps total: 30491 epoch: 4576/5000
fps step: 32696 fps step and policy inference: 32120 fps total: 30613 epoch: 4577/5000
fps step: 32810 fps step and policy inference: 32218 fps total: 30745 epoch: 4578/5000
fps step: 32522 fps step and policy inference: 31983 fps total: 30511 epoch: 4579/5000
fps step: 20096 fps step and policy inference: 19871 fps total: 19276 epoch: 4580/5000
fps step: 32010 fps step and policy inference: 31416 fps total: 29992 epoch: 4581/5000
fps step: 32093 fps step and policy inference: 31548 fps total: 30116 epoch: 4582/5000
fps step: 31968 fps step and policy inference: 31422 fps total: 29991 epoch: 4583/5000
fps step: 32047 fps step and policy inference: 31525 fps total: 30017 epoch: 4584/5000
fps step: 32128 fps step and policy inference: 31554 fps total: 30025 epoch: 4585/5000
fps step: 32147 fps step and policy inference: 31572 fps total: 30156 epoch: 4586/5000
fps step: 20179 fps step and policy inference: 19948 fps total: 19357 epoch: 4587/5000
fps step: 32720 fps step and policy inference: 32127 fps total: 30651 epoch: 4588/5000
fps step: 33007 fps step and policy inference: 32439 fps total: 30949 epoch: 4589/5000
fps step: 33066 fps step and policy inference: 32462 fps total: 30985 epoch: 4590/5000
fps step: 32901 fps step and policy inference: 32254 fps total: 30777 epoch: 4591/5000
fps step: 33067 fps step and policy inference: 32454 fps total: 30845 epoch: 4592/5000
fps step: 32263 fps step and policy inference: 31682 fps total: 30167 epoch: 4593/5000
fps step: 32766 fps step and policy inference: 32205 fps total: 30620 epoch: 4594/5000
fps step: 20096 fps step and policy inference: 19876 fps total: 19269 epoch: 4595/5000
fps step: 31946 fps step and policy inference: 31408 fps total: 29931 epoch: 4596/5000
fps step: 32213 fps step and policy inference: 31585 fps total: 30056 epoch: 4597/5000
fps step: 32329 fps step and policy inference: 31713 fps total: 30176 epoch: 4598/5000
fps step: 32564 fps step and policy inference: 32024 fps total: 30581 epoch: 4599/5000
fps step: 32374 fps step and policy inference: 31773 fps total: 30384 epoch: 4600/5000
=> saving checkpoint 'runs/specialist_cuboid_train_4k_2026-07-08_16-09-19/nn/last_specialist_cuboid_train_4k_ep_4600_rew_-17.913189.pth'
fps step: 32717 fps step and policy inference: 32148 fps total: 30724 epoch: 4601/5000
fps step: 32555 fps step and policy inference: 19921 fps total: 19351 epoch: 4602/5000
fps step: 33349 fps step and policy inference: 32803 fps total: 31266 epoch: 4603/5000
fps step: 33020 fps step and policy inference: 32452 fps total: 30990 epoch: 4604/5000
fps step: 33429 fps step and policy inference: 32863 fps total: 31279 epoch: 4605/5000
fps step: 32934 fps step and policy inference: 32316 fps total: 30821 epoch: 4606/5000
fps step: 32580 fps step and policy inference: 31913 fps total: 30437 epoch: 4607/5000
fps step: 32814 fps step and policy inference: 32225 fps total: 30770 epoch: 4608/5000
fps step: 32939 fps step and policy inference: 32357 fps total: 30886 epoch: 4609/5000
fps step: 20340 fps step and policy inference: 20124 fps total: 19551 epoch: 4610/5000
fps step: 32215 fps step and policy inference: 31595 fps total: 30212 epoch: 4611/5000
fps step: 32515 fps step and policy inference: 31921 fps total: 30476 epoch: 4612/5000
fps step: 32569 fps step and policy inference: 31999 fps total: 30554 epoch: 4613/5000
fps step: 32772 fps step and policy inference: 32183 fps total: 30700 epoch: 4614/5000
fps step: 32970 fps step and policy inference: 32405 fps total: 30897 epoch: 4615/5000
fps step: 32753 fps step and policy inference: 32159 fps total: 30656 epoch: 4616/5000
fps step: 32996 fps step and policy inference: 32383 fps total: 19290 epoch: 4617/5000
fps step: 32671 fps step and policy inference: 32089 fps total: 30637 epoch: 4618/5000
fps step: 32712 fps step and policy inference: 32104 fps total: 30648 epoch: 4619/5000
fps step: 32511 fps step and policy inference: 31900 fps total: 30492 epoch: 4620/5000
fps step: 32291 fps step and policy inference: 31715 fps total: 30343 epoch: 4621/5000
fps step: 33102 fps step and policy inference: 32504 fps total: 30970 epoch: 4622/5000
fps step: 32554 fps step and policy inference: 32008 fps total: 30572 epoch: 4623/5000
fps step: 32507 fps step and policy inference: 31943 fps total: 30516 epoch: 4624/5000
fps step: 20058 fps step and policy inference: 19842 fps total: 19258 epoch: 4625/5000
fps step: 32789 fps step and policy inference: 32212 fps total: 30739 epoch: 4626/5000
fps step: 32198 fps step and policy inference: 31597 fps total: 30135 epoch: 4627/5000
fps step: 32527 fps step and policy inference: 31922 fps total: 30472 epoch: 4628/5000
fps step: 32955 fps step and policy inference: 32346 fps total: 30847 epoch: 4629/5000
fps step: 32461 fps step and policy inference: 31836 fps total: 30401 epoch: 4630/5000
fps step: 32129 fps step and policy inference: 31521 fps total: 30094 epoch: 4631/5000
fps step: 32619 fps step and policy inference: 32028 fps total: 30461 epoch: 4632/5000
fps step: 20704 fps step and policy inference: 20466 fps total: 19854 epoch: 4633/5000
fps step: 32685 fps step and policy inference: 32112 fps total: 30620 epoch: 4634/5000
fps step: 33214 fps step and policy inference: 32613 fps total: 31100 epoch: 4635/5000
fps step: 32783 fps step and policy inference: 32195 fps total: 30681 epoch: 4636/5000
fps step: 32292 fps step and policy inference: 31639 fps total: 30207 epoch: 4637/5000
fps step: 33054 fps step and policy inference: 32459 fps total: 30907 epoch: 4638/5000
fps step: 32970 fps step and policy inference: 32362 fps total: 30823 epoch: 4639/5000
fps step: 20275 fps step and policy inference: 20060 fps total: 19462 epoch: 4640/5000
fps step: 32784 fps step and policy inference: 32207 fps total: 30655 epoch: 4641/5000
fps step: 32680 fps step and policy inference: 32103 fps total: 30631 epoch: 4642/5000
fps step: 33545 fps step and policy inference: 32960 fps total: 31434 epoch: 4643/5000
fps step: 33732 fps step and policy inference: 33099 fps total: 31587 epoch: 4644/5000
fps step: 33628 fps step and policy inference: 33016 fps total: 31519 epoch: 4645/5000
fps step: 33150 fps step and policy inference: 32586 fps total: 31065 epoch: 4646/5000
fps step: 33187 fps step and policy inference: 32602 fps total: 31054 epoch: 4647/5000
fps step: 17936 fps step and policy inference: 17751 fps total: 17290 epoch: 4648/5000
fps step: 32293 fps step and policy inference: 31728 fps total: 30289 epoch: 4649/5000
fps step: 33585 fps step and policy inference: 32992 fps total: 31477 epoch: 4650/5000
fps step: 33270 fps step and policy inference: 32693 fps total: 31204 epoch: 4651/5000
fps step: 33619 fps step and policy inference: 32946 fps total: 31407 epoch: 4652/5000
fps step: 33492 fps step and policy inference: 32878 fps total: 31400 epoch: 4653/5000
fps step: 33482 fps step and policy inference: 32912 fps total: 31434 epoch: 4654/5000
fps step: 18343 fps step and policy inference: 18156 fps total: 17660 epoch: 4655/5000
fps step: 31253 fps step and policy inference: 30720 fps total: 29275 epoch: 4656/5000
fps step: 31683 fps step and policy inference: 31098 fps total: 29681 epoch: 4657/5000
fps step: 32448 fps step and policy inference: 31851 fps total: 30403 epoch: 4658/5000
fps step: 33050 fps step and policy inference: 32432 fps total: 31000 epoch: 4659/5000
fps step: 33948 fps step and policy inference: 33383 fps total: 31809 epoch: 4660/5000
fps step: 33641 fps step and policy inference: 33070 fps total: 31558 epoch: 4661/5000
fps step: 33368 fps step and policy inference: 32792 fps total: 31333 epoch: 4662/5000
fps step: 19453 fps step and policy inference: 19233 fps total: 18698 epoch: 4663/5000
fps step: 32573 fps step and policy inference: 31963 fps total: 30507 epoch: 4664/5000
fps step: 33108 fps step and policy inference: 32515 fps total: 31058 epoch: 4665/5000
fps step: 33636 fps step and policy inference: 33025 fps total: 31473 epoch: 4666/5000
fps step: 33421 fps step and policy inference: 32833 fps total: 31312 epoch: 4667/5000
fps step: 33577 fps step and policy inference: 33001 fps total: 31512 epoch: 4668/5000
fps step: 33471 fps step and policy inference: 32881 fps total: 31374 epoch: 4669/5000
fps step: 33409 fps step and policy inference: 32844 fps total: 31269 epoch: 4670/5000
fps step: 17347 fps step and policy inference: 17182 fps total: 16725 epoch: 4671/5000
fps step: 31996 fps step and policy inference: 31459 fps total: 29987 epoch: 4672/5000
fps step: 32706 fps step and policy inference: 32118 fps total: 30693 epoch: 4673/5000
fps step: 33250 fps step and policy inference: 32661 fps total: 31132 epoch: 4674/5000
fps step: 33307 fps step and policy inference: 32751 fps total: 31233 epoch: 4675/5000
fps step: 33207 fps step and policy inference: 32625 fps total: 31143 epoch: 4676/5000
fps step: 33406 fps step and policy inference: 32800 fps total: 31267 epoch: 4677/5000
fps step: 19238 fps step and policy inference: 19044 fps total: 18497 epoch: 4678/5000
fps step: 32732 fps step and policy inference: 32182 fps total: 30706 epoch: 4679/5000
fps step: 33417 fps step and policy inference: 32813 fps total: 31405 epoch: 4680/5000
fps step: 33831 fps step and policy inference: 33278 fps total: 31796 epoch: 4681/5000
fps step: 33748 fps step and policy inference: 33185 fps total: 31717 epoch: 4682/5000
fps step: 33776 fps step and policy inference: 33213 fps total: 31643 epoch: 4683/5000
fps step: 33649 fps step and policy inference: 33064 fps total: 31544 epoch: 4684/5000
fps step: 33542 fps step and policy inference: 32950 fps total: 31413 epoch: 4685/5000
fps step: 18176 fps step and policy inference: 17996 fps total: 17506 epoch: 4686/5000
fps step: 32412 fps step and policy inference: 31842 fps total: 30350 epoch: 4687/5000
fps step: 32793 fps step and policy inference: 32211 fps total: 30773 epoch: 4688/5000
fps step: 33109 fps step and policy inference: 32546 fps total: 31020 epoch: 4689/5000
fps step: 32720 fps step and policy inference: 32106 fps total: 30561 epoch: 4690/5000
fps step: 32929 fps step and policy inference: 32286 fps total: 30751 epoch: 4691/5000
fps step: 32522 fps step and policy inference: 31925 fps total: 30424 epoch: 4692/5000
fps step: 33032 fps step and policy inference: 32465 fps total: 30945 epoch: 4693/5000
fps step: 19590 fps step and policy inference: 19378 fps total: 18764 epoch: 4694/5000
fps step: 30748 fps step and policy inference: 30176 fps total: 28777 epoch: 4695/5000
fps step: 31176 fps step and policy inference: 30545 fps total: 29095 epoch: 4696/5000
fps step: 30711 fps step and policy inference: 30169 fps total: 28803 epoch: 4697/5000
fps step: 31275 fps step and policy inference: 30718 fps total: 29216 epoch: 4698/5000
fps step: 31268 fps step and policy inference: 30696 fps total: 29280 epoch: 4699/5000
fps step: 31582 fps step and policy inference: 31020 fps total: 29612 epoch: 4700/5000
fps step: 20136 fps step and policy inference: 19914 fps total: 19354 epoch: 4701/5000
fps step: 32748 fps step and policy inference: 32160 fps total: 30633 epoch: 4702/5000
fps step: 32231 fps step and policy inference: 31667 fps total: 30261 epoch: 4703/5000
fps step: 31874 fps step and policy inference: 31306 fps total: 29881 epoch: 4704/5000
fps step: 31985 fps step and policy inference: 31414 fps total: 29887 epoch: 4705/5000
fps step: 31616 fps step and policy inference: 31017 fps total: 29581 epoch: 4706/5000
fps step: 32175 fps step and policy inference: 31593 fps total: 30159 epoch: 4707/5000
fps step: 19432 fps step and policy inference: 19235 fps total: 18677 epoch: 4708/5000
fps step: 31667 fps step and policy inference: 31057 fps total: 29626 epoch: 4709/5000
fps step: 31563 fps step and policy inference: 30996 fps total: 29540 epoch: 4710/5000
fps step: 31454 fps step and policy inference: 30899 fps total: 29497 epoch: 4711/5000
fps step: 32029 fps step and policy inference: 31449 fps total: 29979 epoch: 4712/5000
fps step: 31336 fps step and policy inference: 30775 fps total: 29315 epoch: 4713/5000
fps step: 30646 fps step and policy inference: 30103 fps total: 28704 epoch: 4714/5000
fps step: 31264 fps step and policy inference: 30705 fps total: 29271 epoch: 4715/5000
fps step: 19102 fps step and policy inference: 18904 fps total: 18364 epoch: 4716/5000
fps step: 31497 fps step and policy inference: 30985 fps total: 29519 epoch: 4717/5000
fps step: 30304 fps step and policy inference: 29765 fps total: 28455 epoch: 4718/5000
fps step: 30560 fps step and policy inference: 30030 fps total: 28716 epoch: 4719/5000
fps step: 30802 fps step and policy inference: 30315 fps total: 28922 epoch: 4720/5000
fps step: 29039 fps step and policy inference: 28543 fps total: 27313 epoch: 4721/5000
fps step: 30034 fps step and policy inference: 29546 fps total: 28177 epoch: 4722/5000
fps step: 18860 fps step and policy inference: 18665 fps total: 18138 epoch: 4723/5000
fps step: 30512 fps step and policy inference: 30028 fps total: 28675 epoch: 4724/5000
fps step: 31156 fps step and policy inference: 30642 fps total: 29253 epoch: 4725/5000
fps step: 30709 fps step and policy inference: 30198 fps total: 28840 epoch: 4726/5000
fps step: 30684 fps step and policy inference: 30179 fps total: 28829 epoch: 4727/5000
fps step: 30833 fps step and policy inference: 30281 fps total: 28955 epoch: 4728/5000
fps step: 31132 fps step and policy inference: 30568 fps total: 29184 epoch: 4729/5000
fps step: 19258 fps step and policy inference: 19024 fps total: 18462 epoch: 4730/5000
fps step: 31247 fps step and policy inference: 30714 fps total: 29293 epoch: 4731/5000
fps step: 30901 fps step and policy inference: 30359 fps total: 28951 epoch: 4732/5000
fps step: 31442 fps step and policy inference: 30874 fps total: 29436 epoch: 4733/5000
fps step: 31373 fps step and policy inference: 30837 fps total: 29444 epoch: 4734/5000
fps step: 31066 fps step and policy inference: 30550 fps total: 29196 epoch: 4735/5000
fps step: 32021 fps step and policy inference: 31409 fps total: 29973 epoch: 4736/5000
fps step: 19815 fps step and policy inference: 19605 fps total: 19012 epoch: 4737/5000
fps step: 31437 fps step and policy inference: 30924 fps total: 29530 epoch: 4738/5000
fps step: 32348 fps step and policy inference: 31819 fps total: 30261 epoch: 4739/5000
fps step: 32906 fps step and policy inference: 32298 fps total: 30850 epoch: 4740/5000
fps step: 31889 fps step and policy inference: 31324 fps total: 29825 epoch: 4741/5000
fps step: 31108 fps step and policy inference: 30508 fps total: 29103 epoch: 4742/5000
fps step: 31166 fps step and policy inference: 30651 fps total: 29275 epoch: 4743/5000
fps step: 18940 fps step and policy inference: 18744 fps total: 18207 epoch: 4744/5000
fps step: 30383 fps step and policy inference: 29809 fps total: 28476 epoch: 4745/5000
fps step: 30564 fps step and policy inference: 29945 fps total: 28538 epoch: 4746/5000
fps step: 31101 fps step and policy inference: 30517 fps total: 29041 epoch: 4747/5000
fps step: 30547 fps step and policy inference: 29980 fps total: 28553 epoch: 4748/5000
fps step: 31413 fps step and policy inference: 30892 fps total: 29395 epoch: 4749/5000
fps step: 31152 fps step and policy inference: 30562 fps total: 29086 epoch: 4750/5000
fps step: 19390 fps step and policy inference: 19179 fps total: 18596 epoch: 4751/5000
fps step: 31950 fps step and policy inference: 31400 fps total: 29895 epoch: 4752/5000
fps step: 31134 fps step and policy inference: 30569 fps total: 29174 epoch: 4753/5000
fps step: 31706 fps step and policy inference: 31156 fps total: 29657 epoch: 4754/5000
fps step: 31505 fps step and policy inference: 30931 fps total: 29491 epoch: 4755/5000
fps step: 31080 fps step and policy inference: 30568 fps total: 29240 epoch: 4756/5000
fps step: 31247 fps step and policy inference: 30720 fps total: 29262 epoch: 4757/5000
fps step: 30542 fps step and policy inference: 30007 fps total: 28644 epoch: 4758/5000
fps step: 18803 fps step and policy inference: 18588 fps total: 18069 epoch: 4759/5000
fps step: 30658 fps step and policy inference: 30142 fps total: 28813 epoch: 4760/5000
fps step: 30745 fps step and policy inference: 30199 fps total: 28868 epoch: 4761/5000
fps step: 31141 fps step and policy inference: 30582 fps total: 29198 epoch: 4762/5000
fps step: 31230 fps step and policy inference: 30678 fps total: 29285 epoch: 4763/5000
fps step: 31386 fps step and policy inference: 30843 fps total: 29443 epoch: 4764/5000
fps step: 30524 fps step and policy inference: 29971 fps total: 28570 epoch: 4765/5000
fps step: 19190 fps step and policy inference: 18972 fps total: 18409 epoch: 4766/5000
fps step: 31072 fps step and policy inference: 30503 fps total: 29124 epoch: 4767/5000
fps step: 31557 fps step and policy inference: 30973 fps total: 29524 epoch: 4768/5000
fps step: 31120 fps step and policy inference: 30544 fps total: 29190 epoch: 4769/5000
fps step: 31645 fps step and policy inference: 31011 fps total: 29621 epoch: 4770/5000
fps step: 32373 fps step and policy inference: 31750 fps total: 30301 epoch: 4771/5000
fps step: 32460 fps step and policy inference: 31875 fps total: 30469 epoch: 4772/5000
fps step: 19377 fps step and policy inference: 19178 fps total: 18662 epoch: 4773/5000
fps step: 32453 fps step and policy inference: 31899 fps total: 30473 epoch: 4774/5000
fps step: 32132 fps step and policy inference: 31556 fps total: 30082 epoch: 4775/5000
fps step: 32249 fps step and policy inference: 31645 fps total: 30166 epoch: 4776/5000
fps step: 32405 fps step and policy inference: 31777 fps total: 30262 epoch: 4777/5000
fps step: 31651 fps step and policy inference: 31076 fps total: 29604 epoch: 4778/5000
fps step: 32448 fps step and policy inference: 31897 fps total: 30420 epoch: 4779/5000
fps step: 32688 fps step and policy inference: 32127 fps total: 30631 epoch: 4780/5000
fps step: 19630 fps step and policy inference: 19444 fps total: 18898 epoch: 4781/5000
fps step: 33580 fps step and policy inference: 33023 fps total: 31487 epoch: 4782/5000
fps step: 33690 fps step and policy inference: 33135 fps total: 31599 epoch: 4783/5000
fps step: 32863 fps step and policy inference: 32211 fps total: 30753 epoch: 4784/5000
fps step: 34055 fps step and policy inference: 33471 fps total: 31929 epoch: 4785/5000
fps step: 33360 fps step and policy inference: 32678 fps total: 31178 epoch: 4786/5000
fps step: 33633 fps step and policy inference: 33038 fps total: 31470 epoch: 4787/5000
fps step: 17790 fps step and policy inference: 17621 fps total: 17156 epoch: 4788/5000
fps step: 32674 fps step and policy inference: 32032 fps total: 30573 epoch: 4789/5000
fps step: 32794 fps step and policy inference: 32214 fps total: 30731 epoch: 4790/5000
fps step: 34031 fps step and policy inference: 33419 fps total: 31798 epoch: 4791/5000
fps step: 33320 fps step and policy inference: 32723 fps total: 31171 epoch: 4792/5000
fps step: 32972 fps step and policy inference: 32382 fps total: 30837 epoch: 4793/5000
fps step: 32990 fps step and policy inference: 32425 fps total: 30956 epoch: 4794/5000
fps step: 32685 fps step and policy inference: 32115 fps total: 30643 epoch: 4795/5000
fps step: 18913 fps step and policy inference: 18725 fps total: 18188 epoch: 4796/5000
fps step: 32519 fps step and policy inference: 31897 fps total: 30446 epoch: 4797/5000
fps step: 32893 fps step and policy inference: 32328 fps total: 30851 epoch: 4798/5000
fps step: 32928 fps step and policy inference: 32259 fps total: 30778 epoch: 4799/5000
fps step: 32443 fps step and policy inference: 31803 fps total: 30405 epoch: 4800/5000
=> saving checkpoint 'runs/specialist_cuboid_train_4k_2026-07-08_16-09-19/nn/last_specialist_cuboid_train_4k_ep_4800_rew_-18.813486.pth'
fps step: 32841 fps step and policy inference: 32203 fps total: 30763 epoch: 4801/5000
fps step: 32644 fps step and policy inference: 32074 fps total: 30654 epoch: 4802/5000
fps step: 32371 fps step and policy inference: 31795 fps total: 17983 epoch: 4803/5000
fps step: 32133 fps step and policy inference: 31538 fps total: 30102 epoch: 4804/5000
fps step: 32448 fps step and policy inference: 31795 fps total: 30304 epoch: 4805/5000
fps step: 33757 fps step and policy inference: 33076 fps total: 31552 epoch: 4806/5000
fps step: 33989 fps step and policy inference: 33320 fps total: 31776 epoch: 4807/5000
fps step: 33670 fps step and policy inference: 32989 fps total: 31467 epoch: 4808/5000
fps step: 33746 fps step and policy inference: 33079 fps total: 31551 epoch: 4809/5000
fps step: 33581 fps step and policy inference: 32946 fps total: 31372 epoch: 4810/5000
fps step: 18126 fps step and policy inference: 17932 fps total: 17439 epoch: 4811/5000
fps step: 30272 fps step and policy inference: 29617 fps total: 28246 epoch: 4812/5000
fps step: 30129 fps step and policy inference: 29536 fps total: 28257 epoch: 4813/5000
fps step: 30850 fps step and policy inference: 30336 fps total: 29004 epoch: 4814/5000
fps step: 31726 fps step and policy inference: 31175 fps total: 29735 epoch: 4815/5000
fps step: 32061 fps step and policy inference: 31487 fps total: 30115 epoch: 4816/5000
fps step: 33425 fps step and policy inference: 32863 fps total: 31389 epoch: 4817/5000
fps step: 34108 fps step and policy inference: 33532 fps total: 20215 epoch: 4818/5000
fps step: 33647 fps step and policy inference: 33022 fps total: 31553 epoch: 4819/5000
fps step: 33839 fps step and policy inference: 33259 fps total: 31705 epoch: 4820/5000
fps step: 33448 fps step and policy inference: 32866 fps total: 31343 epoch: 4821/5000
fps step: 33341 fps step and policy inference: 32749 fps total: 31218 epoch: 4822/5000
fps step: 33235 fps step and policy inference: 32669 fps total: 31203 epoch: 4823/5000
fps step: 33430 fps step and policy inference: 32891 fps total: 31242 epoch: 4824/5000
fps step: 32592 fps step and policy inference: 32005 fps total: 30455 epoch: 4825/5000
fps step: 17328 fps step and policy inference: 17167 fps total: 16674 epoch: 4826/5000
fps step: 30282 fps step and policy inference: 29765 fps total: 28308 epoch: 4827/5000
fps step: 32382 fps step and policy inference: 31827 fps total: 30358 epoch: 4828/5000
fps step: 33478 fps step and policy inference: 32860 fps total: 31367 epoch: 4829/5000
fps step: 33434 fps step and policy inference: 32831 fps total: 31407 epoch: 4830/5000
fps step: 33599 fps step and policy inference: 33025 fps total: 31556 epoch: 4831/5000
fps step: 33496 fps step and policy inference: 32906 fps total: 31456 epoch: 4832/5000
fps step: 34449 fps step and policy inference: 33908 fps total: 32325 epoch: 4833/5000
fps step: 20476 fps step and policy inference: 20262 fps total: 19668 epoch: 4834/5000
fps step: 34096 fps step and policy inference: 33497 fps total: 32006 epoch: 4835/5000
fps step: 33778 fps step and policy inference: 33175 fps total: 31679 epoch: 4836/5000
fps step: 34178 fps step and policy inference: 33533 fps total: 32047 epoch: 4837/5000
fps step: 33839 fps step and policy inference: 33228 fps total: 31747 epoch: 4838/5000
fps step: 34073 fps step and policy inference: 33507 fps total: 31964 epoch: 4839/5000
fps step: 34000 fps step and policy inference: 33430 fps total: 31901 epoch: 4840/5000
fps step: 33519 fps step and policy inference: 32867 fps total: 31201 epoch: 4841/5000
fps step: 17552 fps step and policy inference: 17379 fps total: 16943 epoch: 4842/5000
fps step: 33701 fps step and policy inference: 33057 fps total: 31539 epoch: 4843/5000
fps step: 33939 fps step and policy inference: 33310 fps total: 31813 epoch: 4844/5000
fps step: 34651 fps step and policy inference: 34074 fps total: 32501 epoch: 4845/5000
fps step: 34288 fps step and policy inference: 33684 fps total: 32103 epoch: 4846/5000
fps step: 33685 fps step and policy inference: 33056 fps total: 31556 epoch: 4847/5000
fps step: 33863 fps step and policy inference: 33304 fps total: 31813 epoch: 4848/5000
fps step: 33089 fps step and policy inference: 32494 fps total: 30973 epoch: 4849/5000
fps step: 18140 fps step and policy inference: 17955 fps total: 17487 epoch: 4850/5000
fps step: 32607 fps step and policy inference: 32076 fps total: 30538 epoch: 4851/5000
fps step: 33299 fps step and policy inference: 32711 fps total: 31245 epoch: 4852/5000
fps step: 32855 fps step and policy inference: 32252 fps total: 30793 epoch: 4853/5000
fps step: 32363 fps step and policy inference: 31797 fps total: 30388 epoch: 4854/5000
fps step: 32771 fps step and policy inference: 32225 fps total: 30741 epoch: 4855/5000
fps step: 32174 fps step and policy inference: 31548 fps total: 30124 epoch: 4856/5000
fps step: 19695 fps step and policy inference: 19493 fps total: 18934 epoch: 4857/5000
fps step: 32646 fps step and policy inference: 32106 fps total: 30597 epoch: 4858/5000
fps step: 32609 fps step and policy inference: 32058 fps total: 30575 epoch: 4859/5000
fps step: 32642 fps step and policy inference: 32066 fps total: 30591 epoch: 4860/5000
fps step: 32832 fps step and policy inference: 32313 fps total: 30853 epoch: 4861/5000
fps step: 32884 fps step and policy inference: 32353 fps total: 30829 epoch: 4862/5000
fps step: 32661 fps step and policy inference: 32113 fps total: 30669 epoch: 4863/5000
fps step: 33136 fps step and policy inference: 32582 fps total: 31081 epoch: 4864/5000
fps step: 19927 fps step and policy inference: 19740 fps total: 19159 epoch: 4865/5000
fps step: 32899 fps step and policy inference: 32328 fps total: 30873 epoch: 4866/5000
fps step: 32641 fps step and policy inference: 32097 fps total: 30664 epoch: 4867/5000
fps step: 33137 fps step and policy inference: 32566 fps total: 31022 epoch: 4868/5000
fps step: 33229 fps step and policy inference: 32661 fps total: 31147 epoch: 4869/5000
fps step: 33421 fps step and policy inference: 32845 fps total: 31285 epoch: 4870/5000
fps step: 33040 fps step and policy inference: 32434 fps total: 30935 epoch: 4871/5000
fps step: 19902 fps step and policy inference: 19670 fps total: 19108 epoch: 4872/5000
fps step: 33352 fps step and policy inference: 32778 fps total: 31208 epoch: 4873/5000
fps step: 32958 fps step and policy inference: 32337 fps total: 30864 epoch: 4874/5000
fps step: 33089 fps step and policy inference: 32488 fps total: 31000 epoch: 4875/5000
fps step: 33370 fps step and policy inference: 32810 fps total: 31292 epoch: 4876/5000
fps step: 32240 fps step and policy inference: 31641 fps total: 30215 epoch: 4877/5000
fps step: 31420 fps step and policy inference: 30841 fps total: 29412 epoch: 4878/5000
fps step: 31902 fps step and policy inference: 31363 fps total: 29953 epoch: 4879/5000
fps step: 19347 fps step and policy inference: 19155 fps total: 18630 epoch: 4880/5000
fps step: 31870 fps step and policy inference: 31269 fps total: 29833 epoch: 4881/5000
fps step: 32140 fps step and policy inference: 31559 fps total: 30180 epoch: 4882/5000
fps step: 31645 fps step and policy inference: 31003 fps total: 29587 epoch: 4883/5000
fps step: 31681 fps step and policy inference: 31066 fps total: 29659 epoch: 4884/5000
fps step: 32750 fps step and policy inference: 32198 fps total: 30717 epoch: 4885/5000
fps step: 32332 fps step and policy inference: 31742 fps total: 30331 epoch: 4886/5000
fps step: 19699 fps step and policy inference: 19468 fps total: 18906 epoch: 4887/5000
fps step: 32862 fps step and policy inference: 32271 fps total: 30787 epoch: 4888/5000
fps step: 32312 fps step and policy inference: 31706 fps total: 30221 epoch: 4889/5000
fps step: 32729 fps step and policy inference: 32151 fps total: 30615 epoch: 4890/5000
fps step: 33055 fps step and policy inference: 32448 fps total: 30937 epoch: 4891/5000
fps step: 32456 fps step and policy inference: 31877 fps total: 30393 epoch: 4892/5000
fps step: 32390 fps step and policy inference: 31756 fps total: 30273 epoch: 4893/5000
fps step: 32982 fps step and policy inference: 32360 fps total: 30915 epoch: 4894/5000
fps step: 19879 fps step and policy inference: 19672 fps total: 19123 epoch: 4895/5000
fps step: 33213 fps step and policy inference: 32615 fps total: 31033 epoch: 4896/5000
fps step: 32979 fps step and policy inference: 32357 fps total: 30821 epoch: 4897/5000
fps step: 33013 fps step and policy inference: 32358 fps total: 30894 epoch: 4898/5000
fps step: 33311 fps step and policy inference: 32703 fps total: 31220 epoch: 4899/5000
fps step: 33090 fps step and policy inference: 32503 fps total: 31080 epoch: 4900/5000
fps step: 32986 fps step and policy inference: 32342 fps total: 30912 epoch: 4901/5000
fps step: 18474 fps step and policy inference: 18295 fps total: 17807 epoch: 4902/5000
fps step: 32037 fps step and policy inference: 31486 fps total: 30135 epoch: 4903/5000
fps step: 31243 fps step and policy inference: 30716 fps total: 29417 epoch: 4904/5000
fps step: 32103 fps step and policy inference: 31576 fps total: 30189 epoch: 4905/5000
fps step: 32245 fps step and policy inference: 31672 fps total: 30253 epoch: 4906/5000
fps step: 32950 fps step and policy inference: 32351 fps total: 30864 epoch: 4907/5000
fps step: 32705 fps step and policy inference: 32123 fps total: 30658 epoch: 4908/5000
fps step: 32579 fps step and policy inference: 32025 fps total: 30580 epoch: 4909/5000
fps step: 19436 fps step and policy inference: 19222 fps total: 18715 epoch: 4910/5000
fps step: 32668 fps step and policy inference: 32064 fps total: 30647 epoch: 4911/5000
fps step: 32771 fps step and policy inference: 32187 fps total: 30633 epoch: 4912/5000
fps step: 32117 fps step and policy inference: 31500 fps total: 30041 epoch: 4913/5000
fps step: 32373 fps step and policy inference: 31781 fps total: 30288 epoch: 4914/5000
fps step: 32914 fps step and policy inference: 32302 fps total: 30755 epoch: 4915/5000
fps step: 32779 fps step and policy inference: 32172 fps total: 30619 epoch: 4916/5000
fps step: 32331 fps step and policy inference: 31704 fps total: 17936 epoch: 4917/5000
fps step: 31455 fps step and policy inference: 30891 fps total: 29466 epoch: 4918/5000
/root/odyssey/dexterousmanipulation/.venv/lib/python3.8/site-packages/hydra/_internal/hydra.py:119: UserWarning: Future Hydra versions will no longer change working directory at job runtime by default.
See https://hydra.cc/docs/1.2/upgrades/1.1_to_1.2/changes_to_job_working_dir/ for more information.
  ret = run_job(
/root/odyssey/dexterousmanipulation/.venv/lib/python3.8/site-packages/gym/spaces/box.py:127: UserWarning: [33mWARN: Box bound precision lowered by casting to float32[0m
  logger.warn(f"Box bound precision lowered by casting to {self.dtype}")
/root/odyssey/dexterousmanipulation/.venv/lib/python3.8/site-packages/rl_games/common/a2c_common.py:195: FutureWarning: `torch.cuda.amp.GradScaler(args...)` is deprecated. Please use `torch.amp.GradScaler('cuda', args...)` instead.
  self.scaler = torch.cuda.amp.GradScaler(enabled=self.mixed_precision)
/root/odyssey/dexterousmanipulation/.venv/lib/python3.8/site-packages/rl_games/algos_torch/a2c_continuous.py:104: FutureWarning: `torch.cuda.amp.autocast(args...)` is deprecated. Please use `torch.amp.autocast('cuda', args...)` instead.
  with torch.cuda.amp.autocast(enabled=self.mixed_precision):
fps step: 32344 fps step and policy inference: 31818 fps total: 30393 epoch: 4919/5000
fps step: 32197 fps step and policy inference: 31605 fps total: 30131 epoch: 4920/5000
fps step: 32179 fps step and policy inference: 31634 fps total: 30148 epoch: 4921/5000
fps step: 31474 fps step and policy inference: 30938 fps total: 29551 epoch: 4922/5000
fps step: 31044 fps step and policy inference: 30516 fps total: 29137 epoch: 4923/5000
fps step: 32452 fps step and policy inference: 31885 fps total: 30425 epoch: 4924/5000
fps step: 18973 fps step and policy inference: 18780 fps total: 18284 epoch: 4925/5000
fps step: 32743 fps step and policy inference: 32142 fps total: 30616 epoch: 4926/5000
fps step: 31869 fps step and policy inference: 31267 fps total: 29839 epoch: 4927/5000
fps step: 32224 fps step and policy inference: 31653 fps total: 30177 epoch: 4928/5000
fps step: 32706 fps step and policy inference: 32138 fps total: 30669 epoch: 4929/5000
fps step: 32720 fps step and policy inference: 32140 fps total: 30732 epoch: 4930/5000
fps step: 32364 fps step and policy inference: 31820 fps total: 30388 epoch: 4931/5000
fps step: 18814 fps step and policy inference: 18613 fps total: 18093 epoch: 4932/5000
fps step: 32468 fps step and policy inference: 31904 fps total: 30309 epoch: 4933/5000
fps step: 31390 fps step and policy inference: 30827 fps total: 29384 epoch: 4934/5000
fps step: 31215 fps step and policy inference: 30606 fps total: 29215 epoch: 4935/5000
fps step: 31943 fps step and policy inference: 31386 fps total: 29955 epoch: 4936/5000
fps step: 32387 fps step and policy inference: 31780 fps total: 30302 epoch: 4937/5000
fps step: 32383 fps step and policy inference: 31822 fps total: 30403 epoch: 4938/5000
fps step: 32602 fps step and policy inference: 32002 fps total: 30575 epoch: 4939/5000
fps step: 19116 fps step and policy inference: 18905 fps total: 18392 epoch: 4940/5000
fps step: 32686 fps step and policy inference: 32022 fps total: 30558 epoch: 4941/5000
fps step: 33091 fps step and policy inference: 32476 fps total: 31003 epoch: 4942/5000
fps step: 33069 fps step and policy inference: 32429 fps total: 30922 epoch: 4943/5000
fps step: 33650 fps step and policy inference: 33037 fps total: 31509 epoch: 4944/5000
fps step: 32451 fps step and policy inference: 31846 fps total: 30328 epoch: 4945/5000
fps step: 31804 fps step and policy inference: 31245 fps total: 29800 epoch: 4946/5000
fps step: 18583 fps step and policy inference: 18386 fps total: 17893 epoch: 4947/5000
fps step: 31739 fps step and policy inference: 31168 fps total: 29748 epoch: 4948/5000
fps step: 32138 fps step and policy inference: 31605 fps total: 30162 epoch: 4949/5000
fps step: 32283 fps step and policy inference: 31717 fps total: 30265 epoch: 4950/5000
fps step: 32239 fps step and policy inference: 31666 fps total: 30215 epoch: 4951/5000
fps step: 32328 fps step and policy inference: 31738 fps total: 30275 epoch: 4952/5000
fps step: 32047 fps step and policy inference: 31443 fps total: 30022 epoch: 4953/5000
fps step: 31810 fps step and policy inference: 31247 fps total: 29830 epoch: 4954/5000
fps step: 18834 fps step and policy inference: 18647 fps total: 18134 epoch: 4955/5000
fps step: 32789 fps step and policy inference: 32247 fps total: 30800 epoch: 4956/5000
fps step: 32310 fps step and policy inference: 31717 fps total: 30238 epoch: 4957/5000
fps step: 31923 fps step and policy inference: 31331 fps total: 29927 epoch: 4958/5000
fps step: 32143 fps step and policy inference: 31544 fps total: 30112 epoch: 4959/5000
fps step: 32817 fps step and policy inference: 32254 fps total: 30792 epoch: 4960/5000
fps step: 31871 fps step and policy inference: 31271 fps total: 29806 epoch: 4961/5000
fps step: 18422 fps step and policy inference: 18242 fps total: 17762 epoch: 4962/5000
fps step: 31884 fps step and policy inference: 31306 fps total: 29913 epoch: 4963/5000
fps step: 32344 fps step and policy inference: 31810 fps total: 30414 epoch: 4964/5000
fps step: 32870 fps step and policy inference: 32273 fps total: 30762 epoch: 4965/5000
fps step: 32525 fps step and policy inference: 31950 fps total: 30496 epoch: 4966/5000
fps step: 32011 fps step and policy inference: 31466 fps total: 30116 epoch: 4967/5000
fps step: 32835 fps step and policy inference: 32242 fps total: 30753 epoch: 4968/5000
fps step: 32611 fps step and policy inference: 32062 fps total: 30582 epoch: 4969/5000
fps step: 18041 fps step and policy inference: 17838 fps total: 17372 epoch: 4970/5000
fps step: 32358 fps step and policy inference: 31802 fps total: 30365 epoch: 4971/5000
fps step: 33815 fps step and policy inference: 33256 fps total: 31738 epoch: 4972/5000
fps step: 33026 fps step and policy inference: 32452 fps total: 30865 epoch: 4973/5000
fps step: 32226 fps step and policy inference: 31584 fps total: 30152 epoch: 4974/5000
fps step: 33202 fps step and policy inference: 32560 fps total: 31057 epoch: 4975/5000
fps step: 32063 fps step and policy inference: 31502 fps total: 30016 epoch: 4976/5000
fps step: 17696 fps step and policy inference: 17521 fps total: 17072 epoch: 4977/5000
fps step: 29682 fps step and policy inference: 29152 fps total: 27775 epoch: 4978/5000
fps step: 27829 fps step and policy inference: 27287 fps total: 26062 epoch: 4979/5000
fps step: 30466 fps step and policy inference: 29980 fps total: 28685 epoch: 4980/5000
fps step: 31509 fps step and policy inference: 30990 fps total: 29621 epoch: 4981/5000
fps step: 32215 fps step and policy inference: 31636 fps total: 30211 epoch: 4982/5000
fps step: 33400 fps step and policy inference: 32812 fps total: 31299 epoch: 4983/5000
fps step: 20086 fps step and policy inference: 19851 fps total: 19269 epoch: 4984/5000
fps step: 31595 fps step and policy inference: 30978 fps total: 29643 epoch: 4985/5000
fps step: 31922 fps step and policy inference: 31361 fps total: 29908 epoch: 4986/5000
fps step: 33053 fps step and policy inference: 32468 fps total: 31015 epoch: 4987/5000
fps step: 33023 fps step and policy inference: 32458 fps total: 30863 epoch: 4988/5000
fps step: 32437 fps step and policy inference: 31853 fps total: 30369 epoch: 4989/5000
fps step: 33128 fps step and policy inference: 32492 fps total: 30912 epoch: 4990/5000
fps step: 32954 fps step and policy inference: 32381 fps total: 30815 epoch: 4991/5000
fps step: 17142 fps step and policy inference: 16954 fps total: 16475 epoch: 4992/5000
fps step: 29777 fps step and policy inference: 29225 fps total: 27819 epoch: 4993/5000
fps step: 30026 fps step and policy inference: 29480 fps total: 28161 epoch: 4994/5000
fps step: 32424 fps step and policy inference: 31842 fps total: 30330 epoch: 4995/5000
fps step: 32419 fps step and policy inference: 31808 fps total: 30378 epoch: 4996/5000
fps step: 32839 fps step and policy inference: 32248 fps total: 30827 epoch: 4997/5000
fps step: 33473 fps step and policy inference: 32886 fps total: 31323 epoch: 4998/5000
fps step: 21742 fps step and policy inference: 21472 fps total: 20811 epoch: 4999/5000
fps step: 33164 fps step and policy inference: 32586 fps total: 31140 epoch: 5000/5000
=> saving checkpoint 'runs/specialist_cuboid_train_4k_2026-07-08_16-09-19/nn/last_specialist_cuboid_train_4k_ep_5000_rew_-13.963841.pth'
=> saving checkpoint 'runs/specialist_cuboid_train_4k_2026-07-08_16-09-19/nn/last_specialist_cuboid_train_4kep5000rew[-13.96].pth'
MAX EPOCHS NUM!
Using VHACD cache directory '/root/.isaacgym/vhacd'
Started convex decomposition for mesh '/root/odyssey/dexterousmanipulation/src/LEAP_Hand_Sim/assets/leap_hand/dip.stl'
Started convex decomposition for mesh '/root/odyssey/dexterousmanipulation/src/LEAP_Hand_Sim/assets/leap_hand/fingertip.stl'
Started convex decomposition for mesh '/root/odyssey/dexterousmanipulation/src/LEAP_Hand_Sim/assets/leap_hand/mcp_joint.stl'
Started convex decomposition for mesh '/root/odyssey/dexterousmanipulation/src/LEAP_Hand_Sim/assets/leap_hand/palm_lower.stl'
Started convex decomposition for mesh '/root/odyssey/dexterousmanipulation/src/LEAP_Hand_Sim/assets/leap_hand/pip.stl'
Started convex decomposition for mesh '/root/odyssey/dexterousmanipulation/src/LEAP_Hand_Sim/assets/leap_hand/thumb_dip.stl'
Started convex decomposition for mesh '/root/odyssey/dexterousmanipulation/src/LEAP_Hand_Sim/assets/leap_hand/thumb_fingertip.stl'
Started convex decomposition for mesh '/root/odyssey/dexterousmanipulation/src/LEAP_Hand_Sim/assets/leap_hand/thumb_pip.stl'
Finished convex decomposition for mesh '/root/odyssey/dexterousmanipulation/src/LEAP_Hand_Sim/assets/leap_hand/pip.stl': 1 hulls
Finished convex decomposition for mesh '/root/odyssey/dexterousmanipulation/src/LEAP_Hand_Sim/assets/leap_hand/fingertip.stl': 5 hulls
Finished convex decomposition for mesh '/root/odyssey/dexterousmanipulation/src/LEAP_Hand_Sim/assets/leap_hand/thumb_fingertip.stl': 10 hulls
Finished convex decomposition for mesh '/root/odyssey/dexterousmanipulation/src/LEAP_Hand_Sim/assets/leap_hand/mcp_joint.stl': 12 hulls
Finished convex decomposition for mesh '/root/odyssey/dexterousmanipulation/src/LEAP_Hand_Sim/assets/leap_hand/dip.stl': 9 hulls
Finished convex decomposition for mesh '/root/odyssey/dexterousmanipulation/src/LEAP_Hand_Sim/assets/leap_hand/thumb_dip.stl': 12 hulls
Finished convex decomposition for mesh '/root/odyssey/dexterousmanipulation/src/LEAP_Hand_Sim/assets/leap_hand/thumb_pip.stl': 43 hulls
Finished convex decomposition for mesh '/root/odyssey/dexterousmanipulation/src/LEAP_Hand_Sim/assets/leap_hand/palm_lower.stl': 34 hulls
