warning: Failed to uninstall package at /root/odyssey/dexterousmanipulation/.venv/lib/python3.8/site-packages/rl_games.egg-info due to missing `top-level.txt` file. Installation may result in an incomplete environment.
Uninstalled 2 packages in 2ms
Installed 1 package in 6ms
Gym has been unmaintained since 2022 and does not support NumPy 2.0 amongst other critical functionality.
Please upgrade to Gymnasium, the maintained drop-in replacement of Gym, or contact the authors of your software and request that they upgrade.
Users of this version of Gym should be able to simply replace 'import gym' with 'import gymnasium as gym' in the vast majority of cases.
See the migration guide at https://gymnasium.farama.org/introduction/migration_guide/ for additional information.
Importing module 'gym_38' (/root/odyssey/dexterousmanipulation/isaacgym/python/isaacgym/_bindings/linux-x86_64/gym_38.so)
Setting GYM_USD_PLUG_INFO_PATH to /root/odyssey/dexterousmanipulation/isaacgym/python/isaacgym/_bindings/linux-x86_64/usd/plugInfo.json
PyTorch version 2.4.1+cu121
Device count 1
/root/odyssey/dexterousmanipulation/isaacgym/python/isaacgym/_bindings/src/gymtorch
Using /root/.cache/torch_extensions/py38_cu121 as PyTorch extensions root...
Emitting ninja build file /root/.cache/torch_extensions/py38_cu121/gymtorch/build.ninja...
Building extension module gymtorch...
Allowing ninja to set a default number of workers... (overridable by setting the environment variable MAX_JOBS=N)
ninja: no work to do.
Loading extension module gymtorch...
train.py:32: UserWarning: 
The version_base parameter is not specified.
Please specify a compatability version level, or None.
Will assume defaults for version 1.1
  @hydra.main(config_name="config", config_path="./cfg")
/root/odyssey/dexterousmanipulation/.venv/lib/python3.8/site-packages/hydra/_internal/defaults_list.py:251: UserWarning: In 'config': Defaults list is missing `_self_`. See https://hydra.cc/docs/1.2/upgrades/1.0_to_1.1/default_composition_order for more information
  warnings.warn(msg, UserWarning)
/root/odyssey/dexterousmanipulation/.venv/lib/python3.8/site-packages/hydra/_internal/defaults_list.py:415: UserWarning: In config: Invalid overriding of hydra/job_logging:
Default list overrides requires 'override' keyword.
See https://hydra.cc/docs/1.2/upgrades/1.0_to_1.1/defaults_list_override for more information.

  deprecation_warning(msg)
[Warning] [carb.gym.plugin] useGpu is set, forcing single scene (0 subscenes)
Not connected to PVD
+++ Using GPU PhysX
Physics Engine: PhysX
Physics Device: cuda:0
GPU Pipeline: enabled
task: 
    name: LeapHandRot
    physics_engine: physx
    on_evaluation: False
    env: 
        record_video: False
        video_dir: runs/videos
        rerun: 
            enabled: False
            fidelity: mesh
            window_length_steps: 400
            record_every_n_steps: 4000
            env_idx: 0
            output_dir: .
        numEnvs: 512
        numObservations: 102
        numActions: 16
        envSpacing: 0.25
        phase_period: 2
        exec_lag: 1
        episodeLength: 400
        enableDebugVis: False
        aggregateMode: 1
        controller: 
            torque_control: False
            controlFrequencyInv: 6
            pgain: 3
            dgain: 0.1
        genGrasps: False
        clipObservations: 5.0
        clipActions: 1.0
        reset_height_threshold: 0.4
        grasp_cache_name: leap_hand_in_cuboid_train
        grasp_cache_len: 1024
        forceScale: 10.0
        randomForceProbScalar: 0.25
        forceDecay: 0.9
        forceDecayInterval: 0.08
        reward: 
            angvelClipMin: -0.25
            angvelClipMax: 0.25
            rotateRewardScale: 0.0
            objLinvelPenaltyScale: -0.3
            poseDiffPenaltyScale: -0.1
            torquePenaltyScale: -0.1
            workPenaltyScale: -1.0
        additional_rewards: 
            rotate_finite_diff: 1.25
            object_fallen: -10
        override_object_init_z: 0.57
        override_object_init_x: -0.03
        override_object_init_y: 0.04
        override_object_init_rot: [0.0, 0.0, 0.0]
        canonical_pose: [0.1458, -1.047, 1.7247, -0.2187, 1.2985, 1.6139, 0.9757, 1.0728, -0.1054, 0.029, 1.6039, 0.1227, -0.1084, 0.9652, 1.7317, 0.1071]
        num_contact_fingers: 0
        baseObjScale: 0.8
        randomization: 
            randomizeMass: True
            randomizeMassLower: 0.01
            randomizeMassUpper: 0.25
            randomizeCOM: True
            randomizeCOMLower: -0.01
            randomizeCOMUpper: 0.01
            randomizeFriction: True
            randomizeFrictionLower: 0.3
            randomizeFrictionUpper: 3.0
            randomizeScale: True
            scaleListInit: True
            randomizeScaleList: [0.95, 0.9, 1.0, 1.05, 1.1]
            randomizeScaleLower: 0.75
            randomizeScaleUpper: 0.8
            randomizePDGains: True
            randomizePGainLower: 2.9
            randomizePGainUpper: 3.1
            randomizeDGainLower: 0.09
            randomizeDGainUpper: 0.11
        privInfo: 
            enableObjPos: True
            enableObjScale: True
            enableObjMass: True
            enableObjCOM: True
            enableObjFriction: True
        object: 
            type: cuboid_train
            sampleProb: [1.0]
        sim_to_real_indices: [1, 0, 2, 3, 9, 8, 10, 11, 13, 12, 14, 15, 4, 5, 6, 7]
        real_to_sim_indices: [1, 0, 2, 3, 12, 13, 14, 15, 5, 4, 6, 7, 9, 8, 10, 11]
        asset: 
            handAsset: assets/leap_hand/robot.urdf
        enableCameraSensors: False
    sim: 
        dt: 0.0083333
        substeps: 1
        up_axis: z
        use_gpu_pipeline: True
        gravity: [0.0, 0.0, -9.81]
        physx: 
            num_threads: 4
            solver_type: 1
            use_gpu: True
            num_position_iterations: 8
            num_velocity_iterations: 0
            max_gpu_contact_pairs: 8388608
            num_subscenes: 4
            contact_offset: 0.002
            rest_offset: 0.0
            bounce_threshold_velocity: 0.2
            max_depenetration_velocity: 1000.0
            default_buffer_size_multiplier: 5.0
            contact_collection: 2
train: 
    params: 
        seed: 42
        algo: 
            name: a2c_continuous
        model: 
            name: continuous_a2c_logstd
        network: 
            name: actor_critic
            separate: False
            space: 
                continuous: 
                    mu_activation: None
                    sigma_activation: None
                    mu_init: 
                        name: default
                    sigma_init: 
                        name: const_initializer
                        val: 0
                    fixed_sigma: True
            mlp: 
                units: [512, 256, 128]
                activation: elu
                d2rl: False
                initializer: 
                    name: default
                regularizer: 
                    name: None
            rnn: 
                name: gru
                units: 256
                layers: 1
                before_mlp: True
                concat_input: True
                layer_norm: True
        load_checkpoint: False
        load_path: 
        config: 
            name: specialist_cuboid_train
            full_experiment_name: specialist_cuboid_train
            train_dir: runs
            env_name: rlgpu
            multi_gpu: False
            ppo: True
            mixed_precision: False
            normalize_input: True
            normalize_value: True
            value_bootstrap: True
            num_actors: 512
            reward_shaper: 
                scale_value: 0.01
            normalize_advantage: True
            gamma: 0.99
            tau: 0.95
            learning_rate: 0.005
            lr_schedule: adaptive
            schedule_type: standard
            kl_threshold: 0.02
            score_to_win: 100000
            max_epochs: 5000
            save_best_after: 100
            save_frequency: 200
            print_stats: True
            grad_norm: 1.0
            entropy_coef: 0.0
            truncate_grads: True
            e_clip: 0.2
            horizon_length: 32
            minibatch_size: 8192
            mini_epochs: 5
            critic_coef: 4
            clip_value: True
            seq_len: 4
            bounds_loss_coef: 0.0001
            player: 
                deterministic: True
                games_num: 100000
                print_stats: True
task_name: LeapHandRot
experiment: specialist_cuboid_train
num_envs: 512
seed: 42
torch_deterministic: False
max_iterations: 
physics_engine: physx
pipeline: gpu
sim_device: cuda:0
rl_device: cuda:0
graphics_device_id: 0
num_threads: 4
solver_type: 1
num_subscenes: 4
test: False
checkpoint: 
multi_gpu: False
default_run_name: specialist_cuboid_train
runs_dir: runs
log_to_sheet: False
sheet_name: leap-hand-manip
creds_path: ~/creds.json
wandb_activate: False
wandb_group: 
wandb_entity: wandb_username
wandb_project: leap_sim
capture_video: False
capture_video_freq: 183
capture_video_len: 100
force_render: False
headless: True
Setting seed: 42
self.seed = 42
Exact experiment name requested from command line: specialist_cuboid_train_2026-07-08_13-01-28
---- Primitive List ----
['cuboid_train']
---- Object List ----
['cuboid_0', 'cuboid_1', 'cuboid_2', 'cuboid_3', 'cuboid_4', 'cuboid_5']
loading from cache path: cache/leap_hand_in_cuboid_train_grasp_50k_s095.npy
loading from cache path: cache/leap_hand_in_cuboid_train_grasp_50k_s09.npy
loading from cache path: cache/leap_hand_in_cuboid_train_grasp_50k_s10.npy
loading from cache path: cache/leap_hand_in_cuboid_train_grasp_50k_s105.npy
loading from cache path: cache/leap_hand_in_cuboid_train_grasp_50k_s11.npy
Box(-1.0, 1.0, (16,), float32) Box(-inf, inf, (102,), float32)
current training device: cuda:0
build mlp: 256
RunningMeanStd:  (1,)
RunningMeanStd:  (102,)
[CustomRunner] train: starting from scratch (no checkpoint)
fps step: 8700 fps step and policy inference: 8064 fps total: 7305 epoch: 1/5000
fps step: 9624 fps step and policy inference: 9257 fps total: 9019 epoch: 2/5000
fps step: 6894 fps step and policy inference: 6701 fps total: 6576 epoch: 3/5000
fps step: 8896 fps step and policy inference: 8574 fps total: 8356 epoch: 4/5000
fps step: 8788 fps step and policy inference: 8460 fps total: 8243 epoch: 5/5000
fps step: 8907 fps step and policy inference: 8600 fps total: 8353 epoch: 6/5000
fps step: 9030 fps step and policy inference: 8715 fps total: 8509 epoch: 7/5000
fps step: 9008 fps step and policy inference: 8691 fps total: 8448 epoch: 8/5000
fps step: 8705 fps step and policy inference: 8382 fps total: 8130 epoch: 9/5000
fps step: 8671 fps step and policy inference: 8366 fps total: 8120 epoch: 10/5000
fps step: 8457 fps step and policy inference: 8142 fps total: 7911 epoch: 11/5000
fps step: 8489 fps step and policy inference: 8172 fps total: 7973 epoch: 12/5000
fps step: 8784 fps step and policy inference: 8476 fps total: 8247 epoch: 13/5000
fps step: 9275 fps step and policy inference: 8896 fps total: 8590 epoch: 14/5000
fps step: 9113 fps step and policy inference: 8768 fps total: 8483 epoch: 15/5000
fps step: 9308 fps step and policy inference: 8949 fps total: 8648 epoch: 16/5000
fps step: 9230 fps step and policy inference: 8856 fps total: 8580 epoch: 17/5000
fps step: 9167 fps step and policy inference: 8819 fps total: 8565 epoch: 18/5000
fps step: 9012 fps step and policy inference: 8649 fps total: 8417 epoch: 19/5000
fps step: 6388 fps step and policy inference: 6218 fps total: 6111 epoch: 20/5000
fps step: 9223 fps step and policy inference: 8885 fps total: 8628 epoch: 21/5000
fps step: 9251 fps step and policy inference: 8888 fps total: 8604 epoch: 22/5000
fps step: 9424 fps step and policy inference: 9058 fps total: 8799 epoch: 23/5000
fps step: 9268 fps step and policy inference: 8889 fps total: 8606 epoch: 24/5000
fps step: 9241 fps step and policy inference: 8881 fps total: 8659 epoch: 25/5000
fps step: 9432 fps step and policy inference: 9044 fps total: 8758 epoch: 26/5000
fps step: 9564 fps step and policy inference: 9166 fps total: 8872 epoch: 27/5000
fps step: 9668 fps step and policy inference: 9251 fps total: 8952 epoch: 28/5000
fps step: 9736 fps step and policy inference: 9364 fps total: 9110 epoch: 29/5000
fps step: 9662 fps step and policy inference: 9297 fps total: 9069 epoch: 30/5000
fps step: 9429 fps step and policy inference: 9071 fps total: 8817 epoch: 31/5000
fps step: 9416 fps step and policy inference: 9066 fps total: 8835 epoch: 32/5000
fps step: 9463 fps step and policy inference: 9096 fps total: 8797 epoch: 33/5000
fps step: 9109 fps step and policy inference: 8735 fps total: 8483 epoch: 34/5000
fps step: 9324 fps step and policy inference: 8966 fps total: 8675 epoch: 35/5000
fps step: 8912 fps step and policy inference: 8539 fps total: 8269 epoch: 36/5000
fps step: 6321 fps step and policy inference: 6157 fps total: 6011 epoch: 37/5000
fps step: 8951 fps step and policy inference: 8592 fps total: 8328 epoch: 38/5000
fps step: 9401 fps step and policy inference: 9046 fps total: 8752 epoch: 39/5000
fps step: 9542 fps step and policy inference: 9178 fps total: 8889 epoch: 40/5000
fps step: 9889 fps step and policy inference: 9524 fps total: 9284 epoch: 41/5000
fps step: 9674 fps step and policy inference: 9267 fps total: 9030 epoch: 42/5000
fps step: 9737 fps step and policy inference: 9349 fps total: 9066 epoch: 43/5000
fps step: 9727 fps step and policy inference: 9346 fps total: 9016 epoch: 44/5000
fps step: 9959 fps step and policy inference: 9560 fps total: 9320 epoch: 45/5000
fps step: 9899 fps step and policy inference: 9517 fps total: 9257 epoch: 46/5000
fps step: 9860 fps step and policy inference: 9457 fps total: 9190 epoch: 47/5000
fps step: 9814 fps step and policy inference: 9420 fps total: 9168 epoch: 48/5000
fps step: 9718 fps step and policy inference: 9310 fps total: 9023 epoch: 49/5000
fps step: 9586 fps step and policy inference: 9196 fps total: 8940 epoch: 50/5000
fps step: 9424 fps step and policy inference: 9024 fps total: 8776 epoch: 51/5000
fps step: 9685 fps step and policy inference: 9283 fps total: 9021 epoch: 52/5000
fps step: 9409 fps step and policy inference: 9030 fps total: 8731 epoch: 53/5000
fps step: 9107 fps step and policy inference: 8744 fps total: 8514 epoch: 54/5000
fps step: 6484 fps step and policy inference: 6295 fps total: 6179 epoch: 55/5000
fps step: 9402 fps step and policy inference: 9021 fps total: 8783 epoch: 56/5000
fps step: 9685 fps step and policy inference: 9305 fps total: 9070 epoch: 57/5000
fps step: 9499 fps step and policy inference: 9032 fps total: 8735 epoch: 58/5000
fps step: 9497 fps step and policy inference: 9070 fps total: 8837 epoch: 59/5000
fps step: 9646 fps step and policy inference: 9222 fps total: 8992 epoch: 60/5000
fps step: 9692 fps step and policy inference: 9293 fps total: 9008 epoch: 61/5000
fps step: 9675 fps step and policy inference: 9251 fps total: 8995 epoch: 62/5000
fps step: 9899 fps step and policy inference: 9514 fps total: 9276 epoch: 63/5000
fps step: 10003 fps step and policy inference: 9596 fps total: 9300 epoch: 64/5000
fps step: 9987 fps step and policy inference: 9570 fps total: 9328 epoch: 65/5000
fps step: 9971 fps step and policy inference: 9564 fps total: 9265 epoch: 66/5000
fps step: 9800 fps step and policy inference: 9403 fps total: 9101 epoch: 67/5000
fps step: 9669 fps step and policy inference: 9247 fps total: 8971 epoch: 68/5000
fps step: 9621 fps step and policy inference: 9207 fps total: 8948 epoch: 69/5000
fps step: 9633 fps step and policy inference: 9211 fps total: 8953 epoch: 70/5000
fps step: 9164 fps step and policy inference: 8755 fps total: 8474 epoch: 71/5000
fps step: 6540 fps step and policy inference: 6338 fps total: 6226 epoch: 72/5000
fps step: 9158 fps step and policy inference: 8762 fps total: 8525 epoch: 73/5000
fps step: 9525 fps step and policy inference: 9137 fps total: 8881 epoch: 74/5000
fps step: 9716 fps step and policy inference: 9338 fps total: 9027 epoch: 75/5000
fps step: 9592 fps step and policy inference: 9208 fps total: 8936 epoch: 76/5000
fps step: 9774 fps step and policy inference: 9379 fps total: 9123 epoch: 77/5000
fps step: 9860 fps step and policy inference: 9478 fps total: 9205 epoch: 78/5000
fps step: 9639 fps step and policy inference: 9249 fps total: 9005 epoch: 79/5000
fps step: 9682 fps step and policy inference: 9290 fps total: 9055 epoch: 80/5000
fps step: 9640 fps step and policy inference: 9249 fps total: 8995 epoch: 81/5000
fps step: 9597 fps step and policy inference: 9190 fps total: 8943 epoch: 82/5000
fps step: 9665 fps step and policy inference: 9240 fps total: 8989 epoch: 83/5000
fps step: 9705 fps step and policy inference: 9303 fps total: 9053 epoch: 84/5000
fps step: 9689 fps step and policy inference: 9280 fps total: 8989 epoch: 85/5000
fps step: 9652 fps step and policy inference: 9247 fps total: 8980 epoch: 86/5000
fps step: 9664 fps step and policy inference: 9265 fps total: 8985 epoch: 87/5000
fps step: 9354 fps step and policy inference: 8956 fps total: 8718 epoch: 88/5000
fps step: 9208 fps step and policy inference: 8863 fps total: 8625 epoch: 89/5000
fps step: 6467 fps step and policy inference: 6282 fps total: 6153 epoch: 90/5000
fps step: 9461 fps step and policy inference: 9073 fps total: 8823 epoch: 91/5000
fps step: 9377 fps step and policy inference: 8975 fps total: 8717 epoch: 92/5000
fps step: 9521 fps step and policy inference: 9144 fps total: 8843 epoch: 93/5000
fps step: 9748 fps step and policy inference: 9367 fps total: 9107 epoch: 94/5000
fps step: 9721 fps step and policy inference: 9328 fps total: 9081 epoch: 95/5000
fps step: 9745 fps step and policy inference: 9379 fps total: 9124 epoch: 96/5000
fps step: 9710 fps step and policy inference: 9309 fps total: 9056 epoch: 97/5000
fps step: 9562 fps step and policy inference: 9125 fps total: 8864 epoch: 98/5000
fps step: 9674 fps step and policy inference: 9266 fps total: 9006 epoch: 99/5000
fps step: 9630 fps step and policy inference: 9196 fps total: 8882 epoch: 100/5000
saving next best rewards:  [-29.94]
=> saving checkpoint 'runs/specialist_cuboid_train_2026-07-08_13-01-28/nn/specialist_cuboid_train.pth'
fps step: 9376 fps step and policy inference: 8966 fps total: 8609 epoch: 101/5000
saving next best rewards:  [-28.18]
=> saving checkpoint 'runs/specialist_cuboid_train_2026-07-08_13-01-28/nn/specialist_cuboid_train.pth'
fps step: 9355 fps step and policy inference: 8948 fps total: 8709 epoch: 102/5000
fps step: 9365 fps step and policy inference: 8964 fps total: 8723 epoch: 103/5000
fps step: 9335 fps step and policy inference: 8949 fps total: 8737 epoch: 104/5000
fps step: 9006 fps step and policy inference: 8652 fps total: 8393 epoch: 105/5000
fps step: 9697 fps step and policy inference: 9297 fps total: 9043 epoch: 106/5000
fps step: 9653 fps step and policy inference: 9262 fps total: 9026 epoch: 107/5000
fps step: 6356 fps step and policy inference: 6181 fps total: 6084 epoch: 108/5000
fps step: 9671 fps step and policy inference: 9296 fps total: 9057 epoch: 109/5000
fps step: 9622 fps step and policy inference: 9217 fps total: 8931 epoch: 110/5000
fps step: 9345 fps step and policy inference: 8942 fps total: 8652 epoch: 111/5000
fps step: 9500 fps step and policy inference: 9106 fps total: 8813 epoch: 112/5000
fps step: 9366 fps step and policy inference: 8936 fps total: 8707 epoch: 113/5000
saving next best rewards:  [-24.8]
=> saving checkpoint 'runs/specialist_cuboid_train_2026-07-08_13-01-28/nn/specialist_cuboid_train.pth'
fps step: 9638 fps step and policy inference: 9224 fps total: 8989 epoch: 114/5000
fps step: 9592 fps step and policy inference: 9178 fps total: 8959 epoch: 115/5000
saving next best rewards:  [-24.66]
=> saving checkpoint 'runs/specialist_cuboid_train_2026-07-08_13-01-28/nn/specialist_cuboid_train.pth'
fps step: 9249 fps step and policy inference: 8877 fps total: 8651 epoch: 116/5000
fps step: 9094 fps step and policy inference: 8721 fps total: 8453 epoch: 117/5000
fps step: 8863 fps step and policy inference: 8506 fps total: 8254 epoch: 118/5000
fps step: 8826 fps step and policy inference: 8496 fps total: 8230 epoch: 119/5000
fps step: 8933 fps step and policy inference: 8606 fps total: 8416 epoch: 120/5000
fps step: 8776 fps step and policy inference: 8428 fps total: 8164 epoch: 121/5000
fps step: 8915 fps step and policy inference: 8564 fps total: 8376 epoch: 122/5000
fps step: 9124 fps step and policy inference: 8799 fps total: 8593 epoch: 123/5000
fps step: 9000 fps step and policy inference: 8660 fps total: 8465 epoch: 124/5000
fps step: 6312 fps step and policy inference: 6141 fps total: 6035 epoch: 125/5000
fps step: 9261 fps step and policy inference: 8894 fps total: 8676 epoch: 126/5000
fps step: 9107 fps step and policy inference: 8730 fps total: 8440 epoch: 127/5000
fps step: 9182 fps step and policy inference: 8839 fps total: 8566 epoch: 128/5000
fps step: 9109 fps step and policy inference: 8755 fps total: 8530 epoch: 129/5000
fps step: 8967 fps step and policy inference: 8584 fps total: 8322 epoch: 130/5000
fps step: 8892 fps step and policy inference: 8485 fps total: 8200 epoch: 131/5000
fps step: 9043 fps step and policy inference: 8672 fps total: 8445 epoch: 132/5000
fps step: 9289 fps step and policy inference: 8932 fps total: 8695 epoch: 133/5000
fps step: 9060 fps step and policy inference: 8710 fps total: 8501 epoch: 134/5000
fps step: 8904 fps step and policy inference: 8575 fps total: 8311 epoch: 135/5000
fps step: 8871 fps step and policy inference: 8535 fps total: 8316 epoch: 136/5000
fps step: 9006 fps step and policy inference: 8689 fps total: 8483 epoch: 137/5000
fps step: 8980 fps step and policy inference: 8683 fps total: 8482 epoch: 138/5000
fps step: 9036 fps step and policy inference: 8723 fps total: 8536 epoch: 139/5000
fps step: 8991 fps step and policy inference: 8685 fps total: 8455 epoch: 140/5000
fps step: 6252 fps step and policy inference: 6092 fps total: 5990 epoch: 141/5000
fps step: 9372 fps step and policy inference: 9044 fps total: 8804 epoch: 142/5000
fps step: 9211 fps step and policy inference: 8848 fps total: 8625 epoch: 143/5000
fps step: 9278 fps step and policy inference: 8919 fps total: 8702 epoch: 144/5000
fps step: 9228 fps step and policy inference: 8895 fps total: 8642 epoch: 145/5000
fps step: 9089 fps step and policy inference: 8751 fps total: 8559 epoch: 146/5000
fps step: 9218 fps step and policy inference: 8878 fps total: 8660 epoch: 147/5000
fps step: 9074 fps step and policy inference: 8701 fps total: 8438 epoch: 148/5000
fps step: 9017 fps step and policy inference: 8631 fps total: 8361 epoch: 149/5000
fps step: 9058 fps step and policy inference: 8697 fps total: 8479 epoch: 150/5000
fps step: 9073 fps step and policy inference: 8714 fps total: 8498 epoch: 151/5000
fps step: 9209 fps step and policy inference: 8831 fps total: 8587 epoch: 152/5000
fps step: 9167 fps step and policy inference: 8801 fps total: 8583 epoch: 153/5000
fps step: 9070 fps step and policy inference: 8718 fps total: 8444 epoch: 154/5000
fps step: 9085 fps step and policy inference: 8719 fps total: 8446 epoch: 155/5000
fps step: 9102 fps step and policy inference: 8742 fps total: 8524 epoch: 156/5000
fps step: 9014 fps step and policy inference: 8646 fps total: 8436 epoch: 157/5000
fps step: 6426 fps step and policy inference: 6241 fps total: 6130 epoch: 158/5000
fps step: 9047 fps step and policy inference: 8685 fps total: 8464 epoch: 159/5000
fps step: 9131 fps step and policy inference: 8791 fps total: 8559 epoch: 160/5000
fps step: 9248 fps step and policy inference: 8917 fps total: 8672 epoch: 161/5000
fps step: 9146 fps step and policy inference: 8794 fps total: 8518 epoch: 162/5000
fps step: 9099 fps step and policy inference: 8740 fps total: 8505 epoch: 163/5000
fps step: 9122 fps step and policy inference: 8749 fps total: 8507 epoch: 164/5000
fps step: 8927 fps step and policy inference: 8568 fps total: 8354 epoch: 165/5000
fps step: 9067 fps step and policy inference: 8702 fps total: 8493 epoch: 166/5000
fps step: 9087 fps step and policy inference: 8731 fps total: 8537 epoch: 167/5000
fps step: 9146 fps step and policy inference: 8795 fps total: 8561 epoch: 168/5000
fps step: 9045 fps step and policy inference: 8652 fps total: 8458 epoch: 169/5000
fps step: 9141 fps step and policy inference: 8784 fps total: 8514 epoch: 170/5000
fps step: 9093 fps step and policy inference: 8747 fps total: 8526 epoch: 171/5000
fps step: 9230 fps step and policy inference: 8839 fps total: 8562 epoch: 172/5000
fps step: 9027 fps step and policy inference: 8659 fps total: 8396 epoch: 173/5000
fps step: 9145 fps step and policy inference: 8790 fps total: 8581 epoch: 174/5000
fps step: 6256 fps step and policy inference: 6086 fps total: 5976 epoch: 175/5000
fps step: 9135 fps step and policy inference: 8799 fps total: 8552 epoch: 176/5000
fps step: 9107 fps step and policy inference: 8741 fps total: 8519 epoch: 177/5000
fps step: 9117 fps step and policy inference: 8759 fps total: 8542 epoch: 178/5000
fps step: 9144 fps step and policy inference: 8805 fps total: 8586 epoch: 179/5000
fps step: 9178 fps step and policy inference: 8847 fps total: 8603 epoch: 180/5000
fps step: 9241 fps step and policy inference: 8886 fps total: 8665 epoch: 181/5000
fps step: 9259 fps step and policy inference: 8919 fps total: 8702 epoch: 182/5000
fps step: 8934 fps step and policy inference: 8576 fps total: 8373 epoch: 183/5000
fps step: 8970 fps step and policy inference: 8581 fps total: 8340 epoch: 184/5000
fps step: 9056 fps step and policy inference: 8684 fps total: 8424 epoch: 185/5000
fps step: 9140 fps step and policy inference: 8737 fps total: 8454 epoch: 186/5000
fps step: 9126 fps step and policy inference: 8748 fps total: 8547 epoch: 187/5000
fps step: 9237 fps step and policy inference: 8892 fps total: 8621 epoch: 188/5000
fps step: 9232 fps step and policy inference: 8886 fps total: 8668 epoch: 189/5000
fps step: 9060 fps step and policy inference: 8710 fps total: 8449 epoch: 190/5000
fps step: 9000 fps step and policy inference: 8645 fps total: 8398 epoch: 191/5000
fps step: 6462 fps step and policy inference: 6285 fps total: 6145 epoch: 192/5000
fps step: 9111 fps step and policy inference: 8759 fps total: 8483 epoch: 193/5000
fps step: 9032 fps step and policy inference: 8663 fps total: 8400 epoch: 194/5000
fps step: 8837 fps step and policy inference: 8461 fps total: 8244 epoch: 195/5000
fps step: 9086 fps step and policy inference: 8727 fps total: 8465 epoch: 196/5000
fps step: 9110 fps step and policy inference: 8756 fps total: 8494 epoch: 197/5000
fps step: 9013 fps step and policy inference: 8656 fps total: 8383 epoch: 198/5000
fps step: 9249 fps step and policy inference: 8896 fps total: 8617 epoch: 199/5000
fps step: 9022 fps step and policy inference: 8658 fps total: 8445 epoch: 200/5000
=> saving checkpoint 'runs/specialist_cuboid_train_2026-07-08_13-01-28/nn/last_specialist_cuboid_train_ep_200_rew_-222.66026.pth'
fps step: 8887 fps step and policy inference: 8518 fps total: 8325 epoch: 201/5000
fps step: 9073 fps step and policy inference: 8702 fps total: 8482 epoch: 202/5000
fps step: 8900 fps step and policy inference: 8513 fps total: 8278 epoch: 203/5000
fps step: 9127 fps step and policy inference: 8753 fps total: 8519 epoch: 204/5000
fps step: 9347 fps step and policy inference: 8989 fps total: 8739 epoch: 205/5000
fps step: 9164 fps step and policy inference: 8792 fps total: 8525 epoch: 206/5000
fps step: 9346 fps step and policy inference: 8996 fps total: 8791 epoch: 207/5000
fps step: 9297 fps step and policy inference: 8924 fps total: 8695 epoch: 208/5000
fps step: 6439 fps step and policy inference: 6263 fps total: 6155 epoch: 209/5000
fps step: 9191 fps step and policy inference: 8840 fps total: 8641 epoch: 210/5000
fps step: 9255 fps step and policy inference: 8885 fps total: 8630 epoch: 211/5000
fps step: 9220 fps step and policy inference: 8826 fps total: 8571 epoch: 212/5000
fps step: 9103 fps step and policy inference: 8739 fps total: 8495 epoch: 213/5000
fps step: 9261 fps step and policy inference: 8894 fps total: 8656 epoch: 214/5000
fps step: 9183 fps step and policy inference: 8806 fps total: 8576 epoch: 215/5000
fps step: 9052 fps step and policy inference: 8646 fps total: 8375 epoch: 216/5000
fps step: 9097 fps step and policy inference: 8708 fps total: 8473 epoch: 217/5000
fps step: 9165 fps step and policy inference: 8777 fps total: 8523 epoch: 218/5000
fps step: 9090 fps step and policy inference: 8715 fps total: 8508 epoch: 219/5000
fps step: 9014 fps step and policy inference: 8641 fps total: 8364 epoch: 220/5000
fps step: 9111 fps step and policy inference: 8757 fps total: 8517 epoch: 221/5000
fps step: 9245 fps step and policy inference: 8886 fps total: 8647 epoch: 222/5000
fps step: 8875 fps step and policy inference: 8539 fps total: 8271 epoch: 223/5000
fps step: 8800 fps step and policy inference: 8456 fps total: 8246 epoch: 224/5000
fps step: 6206 fps step and policy inference: 6015 fps total: 5904 epoch: 225/5000
fps step: 9138 fps step and policy inference: 8786 fps total: 8553 epoch: 226/5000
fps step: 9089 fps step and policy inference: 8723 fps total: 8518 epoch: 227/5000
fps step: 8953 fps step and policy inference: 8596 fps total: 8382 epoch: 228/5000
fps step: 9118 fps step and policy inference: 8762 fps total: 8548 epoch: 229/5000
fps step: 8991 fps step and policy inference: 8597 fps total: 8373 epoch: 230/5000
fps step: 8876 fps step and policy inference: 8497 fps total: 8230 epoch: 231/5000
fps step: 9018 fps step and policy inference: 8665 fps total: 8453 epoch: 232/5000
fps step: 9152 fps step and policy inference: 8793 fps total: 8568 epoch: 233/5000
fps step: 8847 fps step and policy inference: 8508 fps total: 8287 epoch: 234/5000
fps step: 9009 fps step and policy inference: 8649 fps total: 8401 epoch: 235/5000
fps step: 9039 fps step and policy inference: 8650 fps total: 8443 epoch: 236/5000
fps step: 8973 fps step and policy inference: 8549 fps total: 8318 epoch: 237/5000
fps step: 9082 fps step and policy inference: 8715 fps total: 8481 epoch: 238/5000
fps step: 9110 fps step and policy inference: 8749 fps total: 8530 epoch: 239/5000
fps step: 8896 fps step and policy inference: 8501 fps total: 8289 epoch: 240/5000
fps step: 8931 fps step and policy inference: 8527 fps total: 8323 epoch: 241/5000
fps step: 6338 fps step and policy inference: 6131 fps total: 6022 epoch: 242/5000
fps step: 8944 fps step and policy inference: 8554 fps total: 8334 epoch: 243/5000
fps step: 9094 fps step and policy inference: 8705 fps total: 8476 epoch: 244/5000
fps step: 9085 fps step and policy inference: 8732 fps total: 8515 epoch: 245/5000
fps step: 9016 fps step and policy inference: 8631 fps total: 8408 epoch: 246/5000
fps step: 9177 fps step and policy inference: 8790 fps total: 8559 epoch: 247/5000
fps step: 9102 fps step and policy inference: 8723 fps total: 8495 epoch: 248/5000
fps step: 9004 fps step and policy inference: 8662 fps total: 8450 epoch: 249/5000
fps step: 9091 fps step and policy inference: 8729 fps total: 8471 epoch: 250/5000
fps step: 8936 fps step and policy inference: 8555 fps total: 8307 epoch: 251/5000
fps step: 9093 fps step and policy inference: 8727 fps total: 8465 epoch: 252/5000
fps step: 9100 fps step and policy inference: 8754 fps total: 8462 epoch: 253/5000
fps step: 9153 fps step and policy inference: 8798 fps total: 8509 epoch: 254/5000
fps step: 9120 fps step and policy inference: 8752 fps total: 8526 epoch: 255/5000
fps step: 8976 fps step and policy inference: 8618 fps total: 8412 epoch: 256/5000
fps step: 9080 fps step and policy inference: 8734 fps total: 8500 epoch: 257/5000
fps step: 8994 fps step and policy inference: 8655 fps total: 6086 epoch: 258/5000
fps step: 8926 fps step and policy inference: 8575 fps total: 8346 epoch: 259/5000
fps step: 9021 fps step and policy inference: 8676 fps total: 8466 epoch: 260/5000
fps step: 8991 fps step and policy inference: 8615 fps total: 8371 epoch: 261/5000
fps step: 9010 fps step and policy inference: 8653 fps total: 8431 epoch: 262/5000
fps step: 9079 fps step and policy inference: 8765 fps total: 8543 epoch: 263/5000
fps step: 8947 fps step and policy inference: 8572 fps total: 8346 epoch: 264/5000
fps step: 9005 fps step and policy inference: 8657 fps total: 8389 epoch: 265/5000
fps step: 8518 fps step and policy inference: 8166 fps total: 7979 epoch: 266/5000
fps step: 8750 fps step and policy inference: 8442 fps total: 8250 epoch: 267/5000
fps step: 8707 fps step and policy inference: 8381 fps total: 8175 epoch: 268/5000
fps step: 8564 fps step and policy inference: 8219 fps total: 7996 epoch: 269/5000
fps step: 9107 fps step and policy inference: 8770 fps total: 8487 epoch: 270/5000
fps step: 8974 fps step and policy inference: 8612 fps total: 8382 epoch: 271/5000
fps step: 9011 fps step and policy inference: 8670 fps total: 8409 epoch: 272/5000
fps step: 9009 fps step and policy inference: 8618 fps total: 8372 epoch: 273/5000
fps step: 9264 fps step and policy inference: 8872 fps total: 8609 epoch: 274/5000
fps step: 6481 fps step and policy inference: 6303 fps total: 6175 epoch: 275/5000
fps step: 9223 fps step and policy inference: 8875 fps total: 8634 epoch: 276/5000
fps step: 9246 fps step and policy inference: 8881 fps total: 8629 epoch: 277/5000
fps step: 9125 fps step and policy inference: 8738 fps total: 8493 epoch: 278/5000
fps step: 9085 fps step and policy inference: 8735 fps total: 8446 epoch: 279/5000
fps step: 9170 fps step and policy inference: 8827 fps total: 8549 epoch: 280/5000
fps step: 9167 fps step and policy inference: 8831 fps total: 8614 epoch: 281/5000
fps step: 9192 fps step and policy inference: 8837 fps total: 8576 epoch: 282/5000
fps step: 8963 fps step and policy inference: 8603 fps total: 8383 epoch: 283/5000
fps step: 9117 fps step and policy inference: 8774 fps total: 8542 epoch: 284/5000
fps step: 9152 fps step and policy inference: 8818 fps total: 8611 epoch: 285/5000
fps step: 9194 fps step and policy inference: 8862 fps total: 8620 epoch: 286/5000
fps step: 9102 fps step and policy inference: 8759 fps total: 8522 epoch: 287/5000
fps step: 9121 fps step and policy inference: 8765 fps total: 8544 epoch: 288/5000
fps step: 9163 fps step and policy inference: 8834 fps total: 8594 epoch: 289/5000
fps step: 9210 fps step and policy inference: 8845 fps total: 8579 epoch: 290/5000
fps step: 9219 fps step and policy inference: 8884 fps total: 8648 epoch: 291/5000
fps step: 6347 fps step and policy inference: 6171 fps total: 6075 epoch: 292/5000
fps step: 9141 fps step and policy inference: 8783 fps total: 8536 epoch: 293/5000
fps step: 9053 fps step and policy inference: 8689 fps total: 8455 epoch: 294/5000
fps step: 9183 fps step and policy inference: 8832 fps total: 8601 epoch: 295/5000
fps step: 9139 fps step and policy inference: 8772 fps total: 8573 epoch: 296/5000
fps step: 9088 fps step and policy inference: 8719 fps total: 8505 epoch: 297/5000
fps step: 9086 fps step and policy inference: 8721 fps total: 8463 epoch: 298/5000
fps step: 9106 fps step and policy inference: 8756 fps total: 8545 epoch: 299/5000
fps step: 8960 fps step and policy inference: 8607 fps total: 8378 epoch: 300/5000
fps step: 8865 fps step and policy inference: 8493 fps total: 8227 epoch: 301/5000
fps step: 9062 fps step and policy inference: 8671 fps total: 8390 epoch: 302/5000
fps step: 9116 fps step and policy inference: 8763 fps total: 8541 epoch: 303/5000
fps step: 8774 fps step and policy inference: 8415 fps total: 8143 epoch: 304/5000
fps step: 8806 fps step and policy inference: 8413 fps total: 8147 epoch: 305/5000
fps step: 8842 fps step and policy inference: 8467 fps total: 8197 epoch: 306/5000
fps step: 8904 fps step and policy inference: 8550 fps total: 8368 epoch: 307/5000
fps step: 8869 fps step and policy inference: 8508 fps total: 8241 epoch: 308/5000
fps step: 6167 fps step and policy inference: 6011 fps total: 5919 epoch: 309/5000
fps step: 9089 fps step and policy inference: 8756 fps total: 8539 epoch: 310/5000
fps step: 8954 fps step and policy inference: 8621 fps total: 8413 epoch: 311/5000
fps step: 9040 fps step and policy inference: 8710 fps total: 8509 epoch: 312/5000
fps step: 8954 fps step and policy inference: 8610 fps total: 8427 epoch: 313/5000
fps step: 8983 fps step and policy inference: 8630 fps total: 8399 epoch: 314/5000
fps step: 9252 fps step and policy inference: 8872 fps total: 8644 epoch: 315/5000
fps step: 9239 fps step and policy inference: 8891 fps total: 8690 epoch: 316/5000
fps step: 9412 fps step and policy inference: 9065 fps total: 8851 epoch: 317/5000
fps step: 9346 fps step and policy inference: 9001 fps total: 8789 epoch: 318/5000
fps step: 9270 fps step and policy inference: 8948 fps total: 8738 epoch: 319/5000
fps step: 8863 fps step and policy inference: 8544 fps total: 8339 epoch: 320/5000
fps step: 9219 fps step and policy inference: 8878 fps total: 8681 epoch: 321/5000
fps step: 9383 fps step and policy inference: 9042 fps total: 8813 epoch: 322/5000
fps step: 9331 fps step and policy inference: 8978 fps total: 8744 epoch: 323/5000
fps step: 9222 fps step and policy inference: 8852 fps total: 8645 epoch: 324/5000
fps step: 8954 fps step and policy inference: 8612 fps total: 8408 epoch: 325/5000
fps step: 6333 fps step and policy inference: 6171 fps total: 6066 epoch: 326/5000
fps step: 9368 fps step and policy inference: 9022 fps total: 8792 epoch: 327/5000
fps step: 9381 fps step and policy inference: 9029 fps total: 8821 epoch: 328/5000
fps step: 9385 fps step and policy inference: 9044 fps total: 8759 epoch: 329/5000
fps step: 9132 fps step and policy inference: 8732 fps total: 8464 epoch: 330/5000
fps step: 9293 fps step and policy inference: 8918 fps total: 8645 epoch: 331/5000
fps step: 9398 fps step and policy inference: 9034 fps total: 8773 epoch: 332/5000
fps step: 9383 fps step and policy inference: 8996 fps total: 8730 epoch: 333/5000
fps step: 9388 fps step and policy inference: 9015 fps total: 8738 epoch: 334/5000
fps step: 9390 fps step and policy inference: 8995 fps total: 8713 epoch: 335/5000
fps step: 9434 fps step and policy inference: 9065 fps total: 8815 epoch: 336/5000
fps step: 9428 fps step and policy inference: 9054 fps total: 8814 epoch: 337/5000
fps step: 9315 fps step and policy inference: 8926 fps total: 8658 epoch: 338/5000
fps step: 9262 fps step and policy inference: 8850 fps total: 8588 epoch: 339/5000
fps step: 9237 fps step and policy inference: 8828 fps total: 8559 epoch: 340/5000
fps step: 9220 fps step and policy inference: 8847 fps total: 8561 epoch: 341/5000
fps step: 9229 fps step and policy inference: 8848 fps total: 8579 epoch: 342/5000
fps step: 6272 fps step and policy inference: 6093 fps total: 5964 epoch: 343/5000
fps step: 9203 fps step and policy inference: 8822 fps total: 8555 epoch: 344/5000
fps step: 9113 fps step and policy inference: 8739 fps total: 8545 epoch: 345/5000
fps step: 9380 fps step and policy inference: 8981 fps total: 8711 epoch: 346/5000
fps step: 9439 fps step and policy inference: 9033 fps total: 8740 epoch: 347/5000
fps step: 9396 fps step and policy inference: 8984 fps total: 8695 epoch: 348/5000
fps step: 9405 fps step and policy inference: 8974 fps total: 8724 epoch: 349/5000
fps step: 9436 fps step and policy inference: 9043 fps total: 8785 epoch: 350/5000
fps step: 9119 fps step and policy inference: 8712 fps total: 8472 epoch: 351/5000
fps step: 9098 fps step and policy inference: 8704 fps total: 8464 epoch: 352/5000
fps step: 9364 fps step and policy inference: 8992 fps total: 8747 epoch: 353/5000
fps step: 9183 fps step and policy inference: 8808 fps total: 8554 epoch: 354/5000
fps step: 9361 fps step and policy inference: 8995 fps total: 8721 epoch: 355/5000
fps step: 9255 fps step and policy inference: 8885 fps total: 8615 epoch: 356/5000
fps step: 9345 fps step and policy inference: 8960 fps total: 8748 epoch: 357/5000
fps step: 9348 fps step and policy inference: 8939 fps total: 8703 epoch: 358/5000
fps step: 9199 fps step and policy inference: 8817 fps total: 8536 epoch: 359/5000
fps step: 6269 fps step and policy inference: 6108 fps total: 6005 epoch: 360/5000
fps step: 9269 fps step and policy inference: 8914 fps total: 8694 epoch: 361/5000
fps step: 9456 fps step and policy inference: 9082 fps total: 8832 epoch: 362/5000
fps step: 9450 fps step and policy inference: 9079 fps total: 8837 epoch: 363/5000
fps step: 9468 fps step and policy inference: 9111 fps total: 8889 epoch: 364/5000
fps step: 9492 fps step and policy inference: 9112 fps total: 8829 epoch: 365/5000
fps step: 9521 fps step and policy inference: 9152 fps total: 8931 epoch: 366/5000
fps step: 9588 fps step and policy inference: 9214 fps total: 8953 epoch: 367/5000
fps step: 9535 fps step and policy inference: 9180 fps total: 8951 epoch: 368/5000
saving next best rewards:  [-23.12]
=> saving checkpoint 'runs/specialist_cuboid_train_2026-07-08_13-01-28/nn/specialist_cuboid_train.pth'
fps step: 9562 fps step and policy inference: 9191 fps total: 8957 epoch: 369/5000
fps step: 9440 fps step and policy inference: 9059 fps total: 8819 epoch: 370/5000
fps step: 9555 fps step and policy inference: 9193 fps total: 8960 epoch: 371/5000
fps step: 9510 fps step and policy inference: 9151 fps total: 8897 epoch: 372/5000
fps step: 9394 fps step and policy inference: 9013 fps total: 8757 epoch: 373/5000
saving next best rewards:  [-18.67]
=> saving checkpoint 'runs/specialist_cuboid_train_2026-07-08_13-01-28/nn/specialist_cuboid_train.pth'
fps step: 9508 fps step and policy inference: 9138 fps total: 8920 epoch: 374/5000
saving next best rewards:  [-15.97]
=> saving checkpoint 'runs/specialist_cuboid_train_2026-07-08_13-01-28/nn/specialist_cuboid_train.pth'
fps step: 9421 fps step and policy inference: 9048 fps total: 8769 epoch: 375/5000
fps step: 9242 fps step and policy inference: 8858 fps total: 8594 epoch: 376/5000
fps step: 6099 fps step and policy inference: 5929 fps total: 5818 epoch: 377/5000
fps step: 9150 fps step and policy inference: 8791 fps total: 8570 epoch: 378/5000
fps step: 8996 fps step and policy inference: 8588 fps total: 8370 epoch: 379/5000
fps step: 9206 fps step and policy inference: 8811 fps total: 8604 epoch: 380/5000
fps step: 9566 fps step and policy inference: 9193 fps total: 8922 epoch: 381/5000
fps step: 9468 fps step and policy inference: 9089 fps total: 8822 epoch: 382/5000
fps step: 9333 fps step and policy inference: 8951 fps total: 8682 epoch: 383/5000
fps step: 9364 fps step and policy inference: 8939 fps total: 8686 epoch: 384/5000
fps step: 9452 fps step and policy inference: 9028 fps total: 8744 epoch: 385/5000
fps step: 9517 fps step and policy inference: 9134 fps total: 8908 epoch: 386/5000
fps step: 9801 fps step and policy inference: 9422 fps total: 9194 epoch: 387/5000
fps step: 9584 fps step and policy inference: 9194 fps total: 8954 epoch: 388/5000
fps step: 9394 fps step and policy inference: 9017 fps total: 8785 epoch: 389/5000
fps step: 9259 fps step and policy inference: 8844 fps total: 8615 epoch: 390/5000
fps step: 9373 fps step and policy inference: 8999 fps total: 8747 epoch: 391/5000
fps step: 9224 fps step and policy inference: 8842 fps total: 8593 epoch: 392/5000
fps step: 9237 fps step and policy inference: 8865 fps total: 8620 epoch: 393/5000
fps step: 6168 fps step and policy inference: 5988 fps total: 5860 epoch: 394/5000
fps step: 9139 fps step and policy inference: 8783 fps total: 8499 epoch: 395/5000
fps step: 9376 fps step and policy inference: 8979 fps total: 8736 epoch: 396/5000
fps step: 9388 fps step and policy inference: 9004 fps total: 8744 epoch: 397/5000
fps step: 9534 fps step and policy inference: 9131 fps total: 8851 epoch: 398/5000
fps step: 9525 fps step and policy inference: 9165 fps total: 8917 epoch: 399/5000
fps step: 9604 fps step and policy inference: 9214 fps total: 8928 epoch: 400/5000
=> saving checkpoint 'runs/specialist_cuboid_train_2026-07-08_13-01-28/nn/last_specialist_cuboid_train_ep_400_rew_-24.205969.pth'
fps step: 9464 fps step and policy inference: 9040 fps total: 8790 epoch: 401/5000
fps step: 9663 fps step and policy inference: 9261 fps total: 8978 epoch: 402/5000
fps step: 9563 fps step and policy inference: 9140 fps total: 8861 epoch: 403/5000
fps step: 9655 fps step and policy inference: 9285 fps total: 9028 epoch: 404/5000
fps step: 9615 fps step and policy inference: 9241 fps total: 8962 epoch: 405/5000
fps step: 9415 fps step and policy inference: 9028 fps total: 8737 epoch: 406/5000
fps step: 9330 fps step and policy inference: 8946 fps total: 8701 epoch: 407/5000
fps step: 9185 fps step and policy inference: 8758 fps total: 8484 epoch: 408/5000
fps step: 9351 fps step and policy inference: 8954 fps total: 8642 epoch: 409/5000
fps step: 9258 fps step and policy inference: 8857 fps total: 8551 epoch: 410/5000
fps step: 6012 fps step and policy inference: 5818 fps total: 5701 epoch: 411/5000
fps step: 8772 fps step and policy inference: 8431 fps total: 8236 epoch: 412/5000
fps step: 8839 fps step and policy inference: 8504 fps total: 8320 epoch: 413/5000
fps step: 9157 fps step and policy inference: 8773 fps total: 8539 epoch: 414/5000
fps step: 9522 fps step and policy inference: 9154 fps total: 8894 epoch: 415/5000
fps step: 9523 fps step and policy inference: 9167 fps total: 8883 epoch: 416/5000
fps step: 9539 fps step and policy inference: 9188 fps total: 8943 epoch: 417/5000
fps step: 9301 fps step and policy inference: 8929 fps total: 8674 epoch: 418/5000
fps step: 9433 fps step and policy inference: 9060 fps total: 8808 epoch: 419/5000
fps step: 9346 fps step and policy inference: 8952 fps total: 8674 epoch: 420/5000
fps step: 9555 fps step and policy inference: 9186 fps total: 8896 epoch: 421/5000
fps step: 9620 fps step and policy inference: 9225 fps total: 8963 epoch: 422/5000
fps step: 9327 fps step and policy inference: 8964 fps total: 8693 epoch: 423/5000
fps step: 9345 fps step and policy inference: 8964 fps total: 8691 epoch: 424/5000
fps step: 9318 fps step and policy inference: 8960 fps total: 8690 epoch: 425/5000
fps step: 9273 fps step and policy inference: 8893 fps total: 8624 epoch: 426/5000
fps step: 9257 fps step and policy inference: 8898 fps total: 8657 epoch: 427/5000
fps step: 6064 fps step and policy inference: 5911 fps total: 5796 epoch: 428/5000
fps step: 9265 fps step and policy inference: 8867 fps total: 8653 epoch: 429/5000
fps step: 9445 fps step and policy inference: 9083 fps total: 8781 epoch: 430/5000
fps step: 9235 fps step and policy inference: 8881 fps total: 8620 epoch: 431/5000
fps step: 9340 fps step and policy inference: 8931 fps total: 8649 epoch: 432/5000
fps step: 9194 fps step and policy inference: 8813 fps total: 8532 epoch: 433/5000
fps step: 9208 fps step and policy inference: 8848 fps total: 8598 epoch: 434/5000
fps step: 9350 fps step and policy inference: 8962 fps total: 8661 epoch: 435/5000
fps step: 9309 fps step and policy inference: 8940 fps total: 8709 epoch: 436/5000
fps step: 9598 fps step and policy inference: 9213 fps total: 8947 epoch: 437/5000
fps step: 9468 fps step and policy inference: 9080 fps total: 8801 epoch: 438/5000
fps step: 9480 fps step and policy inference: 9108 fps total: 8881 epoch: 439/5000
fps step: 9489 fps step and policy inference: 9131 fps total: 8880 epoch: 440/5000
fps step: 9634 fps step and policy inference: 9253 fps total: 8975 epoch: 441/5000
fps step: 9577 fps step and policy inference: 9211 fps total: 8965 epoch: 442/5000
fps step: 9489 fps step and policy inference: 9123 fps total: 8872 epoch: 443/5000
fps step: 9497 fps step and policy inference: 9125 fps total: 8871 epoch: 444/5000
fps step: 9477 fps step and policy inference: 9130 fps total: 8861 epoch: 445/5000
fps step: 6308 fps step and policy inference: 6137 fps total: 6013 epoch: 446/5000
saving next best rewards:  [-15.93]
=> saving checkpoint 'runs/specialist_cuboid_train_2026-07-08_13-01-28/nn/specialist_cuboid_train.pth'
fps step: 9191 fps step and policy inference: 8830 fps total: 8556 epoch: 447/5000
fps step: 9379 fps step and policy inference: 9015 fps total: 8733 epoch: 448/5000
fps step: 9412 fps step and policy inference: 9036 fps total: 8796 epoch: 449/5000
fps step: 9444 fps step and policy inference: 9074 fps total: 8784 epoch: 450/5000
fps step: 9426 fps step and policy inference: 9037 fps total: 8772 epoch: 451/5000
fps step: 9404 fps step and policy inference: 9019 fps total: 8723 epoch: 452/5000
fps step: 9482 fps step and policy inference: 9123 fps total: 8853 epoch: 453/5000
fps step: 9431 fps step and policy inference: 9037 fps total: 8766 epoch: 454/5000
fps step: 9570 fps step and policy inference: 9165 fps total: 8921 epoch: 455/5000
fps step: 9429 fps step and policy inference: 9010 fps total: 8701 epoch: 456/5000
fps step: 9381 fps step and policy inference: 8919 fps total: 8686 epoch: 457/5000
fps step: 9295 fps step and policy inference: 8888 fps total: 8647 epoch: 458/5000
fps step: 9366 fps step and policy inference: 8938 fps total: 8691 epoch: 459/5000
saving next best rewards:  [-15.29]
=> saving checkpoint 'runs/specialist_cuboid_train_2026-07-08_13-01-28/nn/specialist_cuboid_train.pth'
fps step: 9511 fps step and policy inference: 9126 fps total: 8868 epoch: 460/5000
fps step: 9343 fps step and policy inference: 8938 fps total: 8692 epoch: 461/5000
saving next best rewards:  [-14.64]
=> saving checkpoint 'runs/specialist_cuboid_train_2026-07-08_13-01-28/nn/specialist_cuboid_train.pth'
fps step: 9579 fps step and policy inference: 9181 fps total: 8880 epoch: 462/5000
fps step: 6351 fps step and policy inference: 6163 fps total: 6049 epoch: 463/5000
saving next best rewards:  [-13.84]
=> saving checkpoint 'runs/specialist_cuboid_train_2026-07-08_13-01-28/nn/specialist_cuboid_train.pth'
fps step: 9374 fps step and policy inference: 8946 fps total: 8647 epoch: 464/5000
fps step: 9533 fps step and policy inference: 9098 fps total: 8832 epoch: 465/5000
fps step: 9478 fps step and policy inference: 9084 fps total: 8840 epoch: 466/5000
fps step: 9516 fps step and policy inference: 9127 fps total: 8863 epoch: 467/5000
fps step: 9486 fps step and policy inference: 9095 fps total: 8860 epoch: 468/5000
fps step: 9556 fps step and policy inference: 9184 fps total: 8945 epoch: 469/5000
saving next best rewards:  [-13.65]
=> saving checkpoint 'runs/specialist_cuboid_train_2026-07-08_13-01-28/nn/specialist_cuboid_train.pth'
fps step: 9481 fps step and policy inference: 9110 fps total: 8865 epoch: 470/5000
saving next best rewards:  [-13.06]
=> saving checkpoint 'runs/specialist_cuboid_train_2026-07-08_13-01-28/nn/specialist_cuboid_train.pth'
fps step: 9512 fps step and policy inference: 9141 fps total: 8870 epoch: 471/5000
fps step: 9460 fps step and policy inference: 9093 fps total: 8837 epoch: 472/5000
fps step: 9408 fps step and policy inference: 9026 fps total: 8794 epoch: 473/5000
saving next best rewards:  [-13.03]
=> saving checkpoint 'runs/specialist_cuboid_train_2026-07-08_13-01-28/nn/specialist_cuboid_train.pth'
fps step: 9406 fps step and policy inference: 9049 fps total: 8817 epoch: 474/5000
fps step: 9494 fps step and policy inference: 9096 fps total: 8831 epoch: 475/5000
fps step: 9492 fps step and policy inference: 9122 fps total: 8887 epoch: 476/5000
fps step: 9419 fps step and policy inference: 9047 fps total: 8809 epoch: 477/5000
fps step: 9521 fps step and policy inference: 9145 fps total: 8861 epoch: 478/5000
fps step: 9523 fps step and policy inference: 9129 fps total: 8867 epoch: 479/5000
saving next best rewards:  [-12.99]
=> saving checkpoint 'runs/specialist_cuboid_train_2026-07-08_13-01-28/nn/specialist_cuboid_train.pth'
fps step: 6177 fps step and policy inference: 6017 fps total: 5911 epoch: 480/5000
fps step: 9483 fps step and policy inference: 9074 fps total: 8826 epoch: 481/5000
saving next best rewards:  [-12.71]
=> saving checkpoint 'runs/specialist_cuboid_train_2026-07-08_13-01-28/nn/specialist_cuboid_train.pth'
fps step: 9517 fps step and policy inference: 9133 fps total: 8902 epoch: 482/5000
fps step: 9321 fps step and policy inference: 8933 fps total: 8649 epoch: 483/5000
fps step: 9338 fps step and policy inference: 8925 fps total: 8668 epoch: 484/5000
saving next best rewards:  [-11.32]
=> saving checkpoint 'runs/specialist_cuboid_train_2026-07-08_13-01-28/nn/specialist_cuboid_train.pth'
fps step: 9353 fps step and policy inference: 8985 fps total: 8687 epoch: 485/5000
saving next best rewards:  [-10.02]
=> saving checkpoint 'runs/specialist_cuboid_train_2026-07-08_13-01-28/nn/specialist_cuboid_train.pth'
fps step: 9351 fps step and policy inference: 8993 fps total: 8755 epoch: 486/5000
fps step: 9392 fps step and policy inference: 9006 fps total: 8712 epoch: 487/5000
fps step: 9117 fps step and policy inference: 8709 fps total: 8413 epoch: 488/5000
fps step: 9069 fps step and policy inference: 8652 fps total: 8402 epoch: 489/5000
fps step: 9328 fps step and policy inference: 8904 fps total: 8673 epoch: 490/5000
fps step: 9326 fps step and policy inference: 8925 fps total: 8670 epoch: 491/5000
fps step: 9167 fps step and policy inference: 8795 fps total: 8533 epoch: 492/5000
fps step: 9479 fps step and policy inference: 9124 fps total: 8840 epoch: 493/5000
fps step: 9370 fps step and policy inference: 8963 fps total: 8741 epoch: 494/5000
fps step: 9345 fps step and policy inference: 8949 fps total: 8668 epoch: 495/5000
fps step: 9550 fps step and policy inference: 9197 fps total: 8917 epoch: 496/5000
fps step: 9341 fps step and policy inference: 8962 fps total: 5932 epoch: 497/5000
fps step: 9429 fps step and policy inference: 9070 fps total: 8706 epoch: 498/5000
fps step: 9173 fps step and policy inference: 8750 fps total: 8472 epoch: 499/5000
fps step: 9413 fps step and policy inference: 9042 fps total: 8765 epoch: 500/5000
fps step: 9255 fps step and policy inference: 8901 fps total: 8672 epoch: 501/5000
fps step: 9578 fps step and policy inference: 9221 fps total: 8943 epoch: 502/5000
fps step: 9624 fps step and policy inference: 9268 fps total: 9012 epoch: 503/5000
fps step: 9543 fps step and policy inference: 9179 fps total: 8909 epoch: 504/5000
fps step: 9465 fps step and policy inference: 9096 fps total: 8810 epoch: 505/5000
fps step: 9518 fps step and policy inference: 9129 fps total: 8904 epoch: 506/5000
fps step: 9515 fps step and policy inference: 9167 fps total: 8916 epoch: 507/5000
fps step: 9426 fps step and policy inference: 9060 fps total: 8820 epoch: 508/5000
fps step: 9736 fps step and policy inference: 9378 fps total: 9105 epoch: 509/5000
fps step: 9648 fps step and policy inference: 9294 fps total: 9058 epoch: 510/5000
fps step: 9538 fps step and policy inference: 9179 fps total: 8894 epoch: 511/5000
fps step: 9479 fps step and policy inference: 9089 fps total: 8819 epoch: 512/5000
fps step: 9540 fps step and policy inference: 9140 fps total: 8858 epoch: 513/5000
fps step: 9690 fps step and policy inference: 9305 fps total: 9015 epoch: 514/5000
fps step: 6169 fps step and policy inference: 5988 fps total: 5868 epoch: 515/5000
fps step: 9590 fps step and policy inference: 9175 fps total: 8886 epoch: 516/5000
fps step: 9357 fps step and policy inference: 8998 fps total: 8778 epoch: 517/5000
fps step: 9595 fps step and policy inference: 9240 fps total: 8999 epoch: 518/5000
fps step: 9636 fps step and policy inference: 9255 fps total: 9002 epoch: 519/5000
fps step: 9656 fps step and policy inference: 9266 fps total: 9009 epoch: 520/5000
fps step: 9510 fps step and policy inference: 9139 fps total: 8917 epoch: 521/5000
fps step: 9656 fps step and policy inference: 9259 fps total: 9023 epoch: 522/5000
fps step: 9652 fps step and policy inference: 9272 fps total: 8994 epoch: 523/5000
fps step: 9493 fps step and policy inference: 9099 fps total: 8839 epoch: 524/5000
fps step: 9462 fps step and policy inference: 9076 fps total: 8806 epoch: 525/5000
fps step: 9564 fps step and policy inference: 9189 fps total: 8946 epoch: 526/5000
fps step: 9504 fps step and policy inference: 9122 fps total: 8897 epoch: 527/5000
fps step: 9799 fps step and policy inference: 9409 fps total: 9139 epoch: 528/5000
fps step: 9691 fps step and policy inference: 9317 fps total: 9028 epoch: 529/5000
fps step: 9601 fps step and policy inference: 9204 fps total: 8956 epoch: 530/5000
fps step: 9588 fps step and policy inference: 9212 fps total: 8956 epoch: 531/5000
fps step: 9409 fps step and policy inference: 9021 fps total: 8777 epoch: 532/5000
fps step: 6336 fps step and policy inference: 6145 fps total: 6023 epoch: 533/5000
fps step: 9458 fps step and policy inference: 9062 fps total: 8814 epoch: 534/5000
fps step: 9445 fps step and policy inference: 9045 fps total: 8753 epoch: 535/5000
fps step: 9513 fps step and policy inference: 9119 fps total: 8856 epoch: 536/5000
fps step: 9398 fps step and policy inference: 9014 fps total: 8796 epoch: 537/5000
fps step: 9448 fps step and policy inference: 9063 fps total: 8796 epoch: 538/5000
fps step: 9483 fps step and policy inference: 9107 fps total: 8836 epoch: 539/5000
fps step: 9364 fps step and policy inference: 8970 fps total: 8736 epoch: 540/5000
fps step: 9330 fps step and policy inference: 8940 fps total: 8658 epoch: 541/5000
fps step: 9471 fps step and policy inference: 9065 fps total: 8790 epoch: 542/5000
fps step: 9518 fps step and policy inference: 9135 fps total: 8859 epoch: 543/5000
fps step: 9445 fps step and policy inference: 9053 fps total: 8789 epoch: 544/5000
fps step: 9616 fps step and policy inference: 9228 fps total: 8934 epoch: 545/5000
fps step: 9497 fps step and policy inference: 9092 fps total: 8845 epoch: 546/5000
fps step: 9458 fps step and policy inference: 9053 fps total: 8807 epoch: 547/5000
fps step: 9458 fps step and policy inference: 9055 fps total: 8841 epoch: 548/5000
fps step: 9417 fps step and policy inference: 9067 fps total: 8785 epoch: 549/5000
fps step: 6218 fps step and policy inference: 6052 fps total: 5948 epoch: 550/5000
fps step: 9526 fps step and policy inference: 9150 fps total: 8929 epoch: 551/5000
fps step: 9361 fps step and policy inference: 8933 fps total: 8674 epoch: 552/5000
fps step: 9565 fps step and policy inference: 9177 fps total: 8892 epoch: 553/5000
fps step: 9471 fps step and policy inference: 9067 fps total: 8850 epoch: 554/5000
fps step: 9510 fps step and policy inference: 9133 fps total: 8907 epoch: 555/5000
fps step: 9426 fps step and policy inference: 9061 fps total: 8837 epoch: 556/5000
fps step: 9556 fps step and policy inference: 9167 fps total: 8915 epoch: 557/5000
fps step: 9498 fps step and policy inference: 9101 fps total: 8891 epoch: 558/5000
fps step: 9427 fps step and policy inference: 9017 fps total: 8799 epoch: 559/5000
fps step: 9475 fps step and policy inference: 9080 fps total: 8825 epoch: 560/5000
fps step: 9531 fps step and policy inference: 9142 fps total: 8898 epoch: 561/5000
fps step: 9515 fps step and policy inference: 9148 fps total: 8904 epoch: 562/5000
fps step: 9376 fps step and policy inference: 8972 fps total: 8699 epoch: 563/5000
fps step: 9546 fps step and policy inference: 9111 fps total: 8815 epoch: 564/5000
fps step: 9482 fps step and policy inference: 9065 fps total: 8814 epoch: 565/5000
fps step: 9389 fps step and policy inference: 8952 fps total: 8678 epoch: 566/5000
fps step: 6419 fps step and policy inference: 6229 fps total: 6092 epoch: 567/5000
fps step: 9447 fps step and policy inference: 9048 fps total: 8767 epoch: 568/5000
fps step: 9287 fps step and policy inference: 8868 fps total: 8598 epoch: 569/5000
fps step: 9363 fps step and policy inference: 8933 fps total: 8666 epoch: 570/5000
fps step: 9480 fps step and policy inference: 9064 fps total: 8789 epoch: 571/5000
fps step: 9580 fps step and policy inference: 9145 fps total: 8887 epoch: 572/5000
fps step: 9577 fps step and policy inference: 9160 fps total: 8911 epoch: 573/5000
fps step: 9735 fps step and policy inference: 9323 fps total: 9076 epoch: 574/5000
fps step: 9733 fps step and policy inference: 9330 fps total: 9095 epoch: 575/5000
fps step: 9592 fps step and policy inference: 9179 fps total: 8851 epoch: 576/5000
fps step: 9605 fps step and policy inference: 9219 fps total: 8922 epoch: 577/5000
fps step: 9639 fps step and policy inference: 9264 fps total: 9011 epoch: 578/5000
fps step: 9765 fps step and policy inference: 9345 fps total: 9043 epoch: 579/5000
fps step: 9704 fps step and policy inference: 9327 fps total: 9072 epoch: 580/5000
fps step: 9726 fps step and policy inference: 9330 fps total: 9077 epoch: 581/5000
fps step: 9675 fps step and policy inference: 9288 fps total: 9005 epoch: 582/5000
fps step: 9595 fps step and policy inference: 9201 fps total: 8972 epoch: 583/5000
fps step: 9560 fps step and policy inference: 9187 fps total: 8892 epoch: 584/5000
fps step: 6145 fps step and policy inference: 5976 fps total: 5880 epoch: 585/5000
fps step: 9714 fps step and policy inference: 9338 fps total: 9061 epoch: 586/5000
fps step: 9630 fps step and policy inference: 9198 fps total: 8952 epoch: 587/5000
fps step: 9561 fps step and policy inference: 9179 fps total: 8941 epoch: 588/5000
fps step: 9475 fps step and policy inference: 9110 fps total: 8891 epoch: 589/5000
fps step: 9467 fps step and policy inference: 9111 fps total: 8872 epoch: 590/5000
fps step: 9420 fps step and policy inference: 9030 fps total: 8774 epoch: 591/5000
fps step: 9389 fps step and policy inference: 8985 fps total: 8759 epoch: 592/5000
fps step: 9394 fps step and policy inference: 9010 fps total: 8737 epoch: 593/5000
fps step: 9367 fps step and policy inference: 8995 fps total: 8715 epoch: 594/5000
fps step: 9439 fps step and policy inference: 9078 fps total: 8828 epoch: 595/5000
fps step: 9531 fps step and policy inference: 9163 fps total: 8858 epoch: 596/5000
fps step: 9558 fps step and policy inference: 9198 fps total: 8955 epoch: 597/5000
fps step: 9495 fps step and policy inference: 9142 fps total: 8880 epoch: 598/5000
fps step: 9440 fps step and policy inference: 9070 fps total: 8804 epoch: 599/5000
fps step: 9474 fps step and policy inference: 9079 fps total: 8859 epoch: 600/5000
=> saving checkpoint 'runs/specialist_cuboid_train_2026-07-08_13-01-28/nn/last_specialist_cuboid_train_ep_600_rew_-29.767275.pth'
fps step: 9425 fps step and policy inference: 9010 fps total: 8727 epoch: 601/5000
fps step: 6391 fps step and policy inference: 6192 fps total: 6078 epoch: 602/5000
fps step: 9506 fps step and policy inference: 9082 fps total: 8830 epoch: 603/5000
fps step: 9424 fps step and policy inference: 8995 fps total: 8704 epoch: 604/5000
fps step: 9746 fps step and policy inference: 9336 fps total: 9068 epoch: 605/5000
fps step: 9744 fps step and policy inference: 9327 fps total: 9071 epoch: 606/5000
fps step: 9624 fps step and policy inference: 9209 fps total: 8956 epoch: 607/5000
fps step: 9508 fps step and policy inference: 9080 fps total: 8788 epoch: 608/5000
fps step: 9387 fps step and policy inference: 8914 fps total: 8622 epoch: 609/5000
fps step: 9612 fps step and policy inference: 9201 fps total: 8904 epoch: 610/5000
fps step: 9568 fps step and policy inference: 9164 fps total: 8913 epoch: 611/5000
fps step: 9505 fps step and policy inference: 9078 fps total: 8820 epoch: 612/5000
fps step: 9408 fps step and policy inference: 8984 fps total: 8740 epoch: 613/5000
fps step: 9405 fps step and policy inference: 9010 fps total: 8742 epoch: 614/5000
fps step: 9190 fps step and policy inference: 8767 fps total: 8552 epoch: 615/5000
fps step: 9542 fps step and policy inference: 9124 fps total: 8852 epoch: 616/5000
fps step: 9385 fps step and policy inference: 8982 fps total: 8753 epoch: 617/5000
fps step: 9658 fps step and policy inference: 9274 fps total: 8987 epoch: 618/5000
fps step: 9390 fps step and policy inference: 9013 fps total: 8784 epoch: 619/5000
fps step: 6227 fps step and policy inference: 6063 fps total: 5942 epoch: 620/5000
fps step: 9698 fps step and policy inference: 9300 fps total: 8998 epoch: 621/5000
fps step: 9752 fps step and policy inference: 9375 fps total: 9099 epoch: 622/5000
fps step: 9742 fps step and policy inference: 9355 fps total: 9076 epoch: 623/5000
fps step: 9727 fps step and policy inference: 9325 fps total: 9032 epoch: 624/5000
fps step: 9642 fps step and policy inference: 9273 fps total: 9053 epoch: 625/5000
fps step: 9365 fps step and policy inference: 8987 fps total: 8759 epoch: 626/5000
fps step: 9686 fps step and policy inference: 9305 fps total: 9032 epoch: 627/5000
fps step: 9490 fps step and policy inference: 9109 fps total: 8872 epoch: 628/5000
fps step: 9706 fps step and policy inference: 9294 fps total: 9050 epoch: 629/5000
fps step: 9541 fps step and policy inference: 9181 fps total: 8945 epoch: 630/5000
fps step: 9155 fps step and policy inference: 8790 fps total: 8560 epoch: 631/5000
fps step: 9108 fps step and policy inference: 8774 fps total: 8583 epoch: 632/5000
fps step: 8986 fps step and policy inference: 8632 fps total: 8400 epoch: 633/5000
fps step: 9044 fps step and policy inference: 8691 fps total: 8452 epoch: 634/5000
fps step: 9018 fps step and policy inference: 8681 fps total: 8452 epoch: 635/5000
fps step: 9013 fps step and policy inference: 8686 fps total: 8413 epoch: 636/5000
fps step: 5882 fps step and policy inference: 5734 fps total: 5613 epoch: 637/5000
fps step: 8649 fps step and policy inference: 8307 fps total: 8109 epoch: 638/5000
fps step: 8821 fps step and policy inference: 8510 fps total: 8286 epoch: 639/5000
fps step: 8681 fps step and policy inference: 8322 fps total: 8088 epoch: 640/5000
fps step: 8811 fps step and policy inference: 8444 fps total: 8181 epoch: 641/5000
fps step: 8869 fps step and policy inference: 8501 fps total: 8235 epoch: 642/5000
fps step: 8953 fps step and policy inference: 8582 fps total: 8324 epoch: 643/5000
fps step: 8929 fps step and policy inference: 8559 fps total: 8304 epoch: 644/5000
fps step: 9111 fps step and policy inference: 8751 fps total: 8467 epoch: 645/5000
fps step: 9529 fps step and policy inference: 9141 fps total: 8849 epoch: 646/5000
fps step: 9510 fps step and policy inference: 9135 fps total: 8848 epoch: 647/5000
fps step: 9592 fps step and policy inference: 9217 fps total: 8910 epoch: 648/5000
fps step: 9418 fps step and policy inference: 9004 fps total: 8682 epoch: 649/5000
fps step: 9034 fps step and policy inference: 8654 fps total: 8399 epoch: 650/5000
fps step: 9439 fps step and policy inference: 9040 fps total: 8722 epoch: 651/5000
fps step: 9459 fps step and policy inference: 9071 fps total: 8777 epoch: 652/5000
fps step: 9337 fps step and policy inference: 8954 fps total: 8672 epoch: 653/5000
fps step: 6574 fps step and policy inference: 6401 fps total: 6248 epoch: 654/5000
fps step: 9477 fps step and policy inference: 9107 fps total: 8816 epoch: 655/5000
fps step: 9320 fps step and policy inference: 8959 fps total: 8678 epoch: 656/5000
fps step: 9263 fps step and policy inference: 8873 fps total: 8601 epoch: 657/5000
fps step: 9291 fps step and policy inference: 8941 fps total: 8656 epoch: 658/5000
fps step: 9222 fps step and policy inference: 8873 fps total: 8597 epoch: 659/5000
fps step: 8997 fps step and policy inference: 8657 fps total: 8413 epoch: 660/5000
fps step: 9454 fps step and policy inference: 9096 fps total: 8805 epoch: 661/5000
fps step: 9287 fps step and policy inference: 8939 fps total: 8667 epoch: 662/5000
fps step: 9176 fps step and policy inference: 8820 fps total: 8540 epoch: 663/5000
fps step: 9232 fps step and policy inference: 8855 fps total: 8604 epoch: 664/5000
fps step: 9279 fps step and policy inference: 8878 fps total: 8614 epoch: 665/5000
fps step: 9276 fps step and policy inference: 8888 fps total: 8617 epoch: 666/5000
fps step: 9295 fps step and policy inference: 8937 fps total: 8652 epoch: 667/5000
fps step: 9183 fps step and policy inference: 8788 fps total: 8503 epoch: 668/5000
fps step: 9379 fps step and policy inference: 9002 fps total: 8725 epoch: 669/5000
fps step: 9345 fps step and policy inference: 8965 fps total: 8683 epoch: 670/5000
fps step: 6177 fps step and policy inference: 6013 fps total: 5876 epoch: 671/5000
fps step: 9194 fps step and policy inference: 8843 fps total: 8613 epoch: 672/5000
fps step: 9195 fps step and policy inference: 8849 fps total: 8608 epoch: 673/5000
fps step: 9194 fps step and policy inference: 8856 fps total: 8580 epoch: 674/5000
fps step: 9164 fps step and policy inference: 8804 fps total: 8559 epoch: 675/5000
fps step: 9223 fps step and policy inference: 8872 fps total: 8575 epoch: 676/5000
fps step: 9486 fps step and policy inference: 9116 fps total: 8813 epoch: 677/5000
fps step: 9385 fps step and policy inference: 9017 fps total: 8725 epoch: 678/5000
fps step: 9359 fps step and policy inference: 8994 fps total: 8678 epoch: 679/5000
fps step: 9355 fps step and policy inference: 8975 fps total: 8667 epoch: 680/5000
fps step: 9526 fps step and policy inference: 9159 fps total: 8945 epoch: 681/5000
fps step: 9315 fps step and policy inference: 8930 fps total: 8643 epoch: 682/5000
fps step: 9419 fps step and policy inference: 9033 fps total: 8722 epoch: 683/5000
fps step: 9132 fps step and policy inference: 8777 fps total: 8552 epoch: 684/5000
fps step: 9168 fps step and policy inference: 8836 fps total: 8543 epoch: 685/5000
fps step: 9313 fps step and policy inference: 8977 fps total: 8728 epoch: 686/5000
fps step: 9300 fps step and policy inference: 8938 fps total: 8721 epoch: 687/5000
fps step: 6155 fps step and policy inference: 6003 fps total: 5873 epoch: 688/5000
fps step: 9166 fps step and policy inference: 8831 fps total: 8545 epoch: 689/5000
fps step: 9212 fps step and policy inference: 8873 fps total: 8606 epoch: 690/5000
fps step: 9626 fps step and policy inference: 9262 fps total: 8948 epoch: 691/5000
fps step: 9608 fps step and policy inference: 9265 fps total: 8952 epoch: 692/5000
fps step: 9762 fps step and policy inference: 9388 fps total: 9086 epoch: 693/5000
fps step: 9527 fps step and policy inference: 9161 fps total: 8868 epoch: 694/5000
fps step: 9578 fps step and policy inference: 9174 fps total: 8890 epoch: 695/5000
fps step: 9430 fps step and policy inference: 9041 fps total: 8788 epoch: 696/5000
fps step: 9496 fps step and policy inference: 9121 fps total: 8878 epoch: 697/5000
fps step: 9581 fps step and policy inference: 9205 fps total: 8902 epoch: 698/5000
fps step: 9690 fps step and policy inference: 9310 fps total: 9007 epoch: 699/5000
fps step: 9404 fps step and policy inference: 9041 fps total: 8837 epoch: 700/5000
fps step: 9477 fps step and policy inference: 9080 fps total: 8874 epoch: 701/5000
fps step: 9380 fps step and policy inference: 9014 fps total: 8773 epoch: 702/5000
fps step: 9294 fps step and policy inference: 8925 fps total: 8629 epoch: 703/5000
fps step: 9395 fps step and policy inference: 9001 fps total: 8703 epoch: 704/5000
fps step: 9348 fps step and policy inference: 8994 fps total: 6109 epoch: 705/5000
fps step: 9229 fps step and policy inference: 8853 fps total: 8578 epoch: 706/5000
fps step: 9118 fps step and policy inference: 8764 fps total: 8525 epoch: 707/5000
fps step: 9180 fps step and policy inference: 8831 fps total: 8575 epoch: 708/5000
fps step: 9285 fps step and policy inference: 8938 fps total: 8714 epoch: 709/5000
fps step: 9608 fps step and policy inference: 9253 fps total: 8962 epoch: 710/5000
fps step: 9214 fps step and policy inference: 8869 fps total: 8643 epoch: 711/5000
fps step: 9481 fps step and policy inference: 9141 fps total: 8916 epoch: 712/5000
fps step: 9404 fps step and policy inference: 9009 fps total: 8735 epoch: 713/5000
fps step: 9088 fps step and policy inference: 8754 fps total: 8491 epoch: 714/5000
fps step: 9322 fps step and policy inference: 8947 fps total: 8691 epoch: 715/5000
fps step: 9262 fps step and policy inference: 8890 fps total: 8673 epoch: 716/5000
fps step: 9457 fps step and policy inference: 9111 fps total: 8833 epoch: 717/5000
fps step: 9394 fps step and policy inference: 9062 fps total: 8787 epoch: 718/5000
fps step: 9243 fps step and policy inference: 8876 fps total: 8653 epoch: 719/5000
fps step: 9280 fps step and policy inference: 8933 fps total: 8722 epoch: 720/5000
fps step: 8824 fps step and policy inference: 8461 fps total: 8271 epoch: 721/5000
fps step: 9006 fps step and policy inference: 8690 fps total: 8438 epoch: 722/5000
fps step: 6072 fps step and policy inference: 5926 fps total: 5809 epoch: 723/5000
fps step: 8995 fps step and policy inference: 8666 fps total: 8417 epoch: 724/5000
fps step: 9148 fps step and policy inference: 8800 fps total: 8589 epoch: 725/5000
fps step: 9140 fps step and policy inference: 8798 fps total: 8543 epoch: 726/5000
fps step: 9285 fps step and policy inference: 8949 fps total: 8683 epoch: 727/5000
fps step: 9620 fps step and policy inference: 9256 fps total: 9012 epoch: 728/5000
fps step: 9284 fps step and policy inference: 8911 fps total: 8678 epoch: 729/5000
fps step: 9136 fps step and policy inference: 8783 fps total: 8563 epoch: 730/5000
fps step: 9266 fps step and policy inference: 8923 fps total: 8724 epoch: 731/5000
fps step: 9193 fps step and policy inference: 8841 fps total: 8630 epoch: 732/5000
fps step: 9035 fps step and policy inference: 8679 fps total: 8479 epoch: 733/5000
fps step: 9023 fps step and policy inference: 8696 fps total: 8489 epoch: 734/5000
fps step: 9147 fps step and policy inference: 8813 fps total: 8565 epoch: 735/5000
fps step: 9101 fps step and policy inference: 8747 fps total: 8492 epoch: 736/5000
fps step: 9109 fps step and policy inference: 8760 fps total: 8477 epoch: 737/5000
fps step: 9197 fps step and policy inference: 8870 fps total: 8628 epoch: 738/5000
fps step: 8935 fps step and policy inference: 8586 fps total: 8341 epoch: 739/5000
fps step: 6008 fps step and policy inference: 5840 fps total: 5721 epoch: 740/5000
fps step: 8916 fps step and policy inference: 8582 fps total: 8348 epoch: 741/5000
fps step: 9270 fps step and policy inference: 8887 fps total: 8689 epoch: 742/5000
fps step: 9503 fps step and policy inference: 9127 fps total: 8878 epoch: 743/5000
fps step: 9459 fps step and policy inference: 9081 fps total: 8806 epoch: 744/5000
fps step: 9501 fps step and policy inference: 9118 fps total: 8880 epoch: 745/5000
fps step: 9646 fps step and policy inference: 9270 fps total: 9022 epoch: 746/5000
fps step: 9467 fps step and policy inference: 9062 fps total: 8832 epoch: 747/5000
fps step: 9505 fps step and policy inference: 9132 fps total: 8908 epoch: 748/5000
fps step: 9674 fps step and policy inference: 9318 fps total: 9066 epoch: 749/5000
fps step: 9500 fps step and policy inference: 9122 fps total: 8873 epoch: 750/5000
fps step: 9499 fps step and policy inference: 9111 fps total: 8888 epoch: 751/5000
fps step: 9452 fps step and policy inference: 9085 fps total: 8860 epoch: 752/5000
fps step: 9304 fps step and policy inference: 8925 fps total: 8701 epoch: 753/5000
fps step: 9232 fps step and policy inference: 8884 fps total: 8653 epoch: 754/5000
fps step: 9426 fps step and policy inference: 9065 fps total: 8807 epoch: 755/5000
fps step: 9259 fps step and policy inference: 8896 fps total: 8676 epoch: 756/5000
fps step: 6071 fps step and policy inference: 5888 fps total: 5799 epoch: 757/5000
fps step: 9192 fps step and policy inference: 8827 fps total: 8597 epoch: 758/5000
fps step: 9391 fps step and policy inference: 9015 fps total: 8750 epoch: 759/5000
fps step: 9406 fps step and policy inference: 9048 fps total: 8803 epoch: 760/5000
fps step: 9549 fps step and policy inference: 9171 fps total: 8897 epoch: 761/5000
fps step: 9305 fps step and policy inference: 8922 fps total: 8686 epoch: 762/5000
fps step: 9412 fps step and policy inference: 9025 fps total: 8756 epoch: 763/5000
fps step: 9383 fps step and policy inference: 8993 fps total: 8746 epoch: 764/5000
fps step: 9456 fps step and policy inference: 9060 fps total: 8792 epoch: 765/5000
fps step: 9290 fps step and policy inference: 8899 fps total: 8607 epoch: 766/5000
fps step: 9225 fps step and policy inference: 8858 fps total: 8655 epoch: 767/5000
fps step: 9471 fps step and policy inference: 9110 fps total: 8859 epoch: 768/5000
fps step: 9419 fps step and policy inference: 9037 fps total: 8785 epoch: 769/5000
fps step: 9202 fps step and policy inference: 8837 fps total: 8559 epoch: 770/5000
fps step: 9379 fps step and policy inference: 8994 fps total: 8766 epoch: 771/5000
fps step: 9234 fps step and policy inference: 8858 fps total: 8638 epoch: 772/5000
fps step: 9118 fps step and policy inference: 8730 fps total: 8494 epoch: 773/5000
fps step: 6044 fps step and policy inference: 5878 fps total: 5776 epoch: 774/5000
fps step: 9021 fps step and policy inference: 8653 fps total: 8373 epoch: 775/5000
fps step: 9366 fps step and policy inference: 8963 fps total: 8752 epoch: 776/5000
fps step: 9333 fps step and policy inference: 8978 fps total: 8765 epoch: 777/5000
fps step: 9402 fps step and policy inference: 9030 fps total: 8804 epoch: 778/5000
fps step: 9336 fps step and policy inference: 8960 fps total: 8704 epoch: 779/5000
fps step: 9444 fps step and policy inference: 9063 fps total: 8752 epoch: 780/5000
fps step: 9293 fps step and policy inference: 8920 fps total: 8646 epoch: 781/5000
fps step: 9373 fps step and policy inference: 9009 fps total: 8724 epoch: 782/5000
fps step: 9285 fps step and policy inference: 8941 fps total: 8659 epoch: 783/5000
fps step: 9276 fps step and policy inference: 8929 fps total: 8649 epoch: 784/5000
fps step: 9357 fps step and policy inference: 9005 fps total: 8699 epoch: 785/5000
fps step: 9199 fps step and policy inference: 8837 fps total: 8561 epoch: 786/5000
fps step: 9165 fps step and policy inference: 8786 fps total: 8490 epoch: 787/5000
fps step: 9171 fps step and policy inference: 8791 fps total: 8512 epoch: 788/5000
fps step: 9298 fps step and policy inference: 8932 fps total: 8638 epoch: 789/5000
fps step: 9004 fps step and policy inference: 8657 fps total: 8379 epoch: 790/5000
fps step: 6012 fps step and policy inference: 5859 fps total: 5731 epoch: 791/5000
fps step: 9190 fps step and policy inference: 8826 fps total: 8541 epoch: 792/5000
fps step: 9226 fps step and policy inference: 8835 fps total: 8552 epoch: 793/5000
fps step: 9212 fps step and policy inference: 8835 fps total: 8553 epoch: 794/5000
fps step: 9491 fps step and policy inference: 9096 fps total: 8799 epoch: 795/5000
fps step: 9472 fps step and policy inference: 9080 fps total: 8773 epoch: 796/5000
fps step: 9370 fps step and policy inference: 8981 fps total: 8691 epoch: 797/5000
fps step: 9457 fps step and policy inference: 9084 fps total: 8788 epoch: 798/5000
fps step: 9278 fps step and policy inference: 8879 fps total: 8627 epoch: 799/5000
fps step: 9260 fps step and policy inference: 8849 fps total: 8567 epoch: 800/5000
=> saving checkpoint 'runs/specialist_cuboid_train_2026-07-08_13-01-28/nn/last_specialist_cuboid_train_ep_800_rew_-40.44838.pth'
fps step: 9322 fps step and policy inference: 8944 fps total: 8655 epoch: 801/5000
fps step: 9282 fps step and policy inference: 8879 fps total: 8664 epoch: 802/5000
fps step: 8983 fps step and policy inference: 8607 fps total: 8324 epoch: 803/5000
fps step: 8916 fps step and policy inference: 8553 fps total: 8274 epoch: 804/5000
fps step: 9167 fps step and policy inference: 8814 fps total: 8536 epoch: 805/5000
fps step: 9020 fps step and policy inference: 8640 fps total: 8423 epoch: 806/5000
fps step: 8705 fps step and policy inference: 8366 fps total: 8161 epoch: 807/5000
fps step: 5915 fps step and policy inference: 5763 fps total: 5669 epoch: 808/5000
fps step: 8928 fps step and policy inference: 8544 fps total: 8324 epoch: 809/5000
fps step: 9181 fps step and policy inference: 8807 fps total: 8550 epoch: 810/5000
fps step: 9151 fps step and policy inference: 8779 fps total: 8529 epoch: 811/5000
fps step: 9262 fps step and policy inference: 8902 fps total: 8639 epoch: 812/5000
fps step: 9284 fps step and policy inference: 8902 fps total: 8660 epoch: 813/5000
fps step: 9333 fps step and policy inference: 8959 fps total: 8663 epoch: 814/5000
fps step: 9218 fps step and policy inference: 8810 fps total: 8513 epoch: 815/5000
fps step: 9448 fps step and policy inference: 9064 fps total: 8756 epoch: 816/5000
fps step: 9515 fps step and policy inference: 9138 fps total: 8834 epoch: 817/5000
fps step: 9276 fps step and policy inference: 8883 fps total: 8592 epoch: 818/5000
fps step: 9196 fps step and policy inference: 8797 fps total: 8513 epoch: 819/5000
fps step: 9166 fps step and policy inference: 8774 fps total: 8488 epoch: 820/5000
fps step: 9105 fps step and policy inference: 8722 fps total: 8442 epoch: 821/5000
fps step: 8879 fps step and policy inference: 8506 fps total: 8273 epoch: 822/5000
fps step: 9213 fps step and policy inference: 8834 fps total: 8584 epoch: 823/5000
fps step: 9036 fps step and policy inference: 8700 fps total: 8485 epoch: 824/5000
fps step: 6033 fps step and policy inference: 5872 fps total: 5777 epoch: 825/5000
fps step: 9266 fps step and policy inference: 8919 fps total: 8632 epoch: 826/5000
fps step: 9476 fps step and policy inference: 9082 fps total: 8841 epoch: 827/5000
fps step: 9245 fps step and policy inference: 8842 fps total: 8611 epoch: 828/5000
fps step: 9285 fps step and policy inference: 8911 fps total: 8663 epoch: 829/5000
fps step: 9090 fps step and policy inference: 8709 fps total: 8510 epoch: 830/5000
fps step: 9293 fps step and policy inference: 8910 fps total: 8662 epoch: 831/5000
fps step: 9301 fps step and policy inference: 8941 fps total: 8725 epoch: 832/5000
fps step: 9308 fps step and policy inference: 8964 fps total: 8742 epoch: 833/5000
fps step: 9413 fps step and policy inference: 9054 fps total: 8842 epoch: 834/5000
fps step: 9449 fps step and policy inference: 9075 fps total: 8843 epoch: 835/5000
fps step: 9144 fps step and policy inference: 8798 fps total: 8565 epoch: 836/5000
fps step: 9183 fps step and policy inference: 8826 fps total: 8586 epoch: 837/5000
fps step: 8980 fps step and policy inference: 8610 fps total: 8390 epoch: 838/5000
fps step: 9025 fps step and policy inference: 8641 fps total: 8421 epoch: 839/5000
fps step: 8752 fps step and policy inference: 8400 fps total: 8129 epoch: 840/5000
fps step: 8656 fps step and policy inference: 8294 fps total: 8029 epoch: 841/5000
fps step: 6068 fps step and policy inference: 5897 fps total: 5767 epoch: 842/5000
fps step: 9063 fps step and policy inference: 8669 fps total: 8382 epoch: 843/5000
fps step: 8864 fps step and policy inference: 8504 fps total: 8239 epoch: 844/5000
fps step: 9225 fps step and policy inference: 8865 fps total: 8599 epoch: 845/5000
fps step: 9370 fps step and policy inference: 8995 fps total: 8731 epoch: 846/5000
fps step: 9502 fps step and policy inference: 9133 fps total: 8884 epoch: 847/5000
fps step: 9449 fps step and policy inference: 9101 fps total: 8835 epoch: 848/5000
fps step: 9171 fps step and policy inference: 8802 fps total: 8577 epoch: 849/5000
fps step: 9087 fps step and policy inference: 8714 fps total: 8466 epoch: 850/5000
fps step: 9221 fps step and policy inference: 8854 fps total: 8594 epoch: 851/5000
fps step: 9150 fps step and policy inference: 8766 fps total: 8509 epoch: 852/5000
fps step: 9222 fps step and policy inference: 8878 fps total: 8635 epoch: 853/5000
fps step: 9070 fps step and policy inference: 8724 fps total: 8444 epoch: 854/5000
fps step: 9220 fps step and policy inference: 8878 fps total: 8613 epoch: 855/5000
fps step: 9251 fps step and policy inference: 8906 fps total: 8648 epoch: 856/5000
fps step: 9174 fps step and policy inference: 8824 fps total: 8534 epoch: 857/5000
fps step: 9120 fps step and policy inference: 8781 fps total: 8511 epoch: 858/5000
fps step: 6008 fps step and policy inference: 5858 fps total: 5743 epoch: 859/5000
fps step: 9280 fps step and policy inference: 8940 fps total: 8633 epoch: 860/5000
fps step: 9150 fps step and policy inference: 8820 fps total: 8519 epoch: 861/5000
fps step: 8991 fps step and policy inference: 8630 fps total: 8346 epoch: 862/5000
fps step: 9043 fps step and policy inference: 8675 fps total: 8429 epoch: 863/5000
fps step: 9282 fps step and policy inference: 8946 fps total: 8652 epoch: 864/5000
fps step: 9299 fps step and policy inference: 8919 fps total: 8629 epoch: 865/5000
fps step: 9164 fps step and policy inference: 8821 fps total: 8547 epoch: 866/5000
fps step: 9068 fps step and policy inference: 8719 fps total: 8471 epoch: 867/5000
fps step: 9358 fps step and policy inference: 8996 fps total: 8683 epoch: 868/5000
fps step: 8914 fps step and policy inference: 8584 fps total: 8381 epoch: 869/5000
fps step: 8879 fps step and policy inference: 8570 fps total: 8388 epoch: 870/5000
fps step: 8989 fps step and policy inference: 8648 fps total: 8446 epoch: 871/5000
fps step: 9257 fps step and policy inference: 8898 fps total: 8681 epoch: 872/5000
fps step: 9249 fps step and policy inference: 8928 fps total: 8708 epoch: 873/5000
fps step: 9111 fps step and policy inference: 8783 fps total: 8585 epoch: 874/5000
fps step: 6014 fps step and policy inference: 5854 fps total: 5764 epoch: 875/5000
fps step: 9142 fps step and policy inference: 8775 fps total: 8569 epoch: 876/5000
fps step: 9096 fps step and policy inference: 8706 fps total: 8433 epoch: 877/5000
fps step: 8866 fps step and policy inference: 8465 fps total: 8216 epoch: 878/5000
fps step: 8709 fps step and policy inference: 8360 fps total: 8125 epoch: 879/5000
fps step: 8749 fps step and policy inference: 8408 fps total: 8173 epoch: 880/5000
fps step: 8758 fps step and policy inference: 8416 fps total: 8160 epoch: 881/5000
fps step: 8879 fps step and policy inference: 8525 fps total: 8298 epoch: 882/5000
fps step: 8996 fps step and policy inference: 8640 fps total: 8414 epoch: 883/5000
fps step: 9235 fps step and policy inference: 8884 fps total: 8643 epoch: 884/5000
fps step: 9295 fps step and policy inference: 8940 fps total: 8649 epoch: 885/5000
fps step: 9305 fps step and policy inference: 8954 fps total: 8651 epoch: 886/5000
fps step: 9347 fps step and policy inference: 8986 fps total: 8733 epoch: 887/5000
fps step: 9325 fps step and policy inference: 8953 fps total: 8691 epoch: 888/5000
fps step: 9345 fps step and policy inference: 8973 fps total: 8719 epoch: 889/5000
fps step: 9291 fps step and policy inference: 8931 fps total: 8718 epoch: 890/5000
fps step: 9279 fps step and policy inference: 8916 fps total: 8679 epoch: 891/5000
fps step: 6134 fps step and policy inference: 5975 fps total: 5872 epoch: 892/5000
fps step: 8883 fps step and policy inference: 8547 fps total: 8361 epoch: 893/5000
fps step: 8878 fps step and policy inference: 8543 fps total: 8348 epoch: 894/5000
fps step: 8958 fps step and policy inference: 8623 fps total: 8407 epoch: 895/5000
fps step: 9062 fps step and policy inference: 8731 fps total: 8525 epoch: 896/5000
fps step: 8877 fps step and policy inference: 8557 fps total: 8331 epoch: 897/5000
fps step: 8836 fps step and policy inference: 8482 fps total: 8238 epoch: 898/5000
fps step: 9089 fps step and policy inference: 8708 fps total: 8463 epoch: 899/5000
fps step: 9174 fps step and policy inference: 8788 fps total: 8518 epoch: 900/5000
fps step: 9112 fps step and policy inference: 8749 fps total: 8539 epoch: 901/5000
fps step: 9205 fps step and policy inference: 8840 fps total: 8571 epoch: 902/5000
fps step: 9155 fps step and policy inference: 8784 fps total: 8508 epoch: 903/5000
fps step: 9123 fps step and policy inference: 8706 fps total: 8441 epoch: 904/5000
fps step: 9254 fps step and policy inference: 8886 fps total: 8622 epoch: 905/5000
fps step: 9115 fps step and policy inference: 8763 fps total: 8509 epoch: 906/5000
fps step: 9015 fps step and policy inference: 8646 fps total: 8407 epoch: 907/5000
fps step: 9172 fps step and policy inference: 8814 fps total: 8549 epoch: 908/5000
fps step: 6119 fps step and policy inference: 5956 fps total: 5858 epoch: 909/5000
fps step: 8834 fps step and policy inference: 8502 fps total: 8268 epoch: 910/5000
fps step: 8882 fps step and policy inference: 8546 fps total: 8316 epoch: 911/5000
fps step: 8760 fps step and policy inference: 8425 fps total: 8193 epoch: 912/5000
fps step: 8842 fps step and policy inference: 8492 fps total: 8242 epoch: 913/5000
fps step: 8890 fps step and policy inference: 8566 fps total: 8364 epoch: 914/5000
fps step: 8733 fps step and policy inference: 8384 fps total: 8194 epoch: 915/5000
fps step: 8827 fps step and policy inference: 8491 fps total: 8250 epoch: 916/5000
fps step: 8914 fps step and policy inference: 8588 fps total: 8381 epoch: 917/5000
fps step: 9180 fps step and policy inference: 8821 fps total: 8569 epoch: 918/5000
fps step: 9227 fps step and policy inference: 8886 fps total: 8622 epoch: 919/5000
fps step: 9325 fps step and policy inference: 8983 fps total: 8770 epoch: 920/5000
fps step: 9319 fps step and policy inference: 8972 fps total: 8700 epoch: 921/5000
fps step: 9191 fps step and policy inference: 8833 fps total: 8623 epoch: 922/5000
fps step: 9189 fps step and policy inference: 8818 fps total: 8578 epoch: 923/5000
fps step: 9178 fps step and policy inference: 8804 fps total: 8562 epoch: 924/5000
fps step: 9102 fps step and policy inference: 8742 fps total: 8535 epoch: 925/5000
fps step: 6070 fps step and policy inference: 5903 fps total: 5799 epoch: 926/5000
fps step: 9078 fps step and policy inference: 8694 fps total: 8487 epoch: 927/5000
fps step: 9015 fps step and policy inference: 8642 fps total: 8395 epoch: 928/5000
fps step: 9018 fps step and policy inference: 8641 fps total: 8400 epoch: 929/5000
fps step: 9155 fps step and policy inference: 8803 fps total: 8595 epoch: 930/5000
fps step: 9037 fps step and policy inference: 8665 fps total: 8457 epoch: 931/5000
fps step: 9026 fps step and policy inference: 8684 fps total: 8498 epoch: 932/5000
fps step: 8990 fps step and policy inference: 8628 fps total: 8412 epoch: 933/5000
fps step: 9039 fps step and policy inference: 8671 fps total: 8404 epoch: 934/5000
fps step: 9097 fps step and policy inference: 8733 fps total: 8511 epoch: 935/5000
fps step: 9079 fps step and policy inference: 8683 fps total: 8436 epoch: 936/5000
fps step: 9003 fps step and policy inference: 8633 fps total: 8414 epoch: 937/5000
fps step: 9216 fps step and policy inference: 8855 fps total: 8572 epoch: 938/5000
fps step: 9065 fps step and policy inference: 8700 fps total: 8425 epoch: 939/5000
fps step: 9332 fps step and policy inference: 8960 fps total: 8658 epoch: 940/5000
fps step: 9194 fps step and policy inference: 8833 fps total: 8576 epoch: 941/5000
fps step: 6048 fps step and policy inference: 5870 fps total: 5768 epoch: 942/5000
fps step: 9100 fps step and policy inference: 8728 fps total: 8488 epoch: 943/5000
fps step: 9052 fps step and policy inference: 8680 fps total: 8395 epoch: 944/5000
fps step: 9037 fps step and policy inference: 8658 fps total: 8399 epoch: 945/5000
fps step: 9182 fps step and policy inference: 8818 fps total: 8570 epoch: 946/5000
fps step: 9158 fps step and policy inference: 8796 fps total: 8521 epoch: 947/5000
fps step: 9080 fps step and policy inference: 8726 fps total: 8463 epoch: 948/5000
fps step: 9155 fps step and policy inference: 8798 fps total: 8554 epoch: 949/5000
fps step: 9270 fps step and policy inference: 8907 fps total: 8628 epoch: 950/5000
fps step: 9341 fps step and policy inference: 8939 fps total: 8693 epoch: 951/5000
fps step: 9266 fps step and policy inference: 8884 fps total: 8619 epoch: 952/5000
fps step: 9277 fps step and policy inference: 8906 fps total: 8624 epoch: 953/5000
fps step: 9357 fps step and policy inference: 8970 fps total: 8680 epoch: 954/5000
fps step: 9355 fps step and policy inference: 8997 fps total: 8747 epoch: 955/5000
fps step: 9189 fps step and policy inference: 8810 fps total: 8549 epoch: 956/5000
fps step: 9306 fps step and policy inference: 8932 fps total: 8687 epoch: 957/5000
fps step: 9324 fps step and policy inference: 8931 fps total: 8659 epoch: 958/5000
fps step: 6130 fps step and policy inference: 5965 fps total: 5851 epoch: 959/5000
fps step: 9144 fps step and policy inference: 8792 fps total: 8560 epoch: 960/5000
fps step: 9369 fps step and policy inference: 8991 fps total: 8726 epoch: 961/5000
fps step: 9239 fps step and policy inference: 8843 fps total: 8570 epoch: 962/5000
fps step: 9426 fps step and policy inference: 9059 fps total: 8786 epoch: 963/5000
fps step: 9272 fps step and policy inference: 8908 fps total: 8639 epoch: 964/5000
fps step: 9188 fps step and policy inference: 8803 fps total: 8531 epoch: 965/5000
fps step: 9197 fps step and policy inference: 8824 fps total: 8545 epoch: 966/5000
fps step: 8930 fps step and policy inference: 8564 fps total: 8298 epoch: 967/5000
fps step: 8776 fps step and policy inference: 8422 fps total: 8177 epoch: 968/5000
fps step: 8978 fps step and policy inference: 8586 fps total: 8325 epoch: 969/5000
fps step: 9242 fps step and policy inference: 8841 fps total: 8561 epoch: 970/5000
fps step: 9293 fps step and policy inference: 8904 fps total: 8658 epoch: 971/5000
fps step: 9270 fps step and policy inference: 8898 fps total: 8628 epoch: 972/5000
fps step: 9200 fps step and policy inference: 8780 fps total: 8499 epoch: 973/5000
fps step: 9287 fps step and policy inference: 8874 fps total: 8595 epoch: 974/5000
fps step: 8960 fps step and policy inference: 8588 fps total: 8327 epoch: 975/5000
fps step: 5891 fps step and policy inference: 5742 fps total: 5624 epoch: 976/5000
fps step: 8953 fps step and policy inference: 8619 fps total: 8351 epoch: 977/5000
fps step: 9175 fps step and policy inference: 8786 fps total: 8507 epoch: 978/5000
fps step: 9062 fps step and policy inference: 8695 fps total: 8411 epoch: 979/5000
fps step: 9095 fps step and policy inference: 8744 fps total: 8488 epoch: 980/5000
fps step: 9103 fps step and policy inference: 8742 fps total: 8486 epoch: 981/5000
fps step: 9065 fps step and policy inference: 8703 fps total: 8430 epoch: 982/5000
fps step: 9119 fps step and policy inference: 8734 fps total: 8461 epoch: 983/5000
fps step: 9200 fps step and policy inference: 8835 fps total: 8535 epoch: 984/5000
fps step: 9237 fps step and policy inference: 8862 fps total: 8573 epoch: 985/5000
fps step: 9203 fps step and policy inference: 8808 fps total: 8507 epoch: 986/5000
fps step: 9084 fps step and policy inference: 8696 fps total: 8447 epoch: 987/5000
fps step: 9250 fps step and policy inference: 8864 fps total: 8591 epoch: 988/5000
fps step: 9044 fps step and policy inference: 8650 fps total: 8384 epoch: 989/5000
fps step: 9195 fps step and policy inference: 8811 fps total: 8536 epoch: 990/5000
fps step: 9366 fps step and policy inference: 8992 fps total: 8704 epoch: 991/5000
fps step: 9538 fps step and policy inference: 9178 fps total: 8888 epoch: 992/5000
fps step: 6230 fps step and policy inference: 6061 fps total: 5929 epoch: 993/5000
fps step: 9443 fps step and policy inference: 9082 fps total: 8793 epoch: 994/5000
fps step: 9306 fps step and policy inference: 8914 fps total: 8626 epoch: 995/5000
fps step: 9320 fps step and policy inference: 8943 fps total: 8670 epoch: 996/5000
fps step: 9373 fps step and policy inference: 8978 fps total: 8680 epoch: 997/5000
fps step: 9377 fps step and policy inference: 8999 fps total: 8707 epoch: 998/5000
fps step: 9147 fps step and policy inference: 8772 fps total: 8499 epoch: 999/5000
fps step: 9398 fps step and policy inference: 9001 fps total: 8709 epoch: 1000/5000
=> saving checkpoint 'runs/specialist_cuboid_train_2026-07-08_13-01-28/nn/last_specialist_cuboid_train_ep_1000_rew_-68.78065.pth'
fps step: 9242 fps step and policy inference: 8870 fps total: 8581 epoch: 1001/5000
fps step: 9329 fps step and policy inference: 8951 fps total: 8669 epoch: 1002/5000
fps step: 9220 fps step and policy inference: 8814 fps total: 8528 epoch: 1003/5000
fps step: 9228 fps step and policy inference: 8844 fps total: 8547 epoch: 1004/5000
fps step: 9259 fps step and policy inference: 8868 fps total: 8594 epoch: 1005/5000
fps step: 9230 fps step and policy inference: 8826 fps total: 8529 epoch: 1006/5000
fps step: 9195 fps step and policy inference: 8805 fps total: 8522 epoch: 1007/5000
fps step: 8965 fps step and policy inference: 8596 fps total: 8344 epoch: 1008/5000
fps step: 8835 fps step and policy inference: 8489 fps total: 8228 epoch: 1009/5000
fps step: 5910 fps step and policy inference: 5759 fps total: 5637 epoch: 1010/5000
fps step: 8866 fps step and policy inference: 8501 fps total: 8235 epoch: 1011/5000
fps step: 9033 fps step and policy inference: 8666 fps total: 8397 epoch: 1012/5000
fps step: 9232 fps step and policy inference: 8833 fps total: 8552 epoch: 1013/5000
fps step: 9360 fps step and policy inference: 8962 fps total: 8650 epoch: 1014/5000
fps step: 9217 fps step and policy inference: 8824 fps total: 8534 epoch: 1015/5000
fps step: 9111 fps step and policy inference: 8734 fps total: 8515 epoch: 1016/5000
fps step: 9235 fps step and policy inference: 8823 fps total: 8535 epoch: 1017/5000
fps step: 9262 fps step and policy inference: 8840 fps total: 8598 epoch: 1018/5000
fps step: 9251 fps step and policy inference: 8875 fps total: 8624 epoch: 1019/5000
fps step: 9145 fps step and policy inference: 8749 fps total: 8477 epoch: 1020/5000
fps step: 9169 fps step and policy inference: 8808 fps total: 8564 epoch: 1021/5000
fps step: 9170 fps step and policy inference: 8792 fps total: 8559 epoch: 1022/5000
fps step: 9080 fps step and policy inference: 8702 fps total: 8434 epoch: 1023/5000
fps step: 9401 fps step and policy inference: 9041 fps total: 8788 epoch: 1024/5000
fps step: 9367 fps step and policy inference: 8990 fps total: 8742 epoch: 1025/5000
fps step: 9313 fps step and policy inference: 8937 fps total: 8647 epoch: 1026/5000
fps step: 6236 fps step and policy inference: 6079 fps total: 5937 epoch: 1027/5000
fps step: 9207 fps step and policy inference: 8865 fps total: 8592 epoch: 1028/5000
fps step: 9327 fps step and policy inference: 8947 fps total: 8652 epoch: 1029/5000
fps step: 9263 fps step and policy inference: 8858 fps total: 8565 epoch: 1030/5000
fps step: 9191 fps step and policy inference: 8773 fps total: 8475 epoch: 1031/5000
fps step: 9302 fps step and policy inference: 8941 fps total: 8654 epoch: 1032/5000
fps step: 9257 fps step and policy inference: 8890 fps total: 8614 epoch: 1033/5000
fps step: 9448 fps step and policy inference: 9092 fps total: 8801 epoch: 1034/5000
fps step: 9256 fps step and policy inference: 8874 fps total: 8578 epoch: 1035/5000
fps step: 9365 fps step and policy inference: 9008 fps total: 8709 epoch: 1036/5000
fps step: 9277 fps step and policy inference: 8910 fps total: 8620 epoch: 1037/5000
fps step: 9149 fps step and policy inference: 8793 fps total: 8592 epoch: 1038/5000
fps step: 9350 fps step and policy inference: 8998 fps total: 8783 epoch: 1039/5000
fps step: 9313 fps step and policy inference: 8978 fps total: 8772 epoch: 1040/5000
fps step: 9266 fps step and policy inference: 8932 fps total: 8705 epoch: 1041/5000
fps step: 9274 fps step and policy inference: 8928 fps total: 8716 epoch: 1042/5000
fps step: 9108 fps step and policy inference: 8763 fps total: 8562 epoch: 1043/5000
fps step: 6208 fps step and policy inference: 6030 fps total: 5933 epoch: 1044/5000
fps step: 9158 fps step and policy inference: 8790 fps total: 8519 epoch: 1045/5000
fps step: 9214 fps step and policy inference: 8838 fps total: 8590 epoch: 1046/5000
fps step: 9297 fps step and policy inference: 8936 fps total: 8717 epoch: 1047/5000
fps step: 9373 fps step and policy inference: 8999 fps total: 8737 epoch: 1048/5000
fps step: 9232 fps step and policy inference: 8840 fps total: 8625 epoch: 1049/5000
fps step: 9192 fps step and policy inference: 8789 fps total: 8599 epoch: 1050/5000
fps step: 9163 fps step and policy inference: 8800 fps total: 8574 epoch: 1051/5000
fps step: 9323 fps step and policy inference: 8966 fps total: 8747 epoch: 1052/5000
fps step: 9268 fps step and policy inference: 8895 fps total: 8675 epoch: 1053/5000
fps step: 9399 fps step and policy inference: 9011 fps total: 8731 epoch: 1054/5000
fps step: 9533 fps step and policy inference: 9181 fps total: 8892 epoch: 1055/5000
fps step: 9304 fps step and policy inference: 8918 fps total: 8626 epoch: 1056/5000
fps step: 9509 fps step and policy inference: 9152 fps total: 8864 epoch: 1057/5000
fps step: 9466 fps step and policy inference: 9108 fps total: 8825 epoch: 1058/5000
fps step: 9506 fps step and policy inference: 9145 fps total: 8841 epoch: 1059/5000
fps step: 9508 fps step and policy inference: 9158 fps total: 8858 epoch: 1060/5000
fps step: 5998 fps step and policy inference: 5851 fps total: 5729 epoch: 1061/5000
fps step: 9311 fps step and policy inference: 8966 fps total: 8688 epoch: 1062/5000
fps step: 9339 fps step and policy inference: 8991 fps total: 8698 epoch: 1063/5000
fps step: 9372 fps step and policy inference: 9025 fps total: 8741 epoch: 1064/5000
fps step: 9308 fps step and policy inference: 8925 fps total: 8657 epoch: 1065/5000
fps step: 9357 fps step and policy inference: 8985 fps total: 8714 epoch: 1066/5000
fps step: 9475 fps step and policy inference: 9124 fps total: 8839 epoch: 1067/5000
fps step: 9355 fps step and policy inference: 8969 fps total: 8700 epoch: 1068/5000
fps step: 9312 fps step and policy inference: 8961 fps total: 8704 epoch: 1069/5000
fps step: 9334 fps step and policy inference: 8963 fps total: 8740 epoch: 1070/5000
fps step: 9437 fps step and policy inference: 9037 fps total: 8810 epoch: 1071/5000
fps step: 9496 fps step and policy inference: 9100 fps total: 8827 epoch: 1072/5000
fps step: 9475 fps step and policy inference: 9095 fps total: 8847 epoch: 1073/5000
fps step: 9459 fps step and policy inference: 9070 fps total: 8837 epoch: 1074/5000
fps step: 9354 fps step and policy inference: 8956 fps total: 8666 epoch: 1075/5000
fps step: 9338 fps step and policy inference: 8950 fps total: 8730 epoch: 1076/5000
fps step: 9301 fps step and policy inference: 8937 fps total: 8722 epoch: 1077/5000
fps step: 5938 fps step and policy inference: 5795 fps total: 5691 epoch: 1078/5000
fps step: 9366 fps step and policy inference: 8982 fps total: 8768 epoch: 1079/5000
fps step: 9311 fps step and policy inference: 8940 fps total: 8714 epoch: 1080/5000
fps step: 9322 fps step and policy inference: 8955 fps total: 8735 epoch: 1081/5000
fps step: 9453 fps step and policy inference: 9095 fps total: 8891 epoch: 1082/5000
fps step: 9496 fps step and policy inference: 9125 fps total: 8879 epoch: 1083/5000
fps step: 9518 fps step and policy inference: 9134 fps total: 8930 epoch: 1084/5000
fps step: 9589 fps step and policy inference: 9201 fps total: 8988 epoch: 1085/5000
fps step: 9297 fps step and policy inference: 8871 fps total: 8584 epoch: 1086/5000
fps step: 9348 fps step and policy inference: 8935 fps total: 8701 epoch: 1087/5000
fps step: 9430 fps step and policy inference: 9034 fps total: 8817 epoch: 1088/5000
fps step: 9523 fps step and policy inference: 9145 fps total: 8893 epoch: 1089/5000
fps step: 9680 fps step and policy inference: 9316 fps total: 9099 epoch: 1090/5000
fps step: 9578 fps step and policy inference: 9197 fps total: 8946 epoch: 1091/5000
fps step: 9588 fps step and policy inference: 9226 fps total: 8987 epoch: 1092/5000
fps step: 9343 fps step and policy inference: 8961 fps total: 8719 epoch: 1093/5000
fps step: 9446 fps step and policy inference: 9057 fps total: 8801 epoch: 1094/5000
fps step: 9421 fps step and policy inference: 9040 fps total: 5837 epoch: 1095/5000
fps step: 9308 fps step and policy inference: 8928 fps total: 8656 epoch: 1096/5000
fps step: 9278 fps step and policy inference: 8897 fps total: 8647 epoch: 1097/5000
fps step: 9451 fps step and policy inference: 9054 fps total: 8753 epoch: 1098/5000
fps step: 9487 fps step and policy inference: 9099 fps total: 8825 epoch: 1099/5000
fps step: 9444 fps step and policy inference: 9044 fps total: 8752 epoch: 1100/5000
fps step: 9717 fps step and policy inference: 9353 fps total: 9120 epoch: 1101/5000
fps step: 9481 fps step and policy inference: 9105 fps total: 8839 epoch: 1102/5000
fps step: 9439 fps step and policy inference: 9050 fps total: 8838 epoch: 1103/5000
fps step: 9284 fps step and policy inference: 8920 fps total: 8715 epoch: 1104/5000
fps step: 9500 fps step and policy inference: 9159 fps total: 8946 epoch: 1105/5000
fps step: 9616 fps step and policy inference: 9262 fps total: 9052 epoch: 1106/5000
fps step: 9576 fps step and policy inference: 9213 fps total: 9001 epoch: 1107/5000
fps step: 9513 fps step and policy inference: 9148 fps total: 8938 epoch: 1108/5000
fps step: 9369 fps step and policy inference: 9007 fps total: 8781 epoch: 1109/5000
fps step: 9569 fps step and policy inference: 9189 fps total: 8977 epoch: 1110/5000
fps step: 9242 fps step and policy inference: 8878 fps total: 8660 epoch: 1111/5000
fps step: 9204 fps step and policy inference: 8828 fps total: 8605 epoch: 1112/5000
fps step: 5778 fps step and policy inference: 5631 fps total: 5524 epoch: 1113/5000
fps step: 8895 fps step and policy inference: 8547 fps total: 8285 epoch: 1114/5000
fps step: 9014 fps step and policy inference: 8668 fps total: 8427 epoch: 1115/5000
fps step: 9133 fps step and policy inference: 8782 fps total: 8564 epoch: 1116/5000
fps step: 9360 fps step and policy inference: 8987 fps total: 8754 epoch: 1117/5000
fps step: 9168 fps step and policy inference: 8799 fps total: 8511 epoch: 1118/5000
fps step: 8902 fps step and policy inference: 8536 fps total: 8302 epoch: 1119/5000
fps step: 8906 fps step and policy inference: 8571 fps total: 8351 epoch: 1120/5000
fps step: 8857 fps step and policy inference: 8516 fps total: 8288 epoch: 1121/5000
fps step: 8960 fps step and policy inference: 8600 fps total: 8361 epoch: 1122/5000
fps step: 9315 fps step and policy inference: 8970 fps total: 8749 epoch: 1123/5000
fps step: 9162 fps step and policy inference: 8772 fps total: 8514 epoch: 1124/5000
fps step: 9288 fps step and policy inference: 8930 fps total: 8705 epoch: 1125/5000
fps step: 9276 fps step and policy inference: 8915 fps total: 8644 epoch: 1126/5000
fps step: 9318 fps step and policy inference: 8938 fps total: 8668 epoch: 1127/5000
fps step: 9366 fps step and policy inference: 8980 fps total: 8724 epoch: 1128/5000
fps step: 9334 fps step and policy inference: 8980 fps total: 8699 epoch: 1129/5000
fps step: 6606 fps step and policy inference: 6412 fps total: 6268 epoch: 1130/5000
fps step: 9248 fps step and policy inference: 8848 fps total: 8565 epoch: 1131/5000
fps step: 9286 fps step and policy inference: 8879 fps total: 8596 epoch: 1132/5000
fps step: 9166 fps step and policy inference: 8810 fps total: 8545 epoch: 1133/5000
fps step: 9028 fps step and policy inference: 8667 fps total: 8385 epoch: 1134/5000
fps step: 8984 fps step and policy inference: 8632 fps total: 8404 epoch: 1135/5000
fps step: 9179 fps step and policy inference: 8811 fps total: 8587 epoch: 1136/5000
fps step: 9049 fps step and policy inference: 8691 fps total: 8433 epoch: 1137/5000
fps step: 9264 fps step and policy inference: 8904 fps total: 8680 epoch: 1138/5000
fps step: 9252 fps step and policy inference: 8868 fps total: 8595 epoch: 1139/5000
fps step: 9302 fps step and policy inference: 8942 fps total: 8651 epoch: 1140/5000
fps step: 9234 fps step and policy inference: 8848 fps total: 8596 epoch: 1141/5000
fps step: 9415 fps step and policy inference: 9066 fps total: 8842 epoch: 1142/5000
fps step: 9041 fps step and policy inference: 8696 fps total: 8484 epoch: 1143/5000
fps step: 9249 fps step and policy inference: 8896 fps total: 8625 epoch: 1144/5000
fps step: 9180 fps step and policy inference: 8827 fps total: 8581 epoch: 1145/5000
fps step: 8721 fps step and policy inference: 8374 fps total: 8175 epoch: 1146/5000
fps step: 5781 fps step and policy inference: 5642 fps total: 5549 epoch: 1147/5000
fps step: 8724 fps step and policy inference: 8396 fps total: 8191 epoch: 1148/5000
fps step: 8586 fps step and policy inference: 8224 fps total: 8034 epoch: 1149/5000
fps step: 8734 fps step and policy inference: 8364 fps total: 8157 epoch: 1150/5000
fps step: 8875 fps step and policy inference: 8515 fps total: 8260 epoch: 1151/5000
fps step: 9152 fps step and policy inference: 8785 fps total: 8551 epoch: 1152/5000
fps step: 9182 fps step and policy inference: 8805 fps total: 8568 epoch: 1153/5000
fps step: 9327 fps step and policy inference: 8931 fps total: 8684 epoch: 1154/5000
fps step: 9115 fps step and policy inference: 8692 fps total: 8403 epoch: 1155/5000
fps step: 9171 fps step and policy inference: 8774 fps total: 8509 epoch: 1156/5000
fps step: 9272 fps step and policy inference: 8885 fps total: 8663 epoch: 1157/5000
fps step: 9366 fps step and policy inference: 9011 fps total: 8785 epoch: 1158/5000
fps step: 9280 fps step and policy inference: 8887 fps total: 8597 epoch: 1159/5000
fps step: 9179 fps step and policy inference: 8824 fps total: 8611 epoch: 1160/5000
fps step: 9231 fps step and policy inference: 8871 fps total: 8617 epoch: 1161/5000
fps step: 9286 fps step and policy inference: 8897 fps total: 8598 epoch: 1162/5000
fps step: 6233 fps step and policy inference: 6042 fps total: 5907 epoch: 1163/5000
fps step: 9321 fps step and policy inference: 8961 fps total: 8701 epoch: 1164/5000
fps step: 8984 fps step and policy inference: 8625 fps total: 8401 epoch: 1165/5000
fps step: 9180 fps step and policy inference: 8805 fps total: 8528 epoch: 1166/5000
fps step: 9053 fps step and policy inference: 8643 fps total: 8409 epoch: 1167/5000
fps step: 9149 fps step and policy inference: 8753 fps total: 8491 epoch: 1168/5000
fps step: 9127 fps step and policy inference: 8736 fps total: 8487 epoch: 1169/5000
fps step: 9262 fps step and policy inference: 8874 fps total: 8658 epoch: 1170/5000
fps step: 9191 fps step and policy inference: 8813 fps total: 8542 epoch: 1171/5000
fps step: 9110 fps step and policy inference: 8708 fps total: 8434 epoch: 1172/5000
fps step: 9061 fps step and policy inference: 8697 fps total: 8433 epoch: 1173/5000
fps step: 9383 fps step and policy inference: 9025 fps total: 8741 epoch: 1174/5000
fps step: 9144 fps step and policy inference: 8762 fps total: 8468 epoch: 1175/5000
fps step: 9261 fps step and policy inference: 8883 fps total: 8598 epoch: 1176/5000
fps step: 9401 fps step and policy inference: 9034 fps total: 8736 epoch: 1177/5000
fps step: 9223 fps step and policy inference: 8848 fps total: 8582 epoch: 1178/5000
fps step: 9217 fps step and policy inference: 8840 fps total: 8555 epoch: 1179/5000
fps step: 6172 fps step and policy inference: 6007 fps total: 5881 epoch: 1180/5000
fps step: 9216 fps step and policy inference: 8864 fps total: 8578 epoch: 1181/5000
fps step: 9204 fps step and policy inference: 8817 fps total: 8545 epoch: 1182/5000
fps step: 9257 fps step and policy inference: 8881 fps total: 8601 epoch: 1183/5000
fps step: 9299 fps step and policy inference: 8937 fps total: 8663 epoch: 1184/5000
fps step: 9355 fps step and policy inference: 9007 fps total: 8720 epoch: 1185/5000
fps step: 9263 fps step and policy inference: 8884 fps total: 8604 epoch: 1186/5000
fps step: 9201 fps step and policy inference: 8786 fps total: 8482 epoch: 1187/5000
fps step: 9356 fps step and policy inference: 8982 fps total: 8696 epoch: 1188/5000
fps step: 9301 fps step and policy inference: 8939 fps total: 8659 epoch: 1189/5000
fps step: 9266 fps step and policy inference: 8885 fps total: 8609 epoch: 1190/5000
fps step: 9585 fps step and policy inference: 9233 fps total: 8927 epoch: 1191/5000
fps step: 9244 fps step and policy inference: 8863 fps total: 8580 epoch: 1192/5000
fps step: 9338 fps step and policy inference: 8974 fps total: 8686 epoch: 1193/5000
fps step: 9263 fps step and policy inference: 8883 fps total: 8619 epoch: 1194/5000
fps step: 9265 fps step and policy inference: 8920 fps total: 8638 epoch: 1195/5000
fps step: 9372 fps step and policy inference: 9013 fps total: 8727 epoch: 1196/5000
fps step: 6290 fps step and policy inference: 6121 fps total: 5990 epoch: 1197/5000
fps step: 9367 fps step and policy inference: 8989 fps total: 8699 epoch: 1198/5000
fps step: 9233 fps step and policy inference: 8828 fps total: 8554 epoch: 1199/5000
fps step: 9360 fps step and policy inference: 8987 fps total: 8693 epoch: 1200/5000
=> saving checkpoint 'runs/specialist_cuboid_train_2026-07-08_13-01-28/nn/last_specialist_cuboid_train_ep_1200_rew_-101.230125.pth'
fps step: 8942 fps step and policy inference: 8600 fps total: 8316 epoch: 1201/5000
fps step: 8948 fps step and policy inference: 8609 fps total: 8343 epoch: 1202/5000
fps step: 8898 fps step and policy inference: 8543 fps total: 8284 epoch: 1203/5000
fps step: 8909 fps step and policy inference: 8568 fps total: 8308 epoch: 1204/5000
fps step: 8936 fps step and policy inference: 8578 fps total: 8327 epoch: 1205/5000
fps step: 8968 fps step and policy inference: 8625 fps total: 8342 epoch: 1206/5000
fps step: 8830 fps step and policy inference: 8466 fps total: 8273 epoch: 1207/5000
fps step: 9010 fps step and policy inference: 8659 fps total: 8443 epoch: 1208/5000
fps step: 8877 fps step and policy inference: 8535 fps total: 8332 epoch: 1209/5000
fps step: 8764 fps step and policy inference: 8412 fps total: 8168 epoch: 1210/5000
fps step: 8837 fps step and policy inference: 8503 fps total: 8264 epoch: 1211/5000
fps step: 9000 fps step and policy inference: 8678 fps total: 8398 epoch: 1212/5000
fps step: 9178 fps step and policy inference: 8781 fps total: 6019 epoch: 1213/5000
fps step: 9214 fps step and policy inference: 8833 fps total: 8609 epoch: 1214/5000
fps step: 9226 fps step and policy inference: 8823 fps total: 8528 epoch: 1215/5000
fps step: 9150 fps step and policy inference: 8764 fps total: 8541 epoch: 1216/5000
fps step: 9159 fps step and policy inference: 8814 fps total: 8598 epoch: 1217/5000
fps step: 9275 fps step and policy inference: 8911 fps total: 8703 epoch: 1218/5000
fps step: 9338 fps step and policy inference: 9005 fps total: 8774 epoch: 1219/5000
fps step: 8961 fps step and policy inference: 8646 fps total: 8451 epoch: 1220/5000
fps step: 8875 fps step and policy inference: 8542 fps total: 8336 epoch: 1221/5000
fps step: 9295 fps step and policy inference: 8942 fps total: 8661 epoch: 1222/5000
fps step: 9166 fps step and policy inference: 8789 fps total: 8499 epoch: 1223/5000
fps step: 9289 fps step and policy inference: 8928 fps total: 8613 epoch: 1224/5000
fps step: 9338 fps step and policy inference: 8984 fps total: 8680 epoch: 1225/5000
fps step: 9329 fps step and policy inference: 8983 fps total: 8687 epoch: 1226/5000
fps step: 9244 fps step and policy inference: 8877 fps total: 8633 epoch: 1227/5000
fps step: 9324 fps step and policy inference: 8977 fps total: 8662 epoch: 1228/5000
fps step: 9169 fps step and policy inference: 8796 fps total: 8493 epoch: 1229/5000
fps step: 6152 fps step and policy inference: 6004 fps total: 5865 epoch: 1230/5000
fps step: 9062 fps step and policy inference: 8697 fps total: 8392 epoch: 1231/5000
fps step: 9253 fps step and policy inference: 8888 fps total: 8617 epoch: 1232/5000
fps step: 9179 fps step and policy inference: 8789 fps total: 8481 epoch: 1233/5000
fps step: 9285 fps step and policy inference: 8948 fps total: 8639 epoch: 1234/5000
fps step: 9121 fps step and policy inference: 8759 fps total: 8462 epoch: 1235/5000
fps step: 9238 fps step and policy inference: 8885 fps total: 8575 epoch: 1236/5000
fps step: 9377 fps step and policy inference: 9046 fps total: 8808 epoch: 1237/5000
fps step: 9525 fps step and policy inference: 9151 fps total: 8870 epoch: 1238/5000
fps step: 9546 fps step and policy inference: 9188 fps total: 8937 epoch: 1239/5000
fps step: 9560 fps step and policy inference: 9188 fps total: 8943 epoch: 1240/5000
fps step: 9571 fps step and policy inference: 9198 fps total: 8940 epoch: 1241/5000
fps step: 9611 fps step and policy inference: 9241 fps total: 8967 epoch: 1242/5000
fps step: 9553 fps step and policy inference: 9200 fps total: 8957 epoch: 1243/5000
fps step: 9608 fps step and policy inference: 9241 fps total: 8953 epoch: 1244/5000
fps step: 9598 fps step and policy inference: 9239 fps total: 8977 epoch: 1245/5000
fps step: 9699 fps step and policy inference: 9340 fps total: 9064 epoch: 1246/5000
fps step: 9574 fps step and policy inference: 9213 fps total: 8957 epoch: 1247/5000
fps step: 6418 fps step and policy inference: 6250 fps total: 6127 epoch: 1248/5000
fps step: 9580 fps step and policy inference: 9223 fps total: 8968 epoch: 1249/5000
fps step: 9371 fps step and policy inference: 9020 fps total: 8770 epoch: 1250/5000
fps step: 9453 fps step and policy inference: 9065 fps total: 8831 epoch: 1251/5000
fps step: 9549 fps step and policy inference: 9203 fps total: 8937 epoch: 1252/5000
fps step: 9641 fps step and policy inference: 9281 fps total: 9024 epoch: 1253/5000
fps step: 9430 fps step and policy inference: 9059 fps total: 8761 epoch: 1254/5000
fps step: 9376 fps step and policy inference: 8971 fps total: 8665 epoch: 1255/5000
fps step: 9532 fps step and policy inference: 9165 fps total: 8873 epoch: 1256/5000
fps step: 9473 fps step and policy inference: 9106 fps total: 8866 epoch: 1257/5000
fps step: 9406 fps step and policy inference: 9034 fps total: 8813 epoch: 1258/5000
fps step: 9303 fps step and policy inference: 8935 fps total: 8690 epoch: 1259/5000
fps step: 9329 fps step and policy inference: 8962 fps total: 8666 epoch: 1260/5000
fps step: 9250 fps step and policy inference: 8888 fps total: 8666 epoch: 1261/5000
fps step: 9321 fps step and policy inference: 8950 fps total: 8690 epoch: 1262/5000
fps step: 9235 fps step and policy inference: 8860 fps total: 8629 epoch: 1263/5000
fps step: 9374 fps step and policy inference: 9021 fps total: 8779 epoch: 1264/5000
fps step: 6427 fps step and policy inference: 6253 fps total: 6129 epoch: 1265/5000
fps step: 9365 fps step and policy inference: 8966 fps total: 8747 epoch: 1266/5000
fps step: 9395 fps step and policy inference: 9025 fps total: 8796 epoch: 1267/5000
fps step: 9368 fps step and policy inference: 9016 fps total: 8754 epoch: 1268/5000
fps step: 9311 fps step and policy inference: 8941 fps total: 8675 epoch: 1269/5000
fps step: 9309 fps step and policy inference: 8945 fps total: 8736 epoch: 1270/5000
fps step: 9435 fps step and policy inference: 9079 fps total: 8814 epoch: 1271/5000
fps step: 9487 fps step and policy inference: 9098 fps total: 8841 epoch: 1272/5000
fps step: 9473 fps step and policy inference: 9070 fps total: 8856 epoch: 1273/5000
fps step: 9465 fps step and policy inference: 9098 fps total: 8879 epoch: 1274/5000
fps step: 9323 fps step and policy inference: 8901 fps total: 8663 epoch: 1275/5000
fps step: 9456 fps step and policy inference: 9075 fps total: 8847 epoch: 1276/5000
fps step: 9303 fps step and policy inference: 8905 fps total: 8634 epoch: 1277/5000
fps step: 9421 fps step and policy inference: 9047 fps total: 8819 epoch: 1278/5000
fps step: 9464 fps step and policy inference: 9086 fps total: 8847 epoch: 1279/5000
fps step: 9339 fps step and policy inference: 8943 fps total: 8723 epoch: 1280/5000
fps step: 9513 fps step and policy inference: 9140 fps total: 8932 epoch: 1281/5000
fps step: 9368 fps step and policy inference: 8999 fps total: 6213 epoch: 1282/5000
fps step: 9152 fps step and policy inference: 8765 fps total: 8511 epoch: 1283/5000
fps step: 9287 fps step and policy inference: 8893 fps total: 8648 epoch: 1284/5000
fps step: 9166 fps step and policy inference: 8777 fps total: 8514 epoch: 1285/5000
fps step: 8947 fps step and policy inference: 8604 fps total: 8358 epoch: 1286/5000
fps step: 8929 fps step and policy inference: 8555 fps total: 8335 epoch: 1287/5000
fps step: 8982 fps step and policy inference: 8615 fps total: 8360 epoch: 1288/5000
fps step: 9322 fps step and policy inference: 8932 fps total: 8652 epoch: 1289/5000
fps step: 9275 fps step and policy inference: 8852 fps total: 8605 epoch: 1290/5000
fps step: 9520 fps step and policy inference: 9145 fps total: 8919 epoch: 1291/5000
fps step: 9410 fps step and policy inference: 9014 fps total: 8761 epoch: 1292/5000
fps step: 9299 fps step and policy inference: 8908 fps total: 8695 epoch: 1293/5000
fps step: 9520 fps step and policy inference: 9148 fps total: 8856 epoch: 1294/5000
fps step: 9246 fps step and policy inference: 8870 fps total: 8662 epoch: 1295/5000
fps step: 9393 fps step and policy inference: 9006 fps total: 8754 epoch: 1296/5000
fps step: 9481 fps step and policy inference: 9098 fps total: 8849 epoch: 1297/5000
fps step: 9356 fps step and policy inference: 8961 fps total: 8692 epoch: 1298/5000
fps step: 6042 fps step and policy inference: 5887 fps total: 5791 epoch: 1299/5000
fps step: 9533 fps step and policy inference: 9153 fps total: 8870 epoch: 1300/5000
fps step: 9563 fps step and policy inference: 9161 fps total: 8852 epoch: 1301/5000
fps step: 9330 fps step and policy inference: 8931 fps total: 8687 epoch: 1302/5000
fps step: 9468 fps step and policy inference: 9103 fps total: 8852 epoch: 1303/5000
fps step: 9524 fps step and policy inference: 9162 fps total: 8954 epoch: 1304/5000
fps step: 9427 fps step and policy inference: 9054 fps total: 8800 epoch: 1305/5000
fps step: 9397 fps step and policy inference: 9010 fps total: 8766 epoch: 1306/5000
fps step: 8940 fps step and policy inference: 8572 fps total: 8381 epoch: 1307/5000
fps step: 9055 fps step and policy inference: 8680 fps total: 8473 epoch: 1308/5000
fps step: 8871 fps step and policy inference: 8514 fps total: 8263 epoch: 1309/5000
fps step: 9031 fps step and policy inference: 8652 fps total: 8401 epoch: 1310/5000
fps step: 9256 fps step and policy inference: 8870 fps total: 8608 epoch: 1311/5000
fps step: 9346 fps step and policy inference: 8969 fps total: 8747 epoch: 1312/5000
fps step: 9394 fps step and policy inference: 9014 fps total: 8756 epoch: 1313/5000
fps step: 9194 fps step and policy inference: 8822 fps total: 8552 epoch: 1314/5000
fps step: 9089 fps step and policy inference: 8710 fps total: 8455 epoch: 1315/5000
fps step: 9283 fps step and policy inference: 8927 fps total: 6112 epoch: 1316/5000
fps step: 9276 fps step and policy inference: 8874 fps total: 8610 epoch: 1317/5000
fps step: 9217 fps step and policy inference: 8848 fps total: 8606 epoch: 1318/5000
fps step: 8862 fps step and policy inference: 8468 fps total: 8207 epoch: 1319/5000
fps step: 8906 fps step and policy inference: 8553 fps total: 8353 epoch: 1320/5000
fps step: 9051 fps step and policy inference: 8685 fps total: 8439 epoch: 1321/5000
fps step: 9341 fps step and policy inference: 8948 fps total: 8688 epoch: 1322/5000
fps step: 9485 fps step and policy inference: 9109 fps total: 8801 epoch: 1323/5000
fps step: 9436 fps step and policy inference: 9063 fps total: 8777 epoch: 1324/5000
fps step: 9149 fps step and policy inference: 8783 fps total: 8509 epoch: 1325/5000
fps step: 9348 fps step and policy inference: 8967 fps total: 8689 epoch: 1326/5000
fps step: 9282 fps step and policy inference: 8897 fps total: 8620 epoch: 1327/5000
fps step: 9495 fps step and policy inference: 9124 fps total: 8829 epoch: 1328/5000
fps step: 9195 fps step and policy inference: 8809 fps total: 8537 epoch: 1329/5000
fps step: 9115 fps step and policy inference: 8732 fps total: 8449 epoch: 1330/5000
fps step: 9183 fps step and policy inference: 8827 fps total: 8529 epoch: 1331/5000
fps step: 9314 fps step and policy inference: 8947 fps total: 8646 epoch: 1332/5000
fps step: 9112 fps step and policy inference: 8730 fps total: 5903 epoch: 1333/5000
fps step: 9184 fps step and policy inference: 8810 fps total: 8524 epoch: 1334/5000
fps step: 9147 fps step and policy inference: 8740 fps total: 8485 epoch: 1335/5000
fps step: 9401 fps step and policy inference: 9042 fps total: 8739 epoch: 1336/5000
fps step: 9369 fps step and policy inference: 8973 fps total: 8655 epoch: 1337/5000
fps step: 9366 fps step and policy inference: 8989 fps total: 8758 epoch: 1338/5000
fps step: 9500 fps step and policy inference: 9124 fps total: 8886 epoch: 1339/5000
fps step: 9626 fps step and policy inference: 9246 fps total: 9003 epoch: 1340/5000
fps step: 9595 fps step and policy inference: 9238 fps total: 9015 epoch: 1341/5000
fps step: 9505 fps step and policy inference: 9131 fps total: 8910 epoch: 1342/5000
fps step: 9494 fps step and policy inference: 9123 fps total: 8851 epoch: 1343/5000
fps step: 9435 fps step and policy inference: 9067 fps total: 8831 epoch: 1344/5000
fps step: 9500 fps step and policy inference: 9139 fps total: 8900 epoch: 1345/5000
fps step: 9364 fps step and policy inference: 8958 fps total: 8736 epoch: 1346/5000
fps step: 9532 fps step and policy inference: 9177 fps total: 8877 epoch: 1347/5000
fps step: 9496 fps step and policy inference: 9128 fps total: 8889 epoch: 1348/5000
fps step: 9397 fps step and policy inference: 9006 fps total: 8783 epoch: 1349/5000
fps step: 9491 fps step and policy inference: 9126 fps total: 8896 epoch: 1350/5000
fps step: 6245 fps step and policy inference: 6065 fps total: 5942 epoch: 1351/5000
fps step: 9282 fps step and policy inference: 8881 fps total: 8673 epoch: 1352/5000
fps step: 9404 fps step and policy inference: 9043 fps total: 8801 epoch: 1353/5000
fps step: 9506 fps step and policy inference: 9142 fps total: 8898 epoch: 1354/5000
fps step: 9530 fps step and policy inference: 9154 fps total: 8867 epoch: 1355/5000
fps step: 9308 fps step and policy inference: 8938 fps total: 8728 epoch: 1356/5000
fps step: 9161 fps step and policy inference: 8790 fps total: 8519 epoch: 1357/5000
fps step: 8994 fps step and policy inference: 8634 fps total: 8427 epoch: 1358/5000
fps step: 9296 fps step and policy inference: 8926 fps total: 8673 epoch: 1359/5000
fps step: 9330 fps step and policy inference: 8940 fps total: 8713 epoch: 1360/5000
fps step: 9428 fps step and policy inference: 9048 fps total: 8809 epoch: 1361/5000
fps step: 9155 fps step and policy inference: 8788 fps total: 8492 epoch: 1362/5000
fps step: 9403 fps step and policy inference: 9029 fps total: 8773 epoch: 1363/5000
fps step: 9690 fps step and policy inference: 9302 fps total: 9052 epoch: 1364/5000
fps step: 9415 fps step and policy inference: 9013 fps total: 8693 epoch: 1365/5000
fps step: 9237 fps step and policy inference: 8841 fps total: 8544 epoch: 1366/5000
fps step: 9134 fps step and policy inference: 8718 fps total: 8425 epoch: 1367/5000
fps step: 6217 fps step and policy inference: 6036 fps total: 5909 epoch: 1368/5000
fps step: 9342 fps step and policy inference: 8954 fps total: 8734 epoch: 1369/5000
fps step: 9223 fps step and policy inference: 8829 fps total: 8629 epoch: 1370/5000
fps step: 9422 fps step and policy inference: 9051 fps total: 8838 epoch: 1371/5000
fps step: 9410 fps step and policy inference: 9046 fps total: 8821 epoch: 1372/5000
fps step: 9334 fps step and policy inference: 8971 fps total: 8756 epoch: 1373/5000
fps step: 9336 fps step and policy inference: 8973 fps total: 8723 epoch: 1374/5000
fps step: 9239 fps step and policy inference: 8857 fps total: 8611 epoch: 1375/5000
fps step: 9251 fps step and policy inference: 8873 fps total: 8668 epoch: 1376/5000
fps step: 9340 fps step and policy inference: 8961 fps total: 8734 epoch: 1377/5000
fps step: 9436 fps step and policy inference: 9027 fps total: 8797 epoch: 1378/5000
fps step: 9345 fps step and policy inference: 8978 fps total: 8756 epoch: 1379/5000
fps step: 9459 fps step and policy inference: 9081 fps total: 8826 epoch: 1380/5000
fps step: 9269 fps step and policy inference: 8879 fps total: 8608 epoch: 1381/5000
fps step: 9286 fps step and policy inference: 8905 fps total: 8667 epoch: 1382/5000
fps step: 9328 fps step and policy inference: 8943 fps total: 8680 epoch: 1383/5000
fps step: 9256 fps step and policy inference: 8878 fps total: 8621 epoch: 1384/5000
fps step: 6053 fps step and policy inference: 5883 fps total: 5765 epoch: 1385/5000
fps step: 9205 fps step and policy inference: 8814 fps total: 8484 epoch: 1386/5000
fps step: 9384 fps step and policy inference: 9012 fps total: 8733 epoch: 1387/5000
fps step: 9360 fps step and policy inference: 8986 fps total: 8706 epoch: 1388/5000
fps step: 9362 fps step and policy inference: 8987 fps total: 8698 epoch: 1389/5000
fps step: 9383 fps step and policy inference: 9001 fps total: 8718 epoch: 1390/5000
fps step: 9499 fps step and policy inference: 9143 fps total: 8849 epoch: 1391/5000
fps step: 9404 fps step and policy inference: 9045 fps total: 8763 epoch: 1392/5000
fps step: 9212 fps step and policy inference: 8855 fps total: 8567 epoch: 1393/5000
fps step: 9482 fps step and policy inference: 9102 fps total: 8804 epoch: 1394/5000
fps step: 9357 fps step and policy inference: 8982 fps total: 8686 epoch: 1395/5000
fps step: 9428 fps step and policy inference: 9064 fps total: 8770 epoch: 1396/5000
fps step: 9317 fps step and policy inference: 8895 fps total: 8607 epoch: 1397/5000
fps step: 9280 fps step and policy inference: 8914 fps total: 8635 epoch: 1398/5000
fps step: 9321 fps step and policy inference: 8954 fps total: 8674 epoch: 1399/5000
fps step: 9148 fps step and policy inference: 8745 fps total: 8487 epoch: 1400/5000
=> saving checkpoint 'runs/specialist_cuboid_train_2026-07-08_13-01-28/nn/last_specialist_cuboid_train_ep_1400_rew_-103.38265.pth'
fps step: 9369 fps step and policy inference: 8993 fps total: 8683 epoch: 1401/5000
fps step: 6357 fps step and policy inference: 6188 fps total: 6050 epoch: 1402/5000
fps step: 9321 fps step and policy inference: 8942 fps total: 8657 epoch: 1403/5000
fps step: 9180 fps step and policy inference: 8774 fps total: 8515 epoch: 1404/5000
fps step: 9216 fps step and policy inference: 8832 fps total: 8547 epoch: 1405/5000
fps step: 9098 fps step and policy inference: 8708 fps total: 8433 epoch: 1406/5000
fps step: 9284 fps step and policy inference: 8885 fps total: 8590 epoch: 1407/5000
fps step: 9051 fps step and policy inference: 8686 fps total: 8455 epoch: 1408/5000
fps step: 9013 fps step and policy inference: 8660 fps total: 8449 epoch: 1409/5000
fps step: 8730 fps step and policy inference: 8374 fps total: 8145 epoch: 1410/5000
fps step: 8974 fps step and policy inference: 8649 fps total: 8387 epoch: 1411/5000
fps step: 9382 fps step and policy inference: 9043 fps total: 8741 epoch: 1412/5000
fps step: 9105 fps step and policy inference: 8753 fps total: 8461 epoch: 1413/5000
fps step: 9283 fps step and policy inference: 8941 fps total: 8641 epoch: 1414/5000
fps step: 9447 fps step and policy inference: 9098 fps total: 8816 epoch: 1415/5000
fps step: 9043 fps step and policy inference: 8698 fps total: 8412 epoch: 1416/5000
fps step: 9133 fps step and policy inference: 8750 fps total: 8458 epoch: 1417/5000
fps step: 9107 fps step and policy inference: 8740 fps total: 8460 epoch: 1418/5000
fps step: 6208 fps step and policy inference: 6053 fps total: 5962 epoch: 1419/5000
fps step: 9101 fps step and policy inference: 8717 fps total: 8508 epoch: 1420/5000
fps step: 9362 fps step and policy inference: 9018 fps total: 8813 epoch: 1421/5000
fps step: 9159 fps step and policy inference: 8813 fps total: 8617 epoch: 1422/5000
fps step: 9196 fps step and policy inference: 8843 fps total: 8575 epoch: 1423/5000
fps step: 9563 fps step and policy inference: 9215 fps total: 8922 epoch: 1424/5000
fps step: 9515 fps step and policy inference: 9113 fps total: 8840 epoch: 1425/5000
fps step: 9477 fps step and policy inference: 9111 fps total: 8841 epoch: 1426/5000
fps step: 9352 fps step and policy inference: 8978 fps total: 8688 epoch: 1427/5000
fps step: 9287 fps step and policy inference: 8897 fps total: 8598 epoch: 1428/5000
fps step: 9323 fps step and policy inference: 8954 fps total: 8655 epoch: 1429/5000
fps step: 9240 fps step and policy inference: 8879 fps total: 8614 epoch: 1430/5000
fps step: 9248 fps step and policy inference: 8871 fps total: 8567 epoch: 1431/5000
fps step: 9027 fps step and policy inference: 8634 fps total: 8368 epoch: 1432/5000
fps step: 8925 fps step and policy inference: 8601 fps total: 8345 epoch: 1433/5000
fps step: 9242 fps step and policy inference: 8905 fps total: 8610 epoch: 1434/5000
fps step: 9514 fps step and policy inference: 9166 fps total: 8928 epoch: 1435/5000
fps step: 6176 fps step and policy inference: 6024 fps total: 5890 epoch: 1436/5000
fps step: 9269 fps step and policy inference: 8933 fps total: 8654 epoch: 1437/5000
fps step: 9213 fps step and policy inference: 8831 fps total: 8561 epoch: 1438/5000
fps step: 9074 fps step and policy inference: 8689 fps total: 8443 epoch: 1439/5000
fps step: 9326 fps step and policy inference: 8950 fps total: 8745 epoch: 1440/5000
fps step: 9362 fps step and policy inference: 8988 fps total: 8731 epoch: 1441/5000
fps step: 9457 fps step and policy inference: 9087 fps total: 8853 epoch: 1442/5000
fps step: 9267 fps step and policy inference: 8875 fps total: 8617 epoch: 1443/5000
fps step: 9453 fps step and policy inference: 9054 fps total: 8826 epoch: 1444/5000
fps step: 9339 fps step and policy inference: 8961 fps total: 8650 epoch: 1445/5000
fps step: 9481 fps step and policy inference: 9102 fps total: 8887 epoch: 1446/5000
fps step: 9489 fps step and policy inference: 9120 fps total: 8893 epoch: 1447/5000
fps step: 9287 fps step and policy inference: 8897 fps total: 8675 epoch: 1448/5000
fps step: 9251 fps step and policy inference: 8872 fps total: 8653 epoch: 1449/5000
fps step: 9250 fps step and policy inference: 8874 fps total: 8663 epoch: 1450/5000
fps step: 9359 fps step and policy inference: 8983 fps total: 8754 epoch: 1451/5000
fps step: 9315 fps step and policy inference: 8955 fps total: 8745 epoch: 1452/5000
fps step: 6040 fps step and policy inference: 5872 fps total: 5759 epoch: 1453/5000
fps step: 9087 fps step and policy inference: 8725 fps total: 8481 epoch: 1454/5000
fps step: 9164 fps step and policy inference: 8794 fps total: 8552 epoch: 1455/5000
fps step: 9401 fps step and policy inference: 9014 fps total: 8800 epoch: 1456/5000
fps step: 9445 fps step and policy inference: 9033 fps total: 8806 epoch: 1457/5000
fps step: 9408 fps step and policy inference: 9028 fps total: 8766 epoch: 1458/5000
fps step: 9203 fps step and policy inference: 8815 fps total: 8569 epoch: 1459/5000
fps step: 9371 fps step and policy inference: 8988 fps total: 8779 epoch: 1460/5000
fps step: 9407 fps step and policy inference: 9021 fps total: 8803 epoch: 1461/5000
fps step: 9269 fps step and policy inference: 8888 fps total: 8641 epoch: 1462/5000
fps step: 9284 fps step and policy inference: 8884 fps total: 8659 epoch: 1463/5000
fps step: 9304 fps step and policy inference: 8918 fps total: 8705 epoch: 1464/5000
fps step: 8968 fps step and policy inference: 8607 fps total: 8393 epoch: 1465/5000
fps step: 9165 fps step and policy inference: 8805 fps total: 8562 epoch: 1466/5000
fps step: 9303 fps step and policy inference: 8936 fps total: 8665 epoch: 1467/5000
fps step: 9157 fps step and policy inference: 8783 fps total: 8538 epoch: 1468/5000
fps step: 9228 fps step and policy inference: 8859 fps total: 8601 epoch: 1469/5000
fps step: 9410 fps step and policy inference: 9043 fps total: 8785 epoch: 1470/5000
fps step: 9212 fps step and policy inference: 8837 fps total: 8569 epoch: 1471/5000
fps step: 9192 fps step and policy inference: 8830 fps total: 8579 epoch: 1472/5000
fps step: 9130 fps step and policy inference: 8767 fps total: 8503 epoch: 1473/5000
fps step: 9084 fps step and policy inference: 8697 fps total: 8418 epoch: 1474/5000
fps step: 9199 fps step and policy inference: 8807 fps total: 8541 epoch: 1475/5000
fps step: 9432 fps step and policy inference: 9056 fps total: 8766 epoch: 1476/5000
fps step: 9325 fps step and policy inference: 8957 fps total: 8693 epoch: 1477/5000
fps step: 9313 fps step and policy inference: 8913 fps total: 8628 epoch: 1478/5000
fps step: 9491 fps step and policy inference: 9139 fps total: 8895 epoch: 1479/5000
fps step: 9635 fps step and policy inference: 9263 fps total: 8995 epoch: 1480/5000
fps step: 9417 fps step and policy inference: 9051 fps total: 8818 epoch: 1481/5000
fps step: 9526 fps step and policy inference: 9179 fps total: 8958 epoch: 1482/5000
fps step: 9452 fps step and policy inference: 9102 fps total: 8862 epoch: 1483/5000
fps step: 9539 fps step and policy inference: 9162 fps total: 8854 epoch: 1484/5000
fps step: 9379 fps step and policy inference: 8979 fps total: 8695 epoch: 1485/5000
fps step: 9186 fps step and policy inference: 8827 fps total: 8559 epoch: 1486/5000
fps step: 8796 fps step and policy inference: 8419 fps total: 8168 epoch: 1487/5000
fps step: 5985 fps step and policy inference: 5822 fps total: 5720 epoch: 1488/5000
fps step: 9316 fps step and policy inference: 8945 fps total: 8655 epoch: 1489/5000
fps step: 9391 fps step and policy inference: 9024 fps total: 8769 epoch: 1490/5000
fps step: 9413 fps step and policy inference: 9060 fps total: 8851 epoch: 1491/5000
fps step: 9564 fps step and policy inference: 9183 fps total: 8909 epoch: 1492/5000
fps step: 9318 fps step and policy inference: 8944 fps total: 8741 epoch: 1493/5000
fps step: 9377 fps step and policy inference: 9004 fps total: 8796 epoch: 1494/5000
fps step: 8965 fps step and policy inference: 8620 fps total: 8386 epoch: 1495/5000
fps step: 8753 fps step and policy inference: 8380 fps total: 8166 epoch: 1496/5000
fps step: 8864 fps step and policy inference: 8530 fps total: 8291 epoch: 1497/5000
fps step: 8927 fps step and policy inference: 8542 fps total: 8350 epoch: 1498/5000
fps step: 9185 fps step and policy inference: 8824 fps total: 8598 epoch: 1499/5000
fps step: 9300 fps step and policy inference: 8906 fps total: 8691 epoch: 1500/5000
fps step: 9334 fps step and policy inference: 8967 fps total: 8735 epoch: 1501/5000
fps step: 9232 fps step and policy inference: 8890 fps total: 8605 epoch: 1502/5000
fps step: 9271 fps step and policy inference: 8902 fps total: 8621 epoch: 1503/5000
fps step: 9218 fps step and policy inference: 8866 fps total: 8604 epoch: 1504/5000
fps step: 5879 fps step and policy inference: 5720 fps total: 5596 epoch: 1505/5000
fps step: 8891 fps step and policy inference: 8540 fps total: 8331 epoch: 1506/5000
fps step: 9168 fps step and policy inference: 8823 fps total: 8604 epoch: 1507/5000
fps step: 8926 fps step and policy inference: 8572 fps total: 8294 epoch: 1508/5000
fps step: 9223 fps step and policy inference: 8832 fps total: 8602 epoch: 1509/5000
fps step: 9373 fps step and policy inference: 8991 fps total: 8734 epoch: 1510/5000
fps step: 9425 fps step and policy inference: 9066 fps total: 8799 epoch: 1511/5000
fps step: 9528 fps step and policy inference: 9172 fps total: 8905 epoch: 1512/5000
fps step: 9627 fps step and policy inference: 9236 fps total: 8999 epoch: 1513/5000
fps step: 9496 fps step and policy inference: 9113 fps total: 8881 epoch: 1514/5000
fps step: 9384 fps step and policy inference: 9006 fps total: 8790 epoch: 1515/5000
fps step: 9504 fps step and policy inference: 9137 fps total: 8897 epoch: 1516/5000
fps step: 9298 fps step and policy inference: 8942 fps total: 8724 epoch: 1517/5000
fps step: 9349 fps step and policy inference: 9001 fps total: 8763 epoch: 1518/5000
fps step: 9199 fps step and policy inference: 8839 fps total: 8602 epoch: 1519/5000
fps step: 9079 fps step and policy inference: 8690 fps total: 8472 epoch: 1520/5000
fps step: 9127 fps step and policy inference: 8792 fps total: 8568 epoch: 1521/5000
fps step: 5834 fps step and policy inference: 5687 fps total: 5586 epoch: 1522/5000
fps step: 9023 fps step and policy inference: 8686 fps total: 8468 epoch: 1523/5000
fps step: 8700 fps step and policy inference: 8344 fps total: 8082 epoch: 1524/5000
fps step: 8789 fps step and policy inference: 8436 fps total: 8215 epoch: 1525/5000
fps step: 9325 fps step and policy inference: 8973 fps total: 8759 epoch: 1526/5000
fps step: 9284 fps step and policy inference: 8927 fps total: 8707 epoch: 1527/5000
fps step: 9071 fps step and policy inference: 8676 fps total: 8443 epoch: 1528/5000
fps step: 9364 fps step and policy inference: 8977 fps total: 8729 epoch: 1529/5000
fps step: 9422 fps step and policy inference: 9065 fps total: 8829 epoch: 1530/5000
fps step: 9494 fps step and policy inference: 9118 fps total: 8855 epoch: 1531/5000
fps step: 9311 fps step and policy inference: 8903 fps total: 8687 epoch: 1532/5000
fps step: 9128 fps step and policy inference: 8725 fps total: 8502 epoch: 1533/5000
fps step: 9139 fps step and policy inference: 8752 fps total: 8501 epoch: 1534/5000
fps step: 9123 fps step and policy inference: 8764 fps total: 8479 epoch: 1535/5000
fps step: 9039 fps step and policy inference: 8634 fps total: 8365 epoch: 1536/5000
fps step: 8984 fps step and policy inference: 8602 fps total: 8328 epoch: 1537/5000
fps step: 8990 fps step and policy inference: 8640 fps total: 8365 epoch: 1538/5000
fps step: 5728 fps step and policy inference: 5565 fps total: 5433 epoch: 1539/5000
fps step: 8940 fps step and policy inference: 8577 fps total: 8319 epoch: 1540/5000
fps step: 8924 fps step and policy inference: 8567 fps total: 8296 epoch: 1541/5000
fps step: 9220 fps step and policy inference: 8862 fps total: 8590 epoch: 1542/5000
fps step: 9231 fps step and policy inference: 8863 fps total: 8576 epoch: 1543/5000
fps step: 9313 fps step and policy inference: 8929 fps total: 8675 epoch: 1544/5000
fps step: 9085 fps step and policy inference: 8691 fps total: 8423 epoch: 1545/5000
fps step: 9753 fps step and policy inference: 9376 fps total: 9087 epoch: 1546/5000
fps step: 9823 fps step and policy inference: 9406 fps total: 9119 epoch: 1547/5000
fps step: 9754 fps step and policy inference: 9373 fps total: 9065 epoch: 1548/5000
fps step: 9227 fps step and policy inference: 8854 fps total: 8562 epoch: 1549/5000
fps step: 9275 fps step and policy inference: 8916 fps total: 8634 epoch: 1550/5000
fps step: 9174 fps step and policy inference: 8804 fps total: 8532 epoch: 1551/5000
fps step: 9315 fps step and policy inference: 8952 fps total: 8691 epoch: 1552/5000
fps step: 9228 fps step and policy inference: 8889 fps total: 8608 epoch: 1553/5000
fps step: 9111 fps step and policy inference: 8746 fps total: 8479 epoch: 1554/5000
fps step: 8988 fps step and policy inference: 8636 fps total: 8373 epoch: 1555/5000
fps step: 9123 fps step and policy inference: 5800 fps total: 5673 epoch: 1556/5000
fps step: 9008 fps step and policy inference: 8640 fps total: 8357 epoch: 1557/5000
fps step: 9208 fps step and policy inference: 8859 fps total: 8587 epoch: 1558/5000
fps step: 9209 fps step and policy inference: 8872 fps total: 8631 epoch: 1559/5000
fps step: 9138 fps step and policy inference: 8786 fps total: 8544 epoch: 1560/5000
fps step: 9143 fps step and policy inference: 8784 fps total: 8511 epoch: 1561/5000
fps step: 9000 fps step and policy inference: 8631 fps total: 8354 epoch: 1562/5000
fps step: 9489 fps step and policy inference: 9154 fps total: 8828 epoch: 1563/5000
fps step: 9447 fps step and policy inference: 9074 fps total: 8838 epoch: 1564/5000
fps step: 9507 fps step and policy inference: 9137 fps total: 8863 epoch: 1565/5000
fps step: 9078 fps step and policy inference: 8721 fps total: 8435 epoch: 1566/5000
fps step: 9127 fps step and policy inference: 8766 fps total: 8503 epoch: 1567/5000
fps step: 9156 fps step and policy inference: 8804 fps total: 8515 epoch: 1568/5000
fps step: 8864 fps step and policy inference: 8501 fps total: 8242 epoch: 1569/5000
fps step: 9097 fps step and policy inference: 8759 fps total: 8487 epoch: 1570/5000
fps step: 9048 fps step and policy inference: 8680 fps total: 8384 epoch: 1571/5000
fps step: 5891 fps step and policy inference: 5716 fps total: 5589 epoch: 1572/5000
fps step: 8981 fps step and policy inference: 8620 fps total: 8334 epoch: 1573/5000
fps step: 8839 fps step and policy inference: 8469 fps total: 8197 epoch: 1574/5000
fps step: 8877 fps step and policy inference: 8513 fps total: 8257 epoch: 1575/5000
fps step: 8948 fps step and policy inference: 8561 fps total: 8277 epoch: 1576/5000
fps step: 8991 fps step and policy inference: 8614 fps total: 8337 epoch: 1577/5000
fps step: 9118 fps step and policy inference: 8737 fps total: 8456 epoch: 1578/5000
fps step: 9042 fps step and policy inference: 8656 fps total: 8380 epoch: 1579/5000
fps step: 9189 fps step and policy inference: 8827 fps total: 8557 epoch: 1580/5000
fps step: 9149 fps step and policy inference: 8778 fps total: 8496 epoch: 1581/5000
fps step: 9081 fps step and policy inference: 8714 fps total: 8451 epoch: 1582/5000
fps step: 9151 fps step and policy inference: 8794 fps total: 8511 epoch: 1583/5000
fps step: 9010 fps step and policy inference: 8632 fps total: 8379 epoch: 1584/5000
fps step: 9193 fps step and policy inference: 8833 fps total: 8583 epoch: 1585/5000
fps step: 9044 fps step and policy inference: 8690 fps total: 8486 epoch: 1586/5000
fps step: 9158 fps step and policy inference: 8817 fps total: 8588 epoch: 1587/5000
fps step: 9130 fps step and policy inference: 8728 fps total: 8505 epoch: 1588/5000
fps step: 6294 fps step and policy inference: 6122 fps total: 6020 epoch: 1589/5000
fps step: 9095 fps step and policy inference: 8709 fps total: 8501 epoch: 1590/5000
fps step: 9185 fps step and policy inference: 8813 fps total: 8586 epoch: 1591/5000
fps step: 9139 fps step and policy inference: 8763 fps total: 8526 epoch: 1592/5000
fps step: 8949 fps step and policy inference: 8578 fps total: 8360 epoch: 1593/5000
fps step: 9104 fps step and policy inference: 8734 fps total: 8523 epoch: 1594/5000
fps step: 8924 fps step and policy inference: 8583 fps total: 8359 epoch: 1595/5000
fps step: 8771 fps step and policy inference: 8433 fps total: 8203 epoch: 1596/5000
fps step: 8878 fps step and policy inference: 8527 fps total: 8248 epoch: 1597/5000
fps step: 9176 fps step and policy inference: 8823 fps total: 8546 epoch: 1598/5000
fps step: 9056 fps step and policy inference: 8701 fps total: 8426 epoch: 1599/5000
fps step: 9039 fps step and policy inference: 8666 fps total: 8390 epoch: 1600/5000
=> saving checkpoint 'runs/specialist_cuboid_train_2026-07-08_13-01-28/nn/last_specialist_cuboid_train_ep_1600_rew_-153.77252.pth'
fps step: 9131 fps step and policy inference: 8762 fps total: 8464 epoch: 1601/5000
fps step: 9060 fps step and policy inference: 8686 fps total: 8391 epoch: 1602/5000
fps step: 8869 fps step and policy inference: 8493 fps total: 8242 epoch: 1603/5000
fps step: 8996 fps step and policy inference: 8650 fps total: 8456 epoch: 1604/5000
fps step: 8920 fps step and policy inference: 8582 fps total: 8399 epoch: 1605/5000
fps step: 6071 fps step and policy inference: 5910 fps total: 5777 epoch: 1606/5000
fps step: 9231 fps step and policy inference: 8848 fps total: 8582 epoch: 1607/5000
fps step: 9139 fps step and policy inference: 8741 fps total: 8463 epoch: 1608/5000
fps step: 9137 fps step and policy inference: 8763 fps total: 8497 epoch: 1609/5000
fps step: 9115 fps step and policy inference: 8707 fps total: 8457 epoch: 1610/5000
fps step: 9092 fps step and policy inference: 8711 fps total: 8451 epoch: 1611/5000
fps step: 9126 fps step and policy inference: 8757 fps total: 8492 epoch: 1612/5000
fps step: 9236 fps step and policy inference: 8856 fps total: 8590 epoch: 1613/5000
fps step: 9209 fps step and policy inference: 8830 fps total: 8626 epoch: 1614/5000
fps step: 9164 fps step and policy inference: 8807 fps total: 8549 epoch: 1615/5000
fps step: 9093 fps step and policy inference: 8736 fps total: 8480 epoch: 1616/5000
fps step: 9309 fps step and policy inference: 8949 fps total: 8677 epoch: 1617/5000
fps step: 9221 fps step and policy inference: 8851 fps total: 8574 epoch: 1618/5000
fps step: 9184 fps step and policy inference: 8811 fps total: 8601 epoch: 1619/5000
fps step: 9361 fps step and policy inference: 9007 fps total: 8794 epoch: 1620/5000
fps step: 9362 fps step and policy inference: 9025 fps total: 8813 epoch: 1621/5000
fps step: 9122 fps step and policy inference: 8746 fps total: 8539 epoch: 1622/5000
fps step: 5919 fps step and policy inference: 5764 fps total: 5636 epoch: 1623/5000
fps step: 8731 fps step and policy inference: 8376 fps total: 8174 epoch: 1624/5000
fps step: 8929 fps step and policy inference: 8616 fps total: 8420 epoch: 1625/5000
fps step: 9089 fps step and policy inference: 8712 fps total: 8440 epoch: 1626/5000
fps step: 9361 fps step and policy inference: 9004 fps total: 8799 epoch: 1627/5000
fps step: 9102 fps step and policy inference: 8760 fps total: 8507 epoch: 1628/5000
fps step: 9106 fps step and policy inference: 8735 fps total: 8542 epoch: 1629/5000
fps step: 9234 fps step and policy inference: 8855 fps total: 8659 epoch: 1630/5000
fps step: 9301 fps step and policy inference: 8934 fps total: 8711 epoch: 1631/5000
fps step: 9224 fps step and policy inference: 8857 fps total: 8655 epoch: 1632/5000
fps step: 8885 fps step and policy inference: 8535 fps total: 8309 epoch: 1633/5000
fps step: 9107 fps step and policy inference: 8721 fps total: 8453 epoch: 1634/5000
fps step: 9187 fps step and policy inference: 8807 fps total: 8527 epoch: 1635/5000
fps step: 8973 fps step and policy inference: 8562 fps total: 8297 epoch: 1636/5000
fps step: 8961 fps step and policy inference: 8581 fps total: 8362 epoch: 1637/5000
fps step: 8718 fps step and policy inference: 8392 fps total: 8176 epoch: 1638/5000
fps step: 6094 fps step and policy inference: 5928 fps total: 5834 epoch: 1639/5000
fps step: 9207 fps step and policy inference: 8846 fps total: 8588 epoch: 1640/5000
fps step: 9145 fps step and policy inference: 8775 fps total: 8529 epoch: 1641/5000
fps step: 9017 fps step and policy inference: 8635 fps total: 8441 epoch: 1642/5000
fps step: 9210 fps step and policy inference: 8848 fps total: 8626 epoch: 1643/5000
fps step: 9264 fps step and policy inference: 8900 fps total: 8674 epoch: 1644/5000
fps step: 9159 fps step and policy inference: 8775 fps total: 8540 epoch: 1645/5000
fps step: 9235 fps step and policy inference: 8874 fps total: 8668 epoch: 1646/5000
fps step: 9024 fps step and policy inference: 8664 fps total: 8410 epoch: 1647/5000
fps step: 8859 fps step and policy inference: 8543 fps total: 8309 epoch: 1648/5000
fps step: 8858 fps step and policy inference: 8534 fps total: 8323 epoch: 1649/5000
fps step: 9134 fps step and policy inference: 8744 fps total: 8508 epoch: 1650/5000
fps step: 9052 fps step and policy inference: 8681 fps total: 8480 epoch: 1651/5000
fps step: 9075 fps step and policy inference: 8714 fps total: 8501 epoch: 1652/5000
fps step: 9178 fps step and policy inference: 8824 fps total: 8567 epoch: 1653/5000
fps step: 9168 fps step and policy inference: 8811 fps total: 8606 epoch: 1654/5000
fps step: 9157 fps step and policy inference: 8820 fps total: 8614 epoch: 1655/5000
fps step: 9295 fps step and policy inference: 5921 fps total: 5796 epoch: 1656/5000
fps step: 9311 fps step and policy inference: 8930 fps total: 8694 epoch: 1657/5000
fps step: 9321 fps step and policy inference: 8968 fps total: 8741 epoch: 1658/5000
fps step: 9253 fps step and policy inference: 8887 fps total: 8654 epoch: 1659/5000
fps step: 9330 fps step and policy inference: 8998 fps total: 8762 epoch: 1660/5000
fps step: 9331 fps step and policy inference: 8981 fps total: 8746 epoch: 1661/5000
fps step: 9213 fps step and policy inference: 8879 fps total: 8643 epoch: 1662/5000
fps step: 9185 fps step and policy inference: 8840 fps total: 8596 epoch: 1663/5000
fps step: 9358 fps step and policy inference: 9017 fps total: 8796 epoch: 1664/5000
fps step: 9127 fps step and policy inference: 8742 fps total: 8537 epoch: 1665/5000
fps step: 9288 fps step and policy inference: 8948 fps total: 8737 epoch: 1666/5000
fps step: 9339 fps step and policy inference: 8997 fps total: 8717 epoch: 1667/5000
fps step: 9180 fps step and policy inference: 8835 fps total: 8636 epoch: 1668/5000
fps step: 9231 fps step and policy inference: 8855 fps total: 8603 epoch: 1669/5000
fps step: 9268 fps step and policy inference: 8894 fps total: 8639 epoch: 1670/5000
fps step: 9216 fps step and policy inference: 8837 fps total: 8568 epoch: 1671/5000
fps step: 9112 fps step and policy inference: 8736 fps total: 8476 epoch: 1672/5000
fps step: 6119 fps step and policy inference: 5943 fps total: 5819 epoch: 1673/5000
fps step: 9214 fps step and policy inference: 8848 fps total: 8634 epoch: 1674/5000
fps step: 9251 fps step and policy inference: 8870 fps total: 8623 epoch: 1675/5000
fps step: 9275 fps step and policy inference: 8902 fps total: 8647 epoch: 1676/5000
fps step: 9273 fps step and policy inference: 8903 fps total: 8681 epoch: 1677/5000
fps step: 9331 fps step and policy inference: 8959 fps total: 8728 epoch: 1678/5000
fps step: 9133 fps step and policy inference: 8768 fps total: 8506 epoch: 1679/5000
fps step: 9115 fps step and policy inference: 8733 fps total: 8489 epoch: 1680/5000
fps step: 9110 fps step and policy inference: 8719 fps total: 8483 epoch: 1681/5000
fps step: 9116 fps step and policy inference: 8709 fps total: 8477 epoch: 1682/5000
fps step: 9194 fps step and policy inference: 8824 fps total: 8588 epoch: 1683/5000
fps step: 9165 fps step and policy inference: 8801 fps total: 8519 epoch: 1684/5000
fps step: 9152 fps step and policy inference: 8769 fps total: 8488 epoch: 1685/5000
fps step: 9316 fps step and policy inference: 8966 fps total: 8672 epoch: 1686/5000
fps step: 9223 fps step and policy inference: 8875 fps total: 8593 epoch: 1687/5000
fps step: 9207 fps step and policy inference: 8843 fps total: 8580 epoch: 1688/5000
fps step: 9085 fps step and policy inference: 8685 fps total: 8425 epoch: 1689/5000
fps step: 6107 fps step and policy inference: 5932 fps total: 5814 epoch: 1690/5000
fps step: 8922 fps step and policy inference: 8514 fps total: 8256 epoch: 1691/5000
fps step: 9232 fps step and policy inference: 8862 fps total: 8620 epoch: 1692/5000
fps step: 9296 fps step and policy inference: 8923 fps total: 8630 epoch: 1693/5000
fps step: 9252 fps step and policy inference: 8855 fps total: 8584 epoch: 1694/5000
fps step: 9364 fps step and policy inference: 8987 fps total: 8774 epoch: 1695/5000
fps step: 9166 fps step and policy inference: 8764 fps total: 8527 epoch: 1696/5000
fps step: 9304 fps step and policy inference: 8921 fps total: 8621 epoch: 1697/5000
fps step: 9153 fps step and policy inference: 8769 fps total: 8485 epoch: 1698/5000
fps step: 9348 fps step and policy inference: 8964 fps total: 8668 epoch: 1699/5000
fps step: 9153 fps step and policy inference: 8795 fps total: 8509 epoch: 1700/5000
fps step: 9204 fps step and policy inference: 8865 fps total: 8602 epoch: 1701/5000
fps step: 9101 fps step and policy inference: 8723 fps total: 8452 epoch: 1702/5000
fps step: 9119 fps step and policy inference: 8742 fps total: 8481 epoch: 1703/5000
fps step: 8992 fps step and policy inference: 8632 fps total: 8352 epoch: 1704/5000
fps step: 9150 fps step and policy inference: 8763 fps total: 8508 epoch: 1705/5000
fps step: 9057 fps step and policy inference: 8689 fps total: 8427 epoch: 1706/5000
fps step: 6055 fps step and policy inference: 5904 fps total: 5777 epoch: 1707/5000
fps step: 9180 fps step and policy inference: 8827 fps total: 8538 epoch: 1708/5000
fps step: 9136 fps step and policy inference: 8795 fps total: 8531 epoch: 1709/5000
fps step: 8974 fps step and policy inference: 8644 fps total: 8375 epoch: 1710/5000
fps step: 9268 fps step and policy inference: 8906 fps total: 8607 epoch: 1711/5000
fps step: 9187 fps step and policy inference: 8836 fps total: 8549 epoch: 1712/5000
fps step: 9147 fps step and policy inference: 8789 fps total: 8515 epoch: 1713/5000
fps step: 9194 fps step and policy inference: 8837 fps total: 8580 epoch: 1714/5000
fps step: 9206 fps step and policy inference: 8849 fps total: 8565 epoch: 1715/5000
fps step: 8987 fps step and policy inference: 8619 fps total: 8414 epoch: 1716/5000
fps step: 9161 fps step and policy inference: 8788 fps total: 8571 epoch: 1717/5000
fps step: 9221 fps step and policy inference: 8868 fps total: 8654 epoch: 1718/5000
fps step: 9170 fps step and policy inference: 8827 fps total: 8606 epoch: 1719/5000
fps step: 9134 fps step and policy inference: 8747 fps total: 8520 epoch: 1720/5000
fps step: 9244 fps step and policy inference: 8874 fps total: 8633 epoch: 1721/5000
fps step: 9157 fps step and policy inference: 8786 fps total: 8568 epoch: 1722/5000
fps step: 9215 fps step and policy inference: 8841 fps total: 8568 epoch: 1723/5000
fps step: 6213 fps step and policy inference: 6062 fps total: 5945 epoch: 1724/5000
fps step: 9277 fps step and policy inference: 8906 fps total: 8656 epoch: 1725/5000
fps step: 9193 fps step and policy inference: 8803 fps total: 8566 epoch: 1726/5000
fps step: 9064 fps step and policy inference: 8680 fps total: 8489 epoch: 1727/5000
fps step: 9196 fps step and policy inference: 8826 fps total: 8597 epoch: 1728/5000
fps step: 9228 fps step and policy inference: 8845 fps total: 8635 epoch: 1729/5000
fps step: 9285 fps step and policy inference: 8925 fps total: 8687 epoch: 1730/5000
fps step: 9132 fps step and policy inference: 8749 fps total: 8549 epoch: 1731/5000
fps step: 9297 fps step and policy inference: 8941 fps total: 8694 epoch: 1732/5000
fps step: 9169 fps step and policy inference: 8825 fps total: 8585 epoch: 1733/5000
fps step: 8908 fps step and policy inference: 8562 fps total: 8278 epoch: 1734/5000
fps step: 9010 fps step and policy inference: 8669 fps total: 8392 epoch: 1735/5000
fps step: 9296 fps step and policy inference: 8920 fps total: 8634 epoch: 1736/5000
fps step: 9379 fps step and policy inference: 9010 fps total: 8702 epoch: 1737/5000
fps step: 9050 fps step and policy inference: 8641 fps total: 8358 epoch: 1738/5000
fps step: 9129 fps step and policy inference: 8741 fps total: 8452 epoch: 1739/5000
fps step: 9478 fps step and policy inference: 9121 fps total: 8819 epoch: 1740/5000
fps step: 6032 fps step and policy inference: 5873 fps total: 5746 epoch: 1741/5000
fps step: 9252 fps step and policy inference: 8881 fps total: 8630 epoch: 1742/5000
fps step: 9155 fps step and policy inference: 8784 fps total: 8502 epoch: 1743/5000
fps step: 9297 fps step and policy inference: 8942 fps total: 8662 epoch: 1744/5000
fps step: 9186 fps step and policy inference: 8804 fps total: 8536 epoch: 1745/5000
fps step: 9123 fps step and policy inference: 8740 fps total: 8455 epoch: 1746/5000
fps step: 9133 fps step and policy inference: 8742 fps total: 8478 epoch: 1747/5000
fps step: 9275 fps step and policy inference: 8903 fps total: 8619 epoch: 1748/5000
fps step: 9330 fps step and policy inference: 8947 fps total: 8663 epoch: 1749/5000
fps step: 9423 fps step and policy inference: 9072 fps total: 8788 epoch: 1750/5000
fps step: 9313 fps step and policy inference: 8936 fps total: 8652 epoch: 1751/5000
fps step: 9340 fps step and policy inference: 8984 fps total: 8694 epoch: 1752/5000
fps step: 9336 fps step and policy inference: 8970 fps total: 8684 epoch: 1753/5000
fps step: 9365 fps step and policy inference: 8981 fps total: 8670 epoch: 1754/5000
fps step: 9346 fps step and policy inference: 8956 fps total: 8682 epoch: 1755/5000
fps step: 9276 fps step and policy inference: 8902 fps total: 8618 epoch: 1756/5000
fps step: 9334 fps step and policy inference: 8963 fps total: 8680 epoch: 1757/5000
fps step: 6119 fps step and policy inference: 5953 fps total: 5823 epoch: 1758/5000
fps step: 8977 fps step and policy inference: 8621 fps total: 8363 epoch: 1759/5000
fps step: 9381 fps step and policy inference: 9021 fps total: 8719 epoch: 1760/5000
fps step: 9158 fps step and policy inference: 8775 fps total: 8523 epoch: 1761/5000
fps step: 9298 fps step and policy inference: 8933 fps total: 8621 epoch: 1762/5000
fps step: 9334 fps step and policy inference: 8978 fps total: 8685 epoch: 1763/5000
fps step: 9148 fps step and policy inference: 8767 fps total: 8488 epoch: 1764/5000
fps step: 9354 fps step and policy inference: 8992 fps total: 8729 epoch: 1765/5000
fps step: 9330 fps step and policy inference: 8968 fps total: 8706 epoch: 1766/5000
fps step: 9110 fps step and policy inference: 8716 fps total: 8437 epoch: 1767/5000
fps step: 9180 fps step and policy inference: 8813 fps total: 8532 epoch: 1768/5000
fps step: 9057 fps step and policy inference: 8703 fps total: 8444 epoch: 1769/5000
fps step: 9234 fps step and policy inference: 8871 fps total: 8576 epoch: 1770/5000
fps step: 9308 fps step and policy inference: 8954 fps total: 8656 epoch: 1771/5000
fps step: 9416 fps step and policy inference: 9062 fps total: 8765 epoch: 1772/5000
fps step: 9377 fps step and policy inference: 8982 fps total: 8673 epoch: 1773/5000
fps step: 9031 fps step and policy inference: 8651 fps total: 5742 epoch: 1774/5000
fps step: 9052 fps step and policy inference: 8687 fps total: 8381 epoch: 1775/5000
fps step: 9128 fps step and policy inference: 8741 fps total: 8445 epoch: 1776/5000
fps step: 9047 fps step and policy inference: 8646 fps total: 8365 epoch: 1777/5000
fps step: 8932 fps step and policy inference: 8569 fps total: 8291 epoch: 1778/5000
fps step: 9032 fps step and policy inference: 8619 fps total: 8330 epoch: 1779/5000
fps step: 9278 fps step and policy inference: 8908 fps total: 8612 epoch: 1780/5000
fps step: 9162 fps step and policy inference: 8770 fps total: 8509 epoch: 1781/5000
fps step: 9401 fps step and policy inference: 9064 fps total: 8763 epoch: 1782/5000
fps step: 9068 fps step and policy inference: 8707 fps total: 8436 epoch: 1783/5000
fps step: 8957 fps step and policy inference: 8585 fps total: 8303 epoch: 1784/5000
fps step: 9073 fps step and policy inference: 8692 fps total: 8411 epoch: 1785/5000
fps step: 8965 fps step and policy inference: 8586 fps total: 8344 epoch: 1786/5000
fps step: 8967 fps step and policy inference: 8607 fps total: 8336 epoch: 1787/5000
fps step: 8917 fps step and policy inference: 8546 fps total: 8302 epoch: 1788/5000
fps step: 9162 fps step and policy inference: 8818 fps total: 8571 epoch: 1789/5000
fps step: 9227 fps step and policy inference: 8883 fps total: 8614 epoch: 1790/5000
fps step: 6207 fps step and policy inference: 6042 fps total: 5937 epoch: 1791/5000
fps step: 9188 fps step and policy inference: 8845 fps total: 8596 epoch: 1792/5000
fps step: 9247 fps step and policy inference: 8915 fps total: 8678 epoch: 1793/5000
fps step: 9239 fps step and policy inference: 8910 fps total: 8693 epoch: 1794/5000
fps step: 9232 fps step and policy inference: 8876 fps total: 8638 epoch: 1795/5000
fps step: 9389 fps step and policy inference: 9034 fps total: 8822 epoch: 1796/5000
fps step: 9399 fps step and policy inference: 9065 fps total: 8801 epoch: 1797/5000
fps step: 9236 fps step and policy inference: 8881 fps total: 8666 epoch: 1798/5000
fps step: 9425 fps step and policy inference: 9078 fps total: 8862 epoch: 1799/5000
fps step: 9272 fps step and policy inference: 8865 fps total: 8650 epoch: 1800/5000
=> saving checkpoint 'runs/specialist_cuboid_train_2026-07-08_13-01-28/nn/last_specialist_cuboid_train_ep_1800_rew_-158.56212.pth'
fps step: 9174 fps step and policy inference: 8772 fps total: 8572 epoch: 1801/5000
fps step: 9081 fps step and policy inference: 8707 fps total: 8522 epoch: 1802/5000
fps step: 9241 fps step and policy inference: 8863 fps total: 8617 epoch: 1803/5000
fps step: 8924 fps step and policy inference: 8606 fps total: 8370 epoch: 1804/5000
fps step: 9146 fps step and policy inference: 8767 fps total: 8490 epoch: 1805/5000
fps step: 8945 fps step and policy inference: 8581 fps total: 8353 epoch: 1806/5000
fps step: 9158 fps step and policy inference: 8797 fps total: 8552 epoch: 1807/5000
fps step: 5856 fps step and policy inference: 5717 fps total: 5628 epoch: 1808/5000
fps step: 9170 fps step and policy inference: 8814 fps total: 8586 epoch: 1809/5000
fps step: 9093 fps step and policy inference: 8728 fps total: 8508 epoch: 1810/5000
fps step: 9110 fps step and policy inference: 8762 fps total: 8561 epoch: 1811/5000
fps step: 9268 fps step and policy inference: 8922 fps total: 8707 epoch: 1812/5000
fps step: 9552 fps step and policy inference: 9210 fps total: 8949 epoch: 1813/5000
fps step: 9427 fps step and policy inference: 9069 fps total: 8827 epoch: 1814/5000
fps step: 9233 fps step and policy inference: 8850 fps total: 8632 epoch: 1815/5000
fps step: 8993 fps step and policy inference: 8633 fps total: 8428 epoch: 1816/5000
fps step: 8872 fps step and policy inference: 8536 fps total: 8325 epoch: 1817/5000
fps step: 9359 fps step and policy inference: 9007 fps total: 8780 epoch: 1818/5000
fps step: 9314 fps step and policy inference: 8945 fps total: 8729 epoch: 1819/5000
fps step: 9354 fps step and policy inference: 8987 fps total: 8745 epoch: 1820/5000
fps step: 9343 fps step and policy inference: 8954 fps total: 8698 epoch: 1821/5000
fps step: 9112 fps step and policy inference: 8706 fps total: 8468 epoch: 1822/5000
fps step: 9210 fps step and policy inference: 8842 fps total: 8641 epoch: 1823/5000
fps step: 9135 fps step and policy inference: 8736 fps total: 8537 epoch: 1824/5000
fps step: 5775 fps step and policy inference: 5628 fps total: 5540 epoch: 1825/5000
fps step: 8618 fps step and policy inference: 8256 fps total: 8056 epoch: 1826/5000
fps step: 8649 fps step and policy inference: 8298 fps total: 8107 epoch: 1827/5000
fps step: 8681 fps step and policy inference: 8313 fps total: 8071 epoch: 1828/5000
fps step: 9246 fps step and policy inference: 8891 fps total: 8675 epoch: 1829/5000
fps step: 9655 fps step and policy inference: 9240 fps total: 9027 epoch: 1830/5000
fps step: 9373 fps step and policy inference: 8974 fps total: 8716 epoch: 1831/5000
fps step: 9187 fps step and policy inference: 8798 fps total: 8537 epoch: 1832/5000
fps step: 9128 fps step and policy inference: 8774 fps total: 8562 epoch: 1833/5000
fps step: 9157 fps step and policy inference: 8822 fps total: 8603 epoch: 1834/5000
fps step: 8917 fps step and policy inference: 8525 fps total: 8275 epoch: 1835/5000
fps step: 9071 fps step and policy inference: 8699 fps total: 8428 epoch: 1836/5000
fps step: 9165 fps step and policy inference: 8799 fps total: 8521 epoch: 1837/5000
fps step: 9007 fps step and policy inference: 8609 fps total: 8352 epoch: 1838/5000
fps step: 9291 fps step and policy inference: 8896 fps total: 8608 epoch: 1839/5000
fps step: 9186 fps step and policy inference: 8785 fps total: 8506 epoch: 1840/5000
fps step: 9064 fps step and policy inference: 8671 fps total: 8412 epoch: 1841/5000
fps step: 5829 fps step and policy inference: 5660 fps total: 5573 epoch: 1842/5000
fps step: 9134 fps step and policy inference: 8761 fps total: 8555 epoch: 1843/5000
fps step: 8748 fps step and policy inference: 8416 fps total: 8211 epoch: 1844/5000
fps step: 8635 fps step and policy inference: 8279 fps total: 8036 epoch: 1845/5000
fps step: 9119 fps step and policy inference: 8751 fps total: 8544 epoch: 1846/5000
fps step: 9166 fps step and policy inference: 8832 fps total: 8642 epoch: 1847/5000
fps step: 9318 fps step and policy inference: 8944 fps total: 8732 epoch: 1848/5000
fps step: 9420 fps step and policy inference: 9071 fps total: 8785 epoch: 1849/5000
fps step: 8913 fps step and policy inference: 8572 fps total: 8310 epoch: 1850/5000
fps step: 8750 fps step and policy inference: 8370 fps total: 8163 epoch: 1851/5000
fps step: 8838 fps step and policy inference: 8506 fps total: 8313 epoch: 1852/5000
fps step: 9016 fps step and policy inference: 8657 fps total: 8427 epoch: 1853/5000
fps step: 9304 fps step and policy inference: 8938 fps total: 8640 epoch: 1854/5000
fps step: 9305 fps step and policy inference: 8937 fps total: 8683 epoch: 1855/5000
fps step: 9160 fps step and policy inference: 8799 fps total: 8587 epoch: 1856/5000
fps step: 9193 fps step and policy inference: 8836 fps total: 8587 epoch: 1857/5000
fps step: 5685 fps step and policy inference: 5550 fps total: 5470 epoch: 1858/5000
fps step: 9009 fps step and policy inference: 8668 fps total: 8453 epoch: 1859/5000
fps step: 8957 fps step and policy inference: 8612 fps total: 8385 epoch: 1860/5000
fps step: 8849 fps step and policy inference: 8479 fps total: 8291 epoch: 1861/5000
fps step: 9173 fps step and policy inference: 8781 fps total: 8564 epoch: 1862/5000
fps step: 9417 fps step and policy inference: 9051 fps total: 8824 epoch: 1863/5000
fps step: 9265 fps step and policy inference: 8878 fps total: 8679 epoch: 1864/5000
fps step: 9045 fps step and policy inference: 8688 fps total: 8423 epoch: 1865/5000
fps step: 9276 fps step and policy inference: 8919 fps total: 8709 epoch: 1866/5000
fps step: 9581 fps step and policy inference: 9199 fps total: 8948 epoch: 1867/5000
fps step: 9635 fps step and policy inference: 9268 fps total: 9005 epoch: 1868/5000
fps step: 9411 fps step and policy inference: 9028 fps total: 8799 epoch: 1869/5000
fps step: 8920 fps step and policy inference: 8612 fps total: 8400 epoch: 1870/5000
fps step: 9177 fps step and policy inference: 8826 fps total: 8606 epoch: 1871/5000
fps step: 8807 fps step and policy inference: 8454 fps total: 8252 epoch: 1872/5000
fps step: 9106 fps step and policy inference: 8763 fps total: 8552 epoch: 1873/5000
fps step: 9097 fps step and policy inference: 8738 fps total: 8538 epoch: 1874/5000
fps step: 5796 fps step and policy inference: 5645 fps total: 5531 epoch: 1875/5000
fps step: 8955 fps step and policy inference: 8596 fps total: 8405 epoch: 1876/5000
fps step: 8935 fps step and policy inference: 8582 fps total: 8379 epoch: 1877/5000
fps step: 8989 fps step and policy inference: 8637 fps total: 8431 epoch: 1878/5000
fps step: 9235 fps step and policy inference: 8874 fps total: 8668 epoch: 1879/5000
fps step: 9360 fps step and policy inference: 9002 fps total: 8773 epoch: 1880/5000
fps step: 9230 fps step and policy inference: 8876 fps total: 8665 epoch: 1881/5000
fps step: 8948 fps step and policy inference: 8573 fps total: 8346 epoch: 1882/5000
fps step: 8955 fps step and policy inference: 8635 fps total: 8431 epoch: 1883/5000
fps step: 9329 fps step and policy inference: 8952 fps total: 8751 epoch: 1884/5000
fps step: 9362 fps step and policy inference: 8947 fps total: 8651 epoch: 1885/5000
fps step: 9427 fps step and policy inference: 9057 fps total: 8853 epoch: 1886/5000
fps step: 9436 fps step and policy inference: 9087 fps total: 8827 epoch: 1887/5000
fps step: 9074 fps step and policy inference: 8666 fps total: 8396 epoch: 1888/5000
fps step: 9217 fps step and policy inference: 8823 fps total: 8594 epoch: 1889/5000
fps step: 9274 fps step and policy inference: 8917 fps total: 8644 epoch: 1890/5000
fps step: 9151 fps step and policy inference: 8807 fps total: 8554 epoch: 1891/5000
fps step: 6120 fps step and policy inference: 5943 fps total: 5824 epoch: 1892/5000
fps step: 9220 fps step and policy inference: 8859 fps total: 8611 epoch: 1893/5000
fps step: 9220 fps step and policy inference: 8871 fps total: 8606 epoch: 1894/5000
fps step: 9187 fps step and policy inference: 8859 fps total: 8600 epoch: 1895/5000
fps step: 9351 fps step and policy inference: 8986 fps total: 8701 epoch: 1896/5000
fps step: 9254 fps step and policy inference: 8908 fps total: 8649 epoch: 1897/5000
fps step: 9269 fps step and policy inference: 8934 fps total: 8717 epoch: 1898/5000
fps step: 9177 fps step and policy inference: 8852 fps total: 8604 epoch: 1899/5000
fps step: 9134 fps step and policy inference: 8776 fps total: 8518 epoch: 1900/5000
fps step: 9171 fps step and policy inference: 8813 fps total: 8556 epoch: 1901/5000
fps step: 9077 fps step and policy inference: 8679 fps total: 8415 epoch: 1902/5000
fps step: 9138 fps step and policy inference: 8774 fps total: 8562 epoch: 1903/5000
fps step: 9289 fps step and policy inference: 8928 fps total: 8691 epoch: 1904/5000
fps step: 9229 fps step and policy inference: 8881 fps total: 8676 epoch: 1905/5000
fps step: 9360 fps step and policy inference: 9008 fps total: 8762 epoch: 1906/5000
fps step: 9306 fps step and policy inference: 8937 fps total: 8693 epoch: 1907/5000
fps step: 9205 fps step and policy inference: 8829 fps total: 8550 epoch: 1908/5000
fps step: 5626 fps step and policy inference: 5489 fps total: 5400 epoch: 1909/5000
fps step: 9124 fps step and policy inference: 8778 fps total: 8562 epoch: 1910/5000
fps step: 9090 fps step and policy inference: 8723 fps total: 8507 epoch: 1911/5000
fps step: 9198 fps step and policy inference: 8844 fps total: 8629 epoch: 1912/5000
fps step: 9147 fps step and policy inference: 8803 fps total: 8596 epoch: 1913/5000
fps step: 9095 fps step and policy inference: 8740 fps total: 8550 epoch: 1914/5000
fps step: 9371 fps step and policy inference: 9015 fps total: 8760 epoch: 1915/5000
fps step: 9367 fps step and policy inference: 8987 fps total: 8744 epoch: 1916/5000
fps step: 9457 fps step and policy inference: 9083 fps total: 8841 epoch: 1917/5000
fps step: 9410 fps step and policy inference: 9015 fps total: 8747 epoch: 1918/5000
fps step: 9382 fps step and policy inference: 8993 fps total: 8765 epoch: 1919/5000
fps step: 9265 fps step and policy inference: 8892 fps total: 8645 epoch: 1920/5000
fps step: 9142 fps step and policy inference: 8764 fps total: 8488 epoch: 1921/5000
fps step: 9211 fps step and policy inference: 8849 fps total: 8596 epoch: 1922/5000
fps step: 9289 fps step and policy inference: 8925 fps total: 8673 epoch: 1923/5000
fps step: 9254 fps step and policy inference: 8894 fps total: 8610 epoch: 1924/5000
fps step: 9136 fps step and policy inference: 8769 fps total: 8531 epoch: 1925/5000
fps step: 5774 fps step and policy inference: 5624 fps total: 5522 epoch: 1926/5000
fps step: 8978 fps step and policy inference: 8653 fps total: 8400 epoch: 1927/5000
fps step: 9115 fps step and policy inference: 8754 fps total: 8504 epoch: 1928/5000
fps step: 9244 fps step and policy inference: 8873 fps total: 8626 epoch: 1929/5000
fps step: 9356 fps step and policy inference: 8979 fps total: 8766 epoch: 1930/5000
fps step: 9360 fps step and policy inference: 8994 fps total: 8689 epoch: 1931/5000
fps step: 9430 fps step and policy inference: 9063 fps total: 8775 epoch: 1932/5000
fps step: 9397 fps step and policy inference: 9025 fps total: 8741 epoch: 1933/5000
fps step: 9611 fps step and policy inference: 9252 fps total: 9016 epoch: 1934/5000
fps step: 9545 fps step and policy inference: 9168 fps total: 8920 epoch: 1935/5000
fps step: 9611 fps step and policy inference: 9251 fps total: 9023 epoch: 1936/5000
fps step: 9114 fps step and policy inference: 8712 fps total: 8461 epoch: 1937/5000
fps step: 9180 fps step and policy inference: 8793 fps total: 8559 epoch: 1938/5000
fps step: 9218 fps step and policy inference: 8854 fps total: 8632 epoch: 1939/5000
fps step: 9210 fps step and policy inference: 8823 fps total: 8603 epoch: 1940/5000
fps step: 9229 fps step and policy inference: 8850 fps total: 8639 epoch: 1941/5000
fps step: 9149 fps step and policy inference: 8764 fps total: 8545 epoch: 1942/5000
fps step: 8982 fps step and policy inference: 8620 fps total: 8417 epoch: 1943/5000
fps step: 5777 fps step and policy inference: 5631 fps total: 5533 epoch: 1944/5000
fps step: 9162 fps step and policy inference: 8782 fps total: 8522 epoch: 1945/5000
fps step: 9229 fps step and policy inference: 8856 fps total: 8664 epoch: 1946/5000
fps step: 9310 fps step and policy inference: 8907 fps total: 8707 epoch: 1947/5000
fps step: 9321 fps step and policy inference: 8910 fps total: 8704 epoch: 1948/5000
fps step: 9363 fps step and policy inference: 8985 fps total: 8771 epoch: 1949/5000
fps step: 9282 fps step and policy inference: 8904 fps total: 8676 epoch: 1950/5000
fps step: 9241 fps step and policy inference: 8877 fps total: 8675 epoch: 1951/5000
fps step: 9266 fps step and policy inference: 8895 fps total: 8653 epoch: 1952/5000
fps step: 9027 fps step and policy inference: 8687 fps total: 8493 epoch: 1953/5000
fps step: 8812 fps step and policy inference: 8478 fps total: 8265 epoch: 1954/5000
fps step: 9065 fps step and policy inference: 8732 fps total: 8513 epoch: 1955/5000
fps step: 9429 fps step and policy inference: 9087 fps total: 8878 epoch: 1956/5000
fps step: 9346 fps step and policy inference: 8996 fps total: 8784 epoch: 1957/5000
fps step: 9058 fps step and policy inference: 8719 fps total: 8518 epoch: 1958/5000
fps step: 8987 fps step and policy inference: 8627 fps total: 8403 epoch: 1959/5000
fps step: 8874 fps step and policy inference: 8539 fps total: 8356 epoch: 1960/5000
fps step: 5742 fps step and policy inference: 5605 fps total: 5526 epoch: 1961/5000
fps step: 9140 fps step and policy inference: 8816 fps total: 8604 epoch: 1962/5000
fps step: 9225 fps step and policy inference: 8873 fps total: 8686 epoch: 1963/5000
fps step: 9396 fps step and policy inference: 9046 fps total: 8809 epoch: 1964/5000
fps step: 9294 fps step and policy inference: 8941 fps total: 8716 epoch: 1965/5000
fps step: 9140 fps step and policy inference: 8743 fps total: 8492 epoch: 1966/5000
fps step: 9093 fps step and policy inference: 8722 fps total: 8533 epoch: 1967/5000
fps step: 9136 fps step and policy inference: 8759 fps total: 8569 epoch: 1968/5000
fps step: 9241 fps step and policy inference: 8878 fps total: 8678 epoch: 1969/5000
fps step: 9162 fps step and policy inference: 8787 fps total: 8583 epoch: 1970/5000
fps step: 9210 fps step and policy inference: 8873 fps total: 8650 epoch: 1971/5000
fps step: 9264 fps step and policy inference: 8922 fps total: 8722 epoch: 1972/5000
fps step: 9401 fps step and policy inference: 9054 fps total: 8791 epoch: 1973/5000
fps step: 9393 fps step and policy inference: 9034 fps total: 8766 epoch: 1974/5000
fps step: 9459 fps step and policy inference: 9093 fps total: 8861 epoch: 1975/5000
fps step: 9095 fps step and policy inference: 8730 fps total: 8490 epoch: 1976/5000
fps step: 8804 fps step and policy inference: 8471 fps total: 8272 epoch: 1977/5000
fps step: 5707 fps step and policy inference: 5562 fps total: 5478 epoch: 1978/5000
fps step: 8767 fps step and policy inference: 8411 fps total: 8189 epoch: 1979/5000
fps step: 9073 fps step and policy inference: 8730 fps total: 8515 epoch: 1980/5000
fps step: 9460 fps step and policy inference: 9085 fps total: 8832 epoch: 1981/5000
fps step: 9559 fps step and policy inference: 9204 fps total: 8982 epoch: 1982/5000
fps step: 9382 fps step and policy inference: 9036 fps total: 8774 epoch: 1983/5000
fps step: 9390 fps step and policy inference: 9052 fps total: 8844 epoch: 1984/5000
fps step: 9205 fps step and policy inference: 8862 fps total: 8634 epoch: 1985/5000
fps step: 9185 fps step and policy inference: 8834 fps total: 8575 epoch: 1986/5000
fps step: 9268 fps step and policy inference: 8899 fps total: 8682 epoch: 1987/5000
fps step: 9127 fps step and policy inference: 8777 fps total: 8588 epoch: 1988/5000
fps step: 9124 fps step and policy inference: 8782 fps total: 8500 epoch: 1989/5000
fps step: 9243 fps step and policy inference: 8855 fps total: 8590 epoch: 1990/5000
fps step: 9157 fps step and policy inference: 8793 fps total: 8570 epoch: 1991/5000
fps step: 9094 fps step and policy inference: 8726 fps total: 8499 epoch: 1992/5000
fps step: 9101 fps step and policy inference: 8743 fps total: 8539 epoch: 1993/5000
fps step: 9185 fps step and policy inference: 8832 fps total: 8577 epoch: 1994/5000
fps step: 5880 fps step and policy inference: 5738 fps total: 5626 epoch: 1995/5000
fps step: 9254 fps step and policy inference: 8872 fps total: 8668 epoch: 1996/5000
fps step: 9585 fps step and policy inference: 9202 fps total: 8960 epoch: 1997/5000
fps step: 9559 fps step and policy inference: 9187 fps total: 8972 epoch: 1998/5000
fps step: 9534 fps step and policy inference: 9162 fps total: 8957 epoch: 1999/5000
fps step: 9245 fps step and policy inference: 8866 fps total: 8665 epoch: 2000/5000
=> saving checkpoint 'runs/specialist_cuboid_train_2026-07-08_13-01-28/nn/last_specialist_cuboid_train_ep_2000_rew_-100.52164.pth'
fps step: 9176 fps step and policy inference: 8810 fps total: 8598 epoch: 2001/5000
fps step: 9160 fps step and policy inference: 8772 fps total: 8523 epoch: 2002/5000
fps step: 9159 fps step and policy inference: 8755 fps total: 8558 epoch: 2003/5000
fps step: 9199 fps step and policy inference: 8835 fps total: 8567 epoch: 2004/5000
fps step: 9193 fps step and policy inference: 8793 fps total: 8555 epoch: 2005/5000
fps step: 9229 fps step and policy inference: 8867 fps total: 8644 epoch: 2006/5000
fps step: 9205 fps step and policy inference: 8824 fps total: 8551 epoch: 2007/5000
fps step: 9196 fps step and policy inference: 8835 fps total: 8631 epoch: 2008/5000
fps step: 9111 fps step and policy inference: 8737 fps total: 8546 epoch: 2009/5000
fps step: 8945 fps step and policy inference: 8580 fps total: 8321 epoch: 2010/5000
fps step: 9063 fps step and policy inference: 8690 fps total: 8418 epoch: 2011/5000
fps step: 5830 fps step and policy inference: 5671 fps total: 5564 epoch: 2012/5000
fps step: 9213 fps step and policy inference: 8849 fps total: 8595 epoch: 2013/5000
fps step: 9489 fps step and policy inference: 9116 fps total: 8842 epoch: 2014/5000
fps step: 9687 fps step and policy inference: 9327 fps total: 9064 epoch: 2015/5000
fps step: 9186 fps step and policy inference: 8812 fps total: 8575 epoch: 2016/5000
fps step: 9148 fps step and policy inference: 8759 fps total: 8569 epoch: 2017/5000
fps step: 9344 fps step and policy inference: 8971 fps total: 8695 epoch: 2018/5000
fps step: 9172 fps step and policy inference: 8778 fps total: 8524 epoch: 2019/5000
fps step: 9431 fps step and policy inference: 9054 fps total: 8769 epoch: 2020/5000
fps step: 9310 fps step and policy inference: 8948 fps total: 8744 epoch: 2021/5000
fps step: 9433 fps step and policy inference: 9076 fps total: 8781 epoch: 2022/5000
fps step: 9348 fps step and policy inference: 9004 fps total: 8733 epoch: 2023/5000
fps step: 9285 fps step and policy inference: 8933 fps total: 8657 epoch: 2024/5000
fps step: 9174 fps step and policy inference: 8768 fps total: 8517 epoch: 2025/5000
fps step: 9010 fps step and policy inference: 8616 fps total: 8349 epoch: 2026/5000
fps step: 8833 fps step and policy inference: 8450 fps total: 8180 epoch: 2027/5000
fps step: 8954 fps step and policy inference: 8589 fps total: 8339 epoch: 2028/5000
fps step: 5811 fps step and policy inference: 5652 fps total: 5538 epoch: 2029/5000
fps step: 9342 fps step and policy inference: 8955 fps total: 8684 epoch: 2030/5000
fps step: 9427 fps step and policy inference: 9062 fps total: 8769 epoch: 2031/5000
fps step: 9287 fps step and policy inference: 8909 fps total: 8652 epoch: 2032/5000
fps step: 9493 fps step and policy inference: 9123 fps total: 8903 epoch: 2033/5000
fps step: 9258 fps step and policy inference: 8876 fps total: 8624 epoch: 2034/5000
fps step: 9238 fps step and policy inference: 8867 fps total: 8592 epoch: 2035/5000
fps step: 9161 fps step and policy inference: 8777 fps total: 8516 epoch: 2036/5000
fps step: 9162 fps step and policy inference: 8747 fps total: 8478 epoch: 2037/5000
fps step: 9185 fps step and policy inference: 8797 fps total: 8550 epoch: 2038/5000
fps step: 9098 fps step and policy inference: 8726 fps total: 8480 epoch: 2039/5000
fps step: 9099 fps step and policy inference: 8706 fps total: 8450 epoch: 2040/5000
fps step: 9088 fps step and policy inference: 8745 fps total: 8471 epoch: 2041/5000
fps step: 9262 fps step and policy inference: 8895 fps total: 8620 epoch: 2042/5000
fps step: 9153 fps step and policy inference: 8812 fps total: 8534 epoch: 2043/5000
fps step: 8993 fps step and policy inference: 8637 fps total: 8426 epoch: 2044/5000
fps step: 5757 fps step and policy inference: 5609 fps total: 5510 epoch: 2045/5000
fps step: 9161 fps step and policy inference: 8777 fps total: 8506 epoch: 2046/5000
fps step: 9223 fps step and policy inference: 8831 fps total: 8593 epoch: 2047/5000
fps step: 9473 fps step and policy inference: 9119 fps total: 8840 epoch: 2048/5000
fps step: 9556 fps step and policy inference: 9184 fps total: 8929 epoch: 2049/5000
fps step: 9506 fps step and policy inference: 9122 fps total: 8870 epoch: 2050/5000
fps step: 9198 fps step and policy inference: 8824 fps total: 8623 epoch: 2051/5000
fps step: 9289 fps step and policy inference: 8934 fps total: 8661 epoch: 2052/5000
fps step: 9263 fps step and policy inference: 8888 fps total: 8616 epoch: 2053/5000
fps step: 9268 fps step and policy inference: 8916 fps total: 8655 epoch: 2054/5000
fps step: 9384 fps step and policy inference: 9030 fps total: 8769 epoch: 2055/5000
fps step: 9330 fps step and policy inference: 8976 fps total: 8739 epoch: 2056/5000
fps step: 9201 fps step and policy inference: 8832 fps total: 8562 epoch: 2057/5000
fps step: 9315 fps step and policy inference: 8951 fps total: 8714 epoch: 2058/5000
fps step: 9189 fps step and policy inference: 8819 fps total: 8543 epoch: 2059/5000
fps step: 9259 fps step and policy inference: 8917 fps total: 8656 epoch: 2060/5000
fps step: 9058 fps step and policy inference: 8718 fps total: 8528 epoch: 2061/5000
fps step: 5768 fps step and policy inference: 5633 fps total: 5535 epoch: 2062/5000
fps step: 9138 fps step and policy inference: 8799 fps total: 8597 epoch: 2063/5000
fps step: 9591 fps step and policy inference: 9232 fps total: 8950 epoch: 2064/5000
fps step: 9496 fps step and policy inference: 9137 fps total: 8899 epoch: 2065/5000
fps step: 9614 fps step and policy inference: 9238 fps total: 8977 epoch: 2066/5000
fps step: 9461 fps step and policy inference: 9096 fps total: 8802 epoch: 2067/5000
fps step: 9182 fps step and policy inference: 8814 fps total: 8552 epoch: 2068/5000
fps step: 9219 fps step and policy inference: 8893 fps total: 8640 epoch: 2069/5000
fps step: 9460 fps step and policy inference: 9103 fps total: 8879 epoch: 2070/5000
fps step: 9137 fps step and policy inference: 8765 fps total: 8504 epoch: 2071/5000
fps step: 9099 fps step and policy inference: 8722 fps total: 8497 epoch: 2072/5000
fps step: 9126 fps step and policy inference: 8756 fps total: 8501 epoch: 2073/5000
fps step: 9102 fps step and policy inference: 8747 fps total: 8471 epoch: 2074/5000
fps step: 9099 fps step and policy inference: 8703 fps total: 8471 epoch: 2075/5000
fps step: 9045 fps step and policy inference: 8658 fps total: 8427 epoch: 2076/5000
fps step: 8919 fps step and policy inference: 8578 fps total: 8332 epoch: 2077/5000
fps step: 8927 fps step and policy inference: 8574 fps total: 8343 epoch: 2078/5000
fps step: 5823 fps step and policy inference: 5666 fps total: 5560 epoch: 2079/5000
fps step: 9161 fps step and policy inference: 8780 fps total: 8515 epoch: 2080/5000
fps step: 9466 fps step and policy inference: 9082 fps total: 8810 epoch: 2081/5000
fps step: 9605 fps step and policy inference: 9193 fps total: 8897 epoch: 2082/5000
fps step: 9499 fps step and policy inference: 9115 fps total: 8827 epoch: 2083/5000
fps step: 9208 fps step and policy inference: 8814 fps total: 8553 epoch: 2084/5000
fps step: 9133 fps step and policy inference: 8720 fps total: 8499 epoch: 2085/5000
fps step: 9252 fps step and policy inference: 8879 fps total: 8608 epoch: 2086/5000
fps step: 9205 fps step and policy inference: 8818 fps total: 8546 epoch: 2087/5000
fps step: 9369 fps step and policy inference: 9000 fps total: 8782 epoch: 2088/5000
fps step: 9186 fps step and policy inference: 8805 fps total: 8609 epoch: 2089/5000
fps step: 9064 fps step and policy inference: 8678 fps total: 8458 epoch: 2090/5000
fps step: 9366 fps step and policy inference: 9027 fps total: 8760 epoch: 2091/5000
fps step: 9238 fps step and policy inference: 8889 fps total: 8678 epoch: 2092/5000
fps step: 9099 fps step and policy inference: 8733 fps total: 8489 epoch: 2093/5000
fps step: 8974 fps step and policy inference: 8620 fps total: 8361 epoch: 2094/5000
fps step: 8758 fps step and policy inference: 8379 fps total: 8154 epoch: 2095/5000
fps step: 5888 fps step and policy inference: 5745 fps total: 5637 epoch: 2096/5000
fps step: 9317 fps step and policy inference: 8979 fps total: 8700 epoch: 2097/5000
fps step: 9350 fps step and policy inference: 8998 fps total: 8740 epoch: 2098/5000
fps step: 9454 fps step and policy inference: 9100 fps total: 8849 epoch: 2099/5000
fps step: 9421 fps step and policy inference: 9062 fps total: 8791 epoch: 2100/5000
fps step: 9338 fps step and policy inference: 8944 fps total: 8723 epoch: 2101/5000
fps step: 9216 fps step and policy inference: 8850 fps total: 8650 epoch: 2102/5000
fps step: 9620 fps step and policy inference: 9241 fps total: 8985 epoch: 2103/5000
fps step: 9483 fps step and policy inference: 9108 fps total: 8831 epoch: 2104/5000
fps step: 9378 fps step and policy inference: 8988 fps total: 8704 epoch: 2105/5000
fps step: 9432 fps step and policy inference: 9055 fps total: 8768 epoch: 2106/5000
fps step: 9478 fps step and policy inference: 9105 fps total: 8804 epoch: 2107/5000
fps step: 9274 fps step and policy inference: 8880 fps total: 8619 epoch: 2108/5000
fps step: 9436 fps step and policy inference: 9058 fps total: 8814 epoch: 2109/5000
fps step: 9390 fps step and policy inference: 9015 fps total: 8782 epoch: 2110/5000
fps step: 9271 fps step and policy inference: 8865 fps total: 8653 epoch: 2111/5000
fps step: 9404 fps step and policy inference: 9024 fps total: 8801 epoch: 2112/5000
fps step: 9484 fps step and policy inference: 9117 fps total: 8896 epoch: 2113/5000
fps step: 6076 fps step and policy inference: 5919 fps total: 5816 epoch: 2114/5000
fps step: 9367 fps step and policy inference: 8968 fps total: 8744 epoch: 2115/5000
fps step: 9287 fps step and policy inference: 8928 fps total: 8690 epoch: 2116/5000
fps step: 9350 fps step and policy inference: 8997 fps total: 8769 epoch: 2117/5000
fps step: 9344 fps step and policy inference: 8966 fps total: 8728 epoch: 2118/5000
fps step: 9311 fps step and policy inference: 8945 fps total: 8669 epoch: 2119/5000
fps step: 9264 fps step and policy inference: 8894 fps total: 8656 epoch: 2120/5000
fps step: 9311 fps step and policy inference: 8947 fps total: 8726 epoch: 2121/5000
fps step: 9300 fps step and policy inference: 8945 fps total: 8697 epoch: 2122/5000
fps step: 9342 fps step and policy inference: 8986 fps total: 8739 epoch: 2123/5000
fps step: 9155 fps step and policy inference: 8761 fps total: 8548 epoch: 2124/5000
fps step: 9303 fps step and policy inference: 8936 fps total: 8702 epoch: 2125/5000
fps step: 9307 fps step and policy inference: 8950 fps total: 8697 epoch: 2126/5000
fps step: 9023 fps step and policy inference: 8684 fps total: 8442 epoch: 2127/5000
fps step: 9160 fps step and policy inference: 8799 fps total: 8562 epoch: 2128/5000
fps step: 9342 fps step and policy inference: 8950 fps total: 8710 epoch: 2129/5000
fps step: 9036 fps step and policy inference: 8672 fps total: 8410 epoch: 2130/5000
fps step: 5841 fps step and policy inference: 5690 fps total: 5605 epoch: 2131/5000
fps step: 8950 fps step and policy inference: 8606 fps total: 8402 epoch: 2132/5000
fps step: 8889 fps step and policy inference: 8537 fps total: 8337 epoch: 2133/5000
fps step: 8940 fps step and policy inference: 8583 fps total: 8320 epoch: 2134/5000
fps step: 8965 fps step and policy inference: 8612 fps total: 8361 epoch: 2135/5000
fps step: 8937 fps step and policy inference: 8590 fps total: 8334 epoch: 2136/5000
fps step: 9140 fps step and policy inference: 8777 fps total: 8486 epoch: 2137/5000
fps step: 9149 fps step and policy inference: 8811 fps total: 8522 epoch: 2138/5000
fps step: 9165 fps step and policy inference: 8821 fps total: 8608 epoch: 2139/5000
fps step: 8912 fps step and policy inference: 8566 fps total: 8385 epoch: 2140/5000
fps step: 9087 fps step and policy inference: 8693 fps total: 8446 epoch: 2141/5000
fps step: 9235 fps step and policy inference: 8837 fps total: 8625 epoch: 2142/5000
fps step: 9419 fps step and policy inference: 9069 fps total: 8773 epoch: 2143/5000
fps step: 9298 fps step and policy inference: 8925 fps total: 8668 epoch: 2144/5000
fps step: 9268 fps step and policy inference: 8889 fps total: 8684 epoch: 2145/5000
fps step: 9540 fps step and policy inference: 9167 fps total: 8918 epoch: 2146/5000
fps step: 9520 fps step and policy inference: 9148 fps total: 8937 epoch: 2147/5000
fps step: 5989 fps step and policy inference: 5825 fps total: 5735 epoch: 2148/5000
fps step: 9164 fps step and policy inference: 8770 fps total: 8541 epoch: 2149/5000
fps step: 9483 fps step and policy inference: 9116 fps total: 8872 epoch: 2150/5000
fps step: 9359 fps step and policy inference: 8982 fps total: 8744 epoch: 2151/5000
fps step: 9198 fps step and policy inference: 8775 fps total: 8544 epoch: 2152/5000
fps step: 9328 fps step and policy inference: 8981 fps total: 8731 epoch: 2153/5000
fps step: 9350 fps step and policy inference: 8994 fps total: 8775 epoch: 2154/5000
fps step: 9635 fps step and policy inference: 9276 fps total: 9057 epoch: 2155/5000
fps step: 9486 fps step and policy inference: 9114 fps total: 8901 epoch: 2156/5000
fps step: 9575 fps step and policy inference: 9190 fps total: 8967 epoch: 2157/5000
fps step: 9503 fps step and policy inference: 9130 fps total: 8872 epoch: 2158/5000
fps step: 8998 fps step and policy inference: 8634 fps total: 8370 epoch: 2159/5000
fps step: 8791 fps step and policy inference: 8413 fps total: 8177 epoch: 2160/5000
fps step: 8715 fps step and policy inference: 8343 fps total: 8101 epoch: 2161/5000
fps step: 9040 fps step and policy inference: 8653 fps total: 8387 epoch: 2162/5000
fps step: 9094 fps step and policy inference: 8703 fps total: 8437 epoch: 2163/5000
fps step: 9102 fps step and policy inference: 8745 fps total: 8529 epoch: 2164/5000
fps step: 5864 fps step and policy inference: 5703 fps total: 5607 epoch: 2165/5000
fps step: 9357 fps step and policy inference: 9003 fps total: 8779 epoch: 2166/5000
fps step: 9520 fps step and policy inference: 9134 fps total: 8914 epoch: 2167/5000
fps step: 9577 fps step and policy inference: 9189 fps total: 8932 epoch: 2168/5000
fps step: 9379 fps step and policy inference: 8993 fps total: 8751 epoch: 2169/5000
fps step: 9288 fps step and policy inference: 8912 fps total: 8689 epoch: 2170/5000
fps step: 9037 fps step and policy inference: 8685 fps total: 8488 epoch: 2171/5000
fps step: 9296 fps step and policy inference: 8919 fps total: 8661 epoch: 2172/5000
fps step: 9591 fps step and policy inference: 9224 fps total: 8997 epoch: 2173/5000
fps step: 9408 fps step and policy inference: 9045 fps total: 8828 epoch: 2174/5000
fps step: 9531 fps step and policy inference: 9150 fps total: 8861 epoch: 2175/5000
fps step: 9311 fps step and policy inference: 8932 fps total: 8652 epoch: 2176/5000
fps step: 9406 fps step and policy inference: 9037 fps total: 8755 epoch: 2177/5000
fps step: 9208 fps step and policy inference: 8848 fps total: 8610 epoch: 2178/5000
fps step: 9439 fps step and policy inference: 9074 fps total: 8829 epoch: 2179/5000
fps step: 9437 fps step and policy inference: 9045 fps total: 8769 epoch: 2180/5000
fps step: 9463 fps step and policy inference: 9088 fps total: 8853 epoch: 2181/5000
fps step: 6156 fps step and policy inference: 5998 fps total: 5903 epoch: 2182/5000
fps step: 9345 fps step and policy inference: 8955 fps total: 8732 epoch: 2183/5000
fps step: 9520 fps step and policy inference: 9157 fps total: 8883 epoch: 2184/5000
fps step: 9519 fps step and policy inference: 9131 fps total: 8853 epoch: 2185/5000
fps step: 9399 fps step and policy inference: 9006 fps total: 8796 epoch: 2186/5000
fps step: 9350 fps step and policy inference: 8943 fps total: 8686 epoch: 2187/5000
fps step: 9466 fps step and policy inference: 9060 fps total: 8858 epoch: 2188/5000
fps step: 9398 fps step and policy inference: 9004 fps total: 8801 epoch: 2189/5000
fps step: 9360 fps step and policy inference: 8975 fps total: 8765 epoch: 2190/5000
fps step: 9503 fps step and policy inference: 9123 fps total: 8859 epoch: 2191/5000
fps step: 9563 fps step and policy inference: 9175 fps total: 8915 epoch: 2192/5000
fps step: 9530 fps step and policy inference: 9129 fps total: 8866 epoch: 2193/5000
fps step: 9620 fps step and policy inference: 9225 fps total: 8961 epoch: 2194/5000
fps step: 9489 fps step and policy inference: 9103 fps total: 8841 epoch: 2195/5000
fps step: 9360 fps step and policy inference: 8938 fps total: 8655 epoch: 2196/5000
fps step: 9443 fps step and policy inference: 9050 fps total: 8785 epoch: 2197/5000
fps step: 9486 fps step and policy inference: 9096 fps total: 8809 epoch: 2198/5000
fps step: 5965 fps step and policy inference: 5810 fps total: 5720 epoch: 2199/5000
fps step: 9376 fps step and policy inference: 8968 fps total: 8685 epoch: 2200/5000
=> saving checkpoint 'runs/specialist_cuboid_train_2026-07-08_13-01-28/nn/last_specialist_cuboid_train_ep_2200_rew_-50.740715.pth'
fps step: 9384 fps step and policy inference: 8977 fps total: 8725 epoch: 2201/5000
fps step: 9585 fps step and policy inference: 9219 fps total: 8963 epoch: 2202/5000
fps step: 9485 fps step and policy inference: 9108 fps total: 8855 epoch: 2203/5000
fps step: 9090 fps step and policy inference: 8750 fps total: 8537 epoch: 2204/5000
fps step: 8986 fps step and policy inference: 8658 fps total: 8440 epoch: 2205/5000
fps step: 9551 fps step and policy inference: 9192 fps total: 8965 epoch: 2206/5000
fps step: 9461 fps step and policy inference: 9078 fps total: 8812 epoch: 2207/5000
fps step: 9523 fps step and policy inference: 9149 fps total: 8890 epoch: 2208/5000
fps step: 9517 fps step and policy inference: 9133 fps total: 8891 epoch: 2209/5000
fps step: 9323 fps step and policy inference: 8931 fps total: 8674 epoch: 2210/5000
fps step: 9444 fps step and policy inference: 9063 fps total: 8779 epoch: 2211/5000
fps step: 9431 fps step and policy inference: 9038 fps total: 8821 epoch: 2212/5000
fps step: 9446 fps step and policy inference: 9100 fps total: 8836 epoch: 2213/5000
fps step: 9499 fps step and policy inference: 9141 fps total: 8931 epoch: 2214/5000
fps step: 9493 fps step and policy inference: 9134 fps total: 8891 epoch: 2215/5000
fps step: 9174 fps step and policy inference: 8807 fps total: 8612 epoch: 2216/5000
fps step: 5886 fps step and policy inference: 5745 fps total: 5634 epoch: 2217/5000
fps step: 9018 fps step and policy inference: 8692 fps total: 8473 epoch: 2218/5000
fps step: 9157 fps step and policy inference: 8829 fps total: 8567 epoch: 2219/5000
fps step: 9301 fps step and policy inference: 8921 fps total: 8710 epoch: 2220/5000
fps step: 9378 fps step and policy inference: 8985 fps total: 8729 epoch: 2221/5000
fps step: 9467 fps step and policy inference: 9106 fps total: 8886 epoch: 2222/5000
fps step: 9449 fps step and policy inference: 9083 fps total: 8849 epoch: 2223/5000
fps step: 9339 fps step and policy inference: 8956 fps total: 8686 epoch: 2224/5000
fps step: 9609 fps step and policy inference: 9251 fps total: 9010 epoch: 2225/5000
fps step: 9327 fps step and policy inference: 8950 fps total: 8695 epoch: 2226/5000
fps step: 9397 fps step and policy inference: 9024 fps total: 8747 epoch: 2227/5000
fps step: 9286 fps step and policy inference: 8921 fps total: 8677 epoch: 2228/5000
fps step: 9477 fps step and policy inference: 9127 fps total: 8856 epoch: 2229/5000
fps step: 9218 fps step and policy inference: 8860 fps total: 8632 epoch: 2230/5000
fps step: 9192 fps step and policy inference: 8806 fps total: 8591 epoch: 2231/5000
fps step: 9342 fps step and policy inference: 8975 fps total: 8696 epoch: 2232/5000
fps step: 9069 fps step and policy inference: 8697 fps total: 8471 epoch: 2233/5000
fps step: 6006 fps step and policy inference: 5850 fps total: 5744 epoch: 2234/5000
fps step: 9143 fps step and policy inference: 8755 fps total: 8499 epoch: 2235/5000
fps step: 9287 fps step and policy inference: 8906 fps total: 8655 epoch: 2236/5000
fps step: 8934 fps step and policy inference: 8575 fps total: 8372 epoch: 2237/5000
fps step: 8932 fps step and policy inference: 8563 fps total: 8306 epoch: 2238/5000
fps step: 8868 fps step and policy inference: 8524 fps total: 8270 epoch: 2239/5000
fps step: 9443 fps step and policy inference: 9064 fps total: 8787 epoch: 2240/5000
fps step: 9442 fps step and policy inference: 9083 fps total: 8861 epoch: 2241/5000
fps step: 9428 fps step and policy inference: 9033 fps total: 8745 epoch: 2242/5000
fps step: 9369 fps step and policy inference: 8963 fps total: 8717 epoch: 2243/5000
fps step: 9425 fps step and policy inference: 9057 fps total: 8769 epoch: 2244/5000
fps step: 9436 fps step and policy inference: 9043 fps total: 8826 epoch: 2245/5000
fps step: 9250 fps step and policy inference: 8878 fps total: 8624 epoch: 2246/5000
fps step: 9462 fps step and policy inference: 9105 fps total: 8860 epoch: 2247/5000
fps step: 9378 fps step and policy inference: 9005 fps total: 8744 epoch: 2248/5000
fps step: 9300 fps step and policy inference: 8928 fps total: 8685 epoch: 2249/5000
fps step: 9222 fps step and policy inference: 8870 fps total: 8650 epoch: 2250/5000
fps step: 5812 fps step and policy inference: 5667 fps total: 5573 epoch: 2251/5000
fps step: 9311 fps step and policy inference: 8921 fps total: 8660 epoch: 2252/5000
fps step: 9200 fps step and policy inference: 8855 fps total: 8637 epoch: 2253/5000
fps step: 9574 fps step and policy inference: 9224 fps total: 8984 epoch: 2254/5000
fps step: 9416 fps step and policy inference: 9039 fps total: 8769 epoch: 2255/5000
fps step: 9379 fps step and policy inference: 9026 fps total: 8756 epoch: 2256/5000
fps step: 9307 fps step and policy inference: 8955 fps total: 8677 epoch: 2257/5000
fps step: 9286 fps step and policy inference: 8930 fps total: 8644 epoch: 2258/5000
fps step: 9412 fps step and policy inference: 9029 fps total: 8747 epoch: 2259/5000
fps step: 9543 fps step and policy inference: 9154 fps total: 8838 epoch: 2260/5000
fps step: 9624 fps step and policy inference: 9252 fps total: 8965 epoch: 2261/5000
fps step: 9490 fps step and policy inference: 9093 fps total: 8829 epoch: 2262/5000
fps step: 9427 fps step and policy inference: 9036 fps total: 8760 epoch: 2263/5000
fps step: 9499 fps step and policy inference: 9100 fps total: 8847 epoch: 2264/5000
fps step: 9396 fps step and policy inference: 8996 fps total: 8714 epoch: 2265/5000
fps step: 9527 fps step and policy inference: 9152 fps total: 8851 epoch: 2266/5000
fps step: 9408 fps step and policy inference: 9023 fps total: 8735 epoch: 2267/5000
fps step: 6190 fps step and policy inference: 6027 fps total: 5899 epoch: 2268/5000
fps step: 9464 fps step and policy inference: 9064 fps total: 8760 epoch: 2269/5000
fps step: 9511 fps step and policy inference: 9089 fps total: 8808 epoch: 2270/5000
fps step: 9224 fps step and policy inference: 8812 fps total: 8539 epoch: 2271/5000
fps step: 9211 fps step and policy inference: 8792 fps total: 8495 epoch: 2272/5000
fps step: 9415 fps step and policy inference: 9006 fps total: 8704 epoch: 2273/5000
fps step: 9186 fps step and policy inference: 8756 fps total: 8478 epoch: 2274/5000
fps step: 9342 fps step and policy inference: 8921 fps total: 8627 epoch: 2275/5000
fps step: 9351 fps step and policy inference: 8945 fps total: 8667 epoch: 2276/5000
fps step: 9393 fps step and policy inference: 8987 fps total: 8788 epoch: 2277/5000
fps step: 9388 fps step and policy inference: 8977 fps total: 8697 epoch: 2278/5000
fps step: 9403 fps step and policy inference: 9007 fps total: 8725 epoch: 2279/5000
fps step: 9393 fps step and policy inference: 9006 fps total: 8734 epoch: 2280/5000
fps step: 9339 fps step and policy inference: 8944 fps total: 8677 epoch: 2281/5000
fps step: 9330 fps step and policy inference: 8911 fps total: 8612 epoch: 2282/5000
fps step: 9349 fps step and policy inference: 8947 fps total: 8663 epoch: 2283/5000
fps step: 9207 fps step and policy inference: 8806 fps total: 8544 epoch: 2284/5000
fps step: 9398 fps step and policy inference: 9044 fps total: 8747 epoch: 2285/5000
fps step: 6037 fps step and policy inference: 5866 fps total: 5738 epoch: 2286/5000
fps step: 9545 fps step and policy inference: 9151 fps total: 8830 epoch: 2287/5000
fps step: 9263 fps step and policy inference: 8837 fps total: 8568 epoch: 2288/5000
fps step: 9266 fps step and policy inference: 8872 fps total: 8597 epoch: 2289/5000
fps step: 9380 fps step and policy inference: 8974 fps total: 8683 epoch: 2290/5000
fps step: 9377 fps step and policy inference: 8980 fps total: 8722 epoch: 2291/5000
fps step: 9228 fps step and policy inference: 8786 fps total: 8485 epoch: 2292/5000
fps step: 9443 fps step and policy inference: 9055 fps total: 8791 epoch: 2293/5000
fps step: 9494 fps step and policy inference: 9116 fps total: 8820 epoch: 2294/5000
fps step: 9458 fps step and policy inference: 9052 fps total: 8770 epoch: 2295/5000
fps step: 9497 fps step and policy inference: 9096 fps total: 8814 epoch: 2296/5000
fps step: 9356 fps step and policy inference: 8939 fps total: 8651 epoch: 2297/5000
fps step: 9452 fps step and policy inference: 9046 fps total: 8754 epoch: 2298/5000
fps step: 9331 fps step and policy inference: 8945 fps total: 8666 epoch: 2299/5000
fps step: 9567 fps step and policy inference: 9184 fps total: 8892 epoch: 2300/5000
fps step: 9310 fps step and policy inference: 8919 fps total: 8605 epoch: 2301/5000
fps step: 9449 fps step and policy inference: 9029 fps total: 8731 epoch: 2302/5000
fps step: 6131 fps step and policy inference: 5972 fps total: 5849 epoch: 2303/5000
fps step: 9473 fps step and policy inference: 9063 fps total: 8759 epoch: 2304/5000
fps step: 9537 fps step and policy inference: 9151 fps total: 8853 epoch: 2305/5000
fps step: 9567 fps step and policy inference: 9161 fps total: 8877 epoch: 2306/5000
fps step: 9388 fps step and policy inference: 8997 fps total: 8712 epoch: 2307/5000
fps step: 9508 fps step and policy inference: 9137 fps total: 8836 epoch: 2308/5000
fps step: 9472 fps step and policy inference: 9101 fps total: 8808 epoch: 2309/5000
fps step: 10011 fps step and policy inference: 9597 fps total: 9272 epoch: 2310/5000
fps step: 10216 fps step and policy inference: 9799 fps total: 9489 epoch: 2311/5000
fps step: 9723 fps step and policy inference: 9328 fps total: 9046 epoch: 2312/5000
fps step: 9569 fps step and policy inference: 9168 fps total: 8889 epoch: 2313/5000
fps step: 9436 fps step and policy inference: 9072 fps total: 8863 epoch: 2314/5000
fps step: 9661 fps step and policy inference: 9292 fps total: 9065 epoch: 2315/5000
fps step: 9501 fps step and policy inference: 9100 fps total: 8886 epoch: 2316/5000
fps step: 9365 fps step and policy inference: 8970 fps total: 8752 epoch: 2317/5000
fps step: 9489 fps step and policy inference: 9137 fps total: 8873 epoch: 2318/5000
fps step: 9391 fps step and policy inference: 9019 fps total: 8778 epoch: 2319/5000
fps step: 5637 fps step and policy inference: 5506 fps total: 5401 epoch: 2320/5000
fps step: 9535 fps step and policy inference: 9185 fps total: 8870 epoch: 2321/5000
fps step: 9355 fps step and policy inference: 8984 fps total: 8686 epoch: 2322/5000
fps step: 9544 fps step and policy inference: 9176 fps total: 8889 epoch: 2323/5000
fps step: 9561 fps step and policy inference: 9150 fps total: 8846 epoch: 2324/5000
fps step: 9588 fps step and policy inference: 9214 fps total: 9005 epoch: 2325/5000
fps step: 9559 fps step and policy inference: 9191 fps total: 8900 epoch: 2326/5000
fps step: 9443 fps step and policy inference: 9081 fps total: 8836 epoch: 2327/5000
fps step: 9513 fps step and policy inference: 9161 fps total: 8955 epoch: 2328/5000
fps step: 9547 fps step and policy inference: 9184 fps total: 8960 epoch: 2329/5000
fps step: 9435 fps step and policy inference: 9072 fps total: 8870 epoch: 2330/5000
fps step: 9594 fps step and policy inference: 9242 fps total: 9008 epoch: 2331/5000
fps step: 9344 fps step and policy inference: 8977 fps total: 8772 epoch: 2332/5000
fps step: 9585 fps step and policy inference: 9226 fps total: 8980 epoch: 2333/5000
fps step: 9369 fps step and policy inference: 8960 fps total: 8712 epoch: 2334/5000
fps step: 9209 fps step and policy inference: 8835 fps total: 8619 epoch: 2335/5000
fps step: 9262 fps step and policy inference: 8904 fps total: 8631 epoch: 2336/5000
fps step: 9197 fps step and policy inference: 8804 fps total: 8554 epoch: 2337/5000
fps step: 5893 fps step and policy inference: 5736 fps total: 5607 epoch: 2338/5000
fps step: 9228 fps step and policy inference: 8860 fps total: 8608 epoch: 2339/5000
fps step: 9250 fps step and policy inference: 8898 fps total: 8695 epoch: 2340/5000
fps step: 8903 fps step and policy inference: 8546 fps total: 8294 epoch: 2341/5000
fps step: 9153 fps step and policy inference: 8823 fps total: 8590 epoch: 2342/5000
fps step: 9248 fps step and policy inference: 8848 fps total: 8647 epoch: 2343/5000
fps step: 9445 fps step and policy inference: 9069 fps total: 8801 epoch: 2344/5000
fps step: 9561 fps step and policy inference: 9185 fps total: 8946 epoch: 2345/5000
fps step: 9570 fps step and policy inference: 9208 fps total: 8957 epoch: 2346/5000
fps step: 9426 fps step and policy inference: 9056 fps total: 8825 epoch: 2347/5000
fps step: 9588 fps step and policy inference: 9216 fps total: 8996 epoch: 2348/5000
fps step: 9500 fps step and policy inference: 9129 fps total: 8831 epoch: 2349/5000
fps step: 9517 fps step and policy inference: 9132 fps total: 8833 epoch: 2350/5000
fps step: 9515 fps step and policy inference: 9122 fps total: 8836 epoch: 2351/5000
fps step: 9486 fps step and policy inference: 9095 fps total: 8796 epoch: 2352/5000
fps step: 9351 fps step and policy inference: 8958 fps total: 8694 epoch: 2353/5000
fps step: 9297 fps step and policy inference: 8866 fps total: 8582 epoch: 2354/5000
fps step: 6171 fps step and policy inference: 6010 fps total: 5896 epoch: 2355/5000
fps step: 9697 fps step and policy inference: 9293 fps total: 8987 epoch: 2356/5000
fps step: 9527 fps step and policy inference: 9133 fps total: 8838 epoch: 2357/5000
fps step: 9566 fps step and policy inference: 9153 fps total: 8863 epoch: 2358/5000
fps step: 9622 fps step and policy inference: 9229 fps total: 8979 epoch: 2359/5000
fps step: 9383 fps step and policy inference: 8970 fps total: 8738 epoch: 2360/5000
fps step: 9673 fps step and policy inference: 9259 fps total: 9020 epoch: 2361/5000
fps step: 9917 fps step and policy inference: 9536 fps total: 9304 epoch: 2362/5000
fps step: 9621 fps step and policy inference: 9263 fps total: 9047 epoch: 2363/5000
fps step: 9437 fps step and policy inference: 9035 fps total: 8821 epoch: 2364/5000
fps step: 9431 fps step and policy inference: 9027 fps total: 8811 epoch: 2365/5000
fps step: 9812 fps step and policy inference: 9386 fps total: 9163 epoch: 2366/5000
fps step: 9779 fps step and policy inference: 9386 fps total: 9142 epoch: 2367/5000
fps step: 9825 fps step and policy inference: 9432 fps total: 9204 epoch: 2368/5000
fps step: 9870 fps step and policy inference: 9486 fps total: 9217 epoch: 2369/5000
fps step: 9732 fps step and policy inference: 9349 fps total: 9111 epoch: 2370/5000
fps step: 9693 fps step and policy inference: 9306 fps total: 9089 epoch: 2371/5000
fps step: 9670 fps step and policy inference: 9290 fps total: 9004 epoch: 2372/5000
fps step: 5621 fps step and policy inference: 5486 fps total: 5406 epoch: 2373/5000
fps step: 9249 fps step and policy inference: 8907 fps total: 8684 epoch: 2374/5000
fps step: 9160 fps step and policy inference: 8813 fps total: 8592 epoch: 2375/5000
fps step: 9454 fps step and policy inference: 9073 fps total: 8837 epoch: 2376/5000
fps step: 9326 fps step and policy inference: 8920 fps total: 8683 epoch: 2377/5000
fps step: 9646 fps step and policy inference: 9265 fps total: 8962 epoch: 2378/5000
fps step: 9775 fps step and policy inference: 9415 fps total: 9174 epoch: 2379/5000
fps step: 9827 fps step and policy inference: 9456 fps total: 9188 epoch: 2380/5000
fps step: 9685 fps step and policy inference: 9273 fps total: 9037 epoch: 2381/5000
fps step: 9668 fps step and policy inference: 9265 fps total: 9032 epoch: 2382/5000
fps step: 9780 fps step and policy inference: 9358 fps total: 9120 epoch: 2383/5000
fps step: 9748 fps step and policy inference: 9340 fps total: 9035 epoch: 2384/5000
fps step: 9723 fps step and policy inference: 9321 fps total: 9041 epoch: 2385/5000
fps step: 9660 fps step and policy inference: 9264 fps total: 9014 epoch: 2386/5000
fps step: 9767 fps step and policy inference: 9373 fps total: 9108 epoch: 2387/5000
fps step: 9622 fps step and policy inference: 9213 fps total: 9001 epoch: 2388/5000
fps step: 9489 fps step and policy inference: 9108 fps total: 8901 epoch: 2389/5000
fps step: 5825 fps step and policy inference: 5682 fps total: 5565 epoch: 2390/5000
fps step: 9465 fps step and policy inference: 9079 fps total: 8825 epoch: 2391/5000
fps step: 9631 fps step and policy inference: 9240 fps total: 8985 epoch: 2392/5000
fps step: 9563 fps step and policy inference: 9205 fps total: 8981 epoch: 2393/5000
fps step: 9789 fps step and policy inference: 9410 fps total: 9168 epoch: 2394/5000
fps step: 9781 fps step and policy inference: 9377 fps total: 9149 epoch: 2395/5000
fps step: 9602 fps step and policy inference: 9189 fps total: 8970 epoch: 2396/5000
fps step: 9795 fps step and policy inference: 9422 fps total: 9195 epoch: 2397/5000
fps step: 9838 fps step and policy inference: 9443 fps total: 9189 epoch: 2398/5000
fps step: 9717 fps step and policy inference: 9335 fps total: 9105 epoch: 2399/5000
fps step: 9699 fps step and policy inference: 9313 fps total: 9085 epoch: 2400/5000
=> saving checkpoint 'runs/specialist_cuboid_train_2026-07-08_13-01-28/nn/last_specialist_cuboid_train_ep_2400_rew_-38.449776.pth'
fps step: 9816 fps step and policy inference: 9426 fps total: 9137 epoch: 2401/5000
fps step: 9608 fps step and policy inference: 9220 fps total: 8976 epoch: 2402/5000
fps step: 9565 fps step and policy inference: 9193 fps total: 8982 epoch: 2403/5000
fps step: 9443 fps step and policy inference: 9046 fps total: 8794 epoch: 2404/5000
fps step: 9365 fps step and policy inference: 8957 fps total: 8747 epoch: 2405/5000
fps step: 9568 fps step and policy inference: 9185 fps total: 8966 epoch: 2406/5000
fps step: 9613 fps step and policy inference: 9249 fps total: 8961 epoch: 2407/5000
fps step: 5995 fps step and policy inference: 5831 fps total: 5736 epoch: 2408/5000
fps step: 9416 fps step and policy inference: 9015 fps total: 8778 epoch: 2409/5000
fps step: 9339 fps step and policy inference: 8957 fps total: 8709 epoch: 2410/5000
fps step: 9487 fps step and policy inference: 9108 fps total: 8867 epoch: 2411/5000
fps step: 9649 fps step and policy inference: 9284 fps total: 9021 epoch: 2412/5000
fps step: 9692 fps step and policy inference: 9265 fps total: 8939 epoch: 2413/5000
fps step: 9744 fps step and policy inference: 9350 fps total: 9054 epoch: 2414/5000
fps step: 9716 fps step and policy inference: 9302 fps total: 9031 epoch: 2415/5000
fps step: 9679 fps step and policy inference: 9293 fps total: 8996 epoch: 2416/5000
fps step: 9647 fps step and policy inference: 9225 fps total: 8919 epoch: 2417/5000
fps step: 9675 fps step and policy inference: 9295 fps total: 9069 epoch: 2418/5000
fps step: 9672 fps step and policy inference: 9269 fps total: 8982 epoch: 2419/5000
fps step: 9562 fps step and policy inference: 9160 fps total: 8911 epoch: 2420/5000
fps step: 9546 fps step and policy inference: 9148 fps total: 8892 epoch: 2421/5000
fps step: 9756 fps step and policy inference: 9374 fps total: 9062 epoch: 2422/5000
fps step: 9496 fps step and policy inference: 9101 fps total: 8808 epoch: 2423/5000
fps step: 9506 fps step and policy inference: 9092 fps total: 8791 epoch: 2424/5000
fps step: 9568 fps step and policy inference: 9165 fps total: 8944 epoch: 2425/5000
fps step: 5803 fps step and policy inference: 5647 fps total: 5537 epoch: 2426/5000
fps step: 9279 fps step and policy inference: 8892 fps total: 8600 epoch: 2427/5000
fps step: 9321 fps step and policy inference: 8922 fps total: 8628 epoch: 2428/5000
fps step: 9286 fps step and policy inference: 8907 fps total: 8674 epoch: 2429/5000
fps step: 9434 fps step and policy inference: 9036 fps total: 8786 epoch: 2430/5000
fps step: 9421 fps step and policy inference: 9046 fps total: 8839 epoch: 2431/5000
fps step: 9362 fps step and policy inference: 8959 fps total: 8747 epoch: 2432/5000
fps step: 9407 fps step and policy inference: 8992 fps total: 8705 epoch: 2433/5000
fps step: 9428 fps step and policy inference: 9046 fps total: 8742 epoch: 2434/5000
fps step: 9487 fps step and policy inference: 9088 fps total: 8790 epoch: 2435/5000
fps step: 9386 fps step and policy inference: 8997 fps total: 8702 epoch: 2436/5000
fps step: 9461 fps step and policy inference: 9060 fps total: 8772 epoch: 2437/5000
fps step: 9476 fps step and policy inference: 9085 fps total: 8775 epoch: 2438/5000
fps step: 9341 fps step and policy inference: 8955 fps total: 8663 epoch: 2439/5000
fps step: 9226 fps step and policy inference: 8866 fps total: 8593 epoch: 2440/5000
fps step: 8922 fps step and policy inference: 8547 fps total: 8283 epoch: 2441/5000
fps step: 9387 fps step and policy inference: 9010 fps total: 8721 epoch: 2442/5000
fps step: 5902 fps step and policy inference: 5748 fps total: 5618 epoch: 2443/5000
fps step: 9356 fps step and policy inference: 8946 fps total: 8671 epoch: 2444/5000
fps step: 9355 fps step and policy inference: 8951 fps total: 8670 epoch: 2445/5000
fps step: 9481 fps step and policy inference: 9113 fps total: 8815 epoch: 2446/5000
fps step: 9627 fps step and policy inference: 9242 fps total: 8936 epoch: 2447/5000
fps step: 9463 fps step and policy inference: 9063 fps total: 8770 epoch: 2448/5000
fps step: 9606 fps step and policy inference: 9212 fps total: 8917 epoch: 2449/5000
fps step: 9597 fps step and policy inference: 9216 fps total: 8924 epoch: 2450/5000
fps step: 9395 fps step and policy inference: 9007 fps total: 8788 epoch: 2451/5000
fps step: 9385 fps step and policy inference: 8993 fps total: 8763 epoch: 2452/5000
fps step: 9437 fps step and policy inference: 9042 fps total: 8784 epoch: 2453/5000
fps step: 9701 fps step and policy inference: 9302 fps total: 9014 epoch: 2454/5000
fps step: 9562 fps step and policy inference: 9173 fps total: 8927 epoch: 2455/5000
fps step: 9610 fps step and policy inference: 9208 fps total: 8939 epoch: 2456/5000
fps step: 9584 fps step and policy inference: 9175 fps total: 8876 epoch: 2457/5000
fps step: 9648 fps step and policy inference: 9219 fps total: 8925 epoch: 2458/5000
fps step: 9542 fps step and policy inference: 9121 fps total: 8808 epoch: 2459/5000
fps step: 5759 fps step and policy inference: 5604 fps total: 5497 epoch: 2460/5000
fps step: 9358 fps step and policy inference: 8946 fps total: 8665 epoch: 2461/5000
fps step: 9209 fps step and policy inference: 8808 fps total: 8546 epoch: 2462/5000
fps step: 9128 fps step and policy inference: 8691 fps total: 8413 epoch: 2463/5000
fps step: 9472 fps step and policy inference: 9091 fps total: 8806 epoch: 2464/5000
fps step: 9432 fps step and policy inference: 9016 fps total: 8720 epoch: 2465/5000
fps step: 9413 fps step and policy inference: 9017 fps total: 8741 epoch: 2466/5000
fps step: 9488 fps step and policy inference: 9104 fps total: 8814 epoch: 2467/5000
fps step: 9577 fps step and policy inference: 9216 fps total: 8969 epoch: 2468/5000
fps step: 9357 fps step and policy inference: 8978 fps total: 8755 epoch: 2469/5000
fps step: 9679 fps step and policy inference: 9302 fps total: 9067 epoch: 2470/5000
fps step: 9359 fps step and policy inference: 9004 fps total: 8791 epoch: 2471/5000
fps step: 9204 fps step and policy inference: 8870 fps total: 8625 epoch: 2472/5000
fps step: 9203 fps step and policy inference: 8878 fps total: 8653 epoch: 2473/5000
fps step: 9068 fps step and policy inference: 8709 fps total: 8486 epoch: 2474/5000
fps step: 9187 fps step and policy inference: 8832 fps total: 8618 epoch: 2475/5000
fps step: 8936 fps step and policy inference: 8529 fps total: 8340 epoch: 2476/5000
fps step: 8997 fps step and policy inference: 8647 fps total: 5449 epoch: 2477/5000
fps step: 9035 fps step and policy inference: 8673 fps total: 8442 epoch: 2478/5000
fps step: 9411 fps step and policy inference: 9028 fps total: 8743 epoch: 2479/5000
fps step: 9403 fps step and policy inference: 9011 fps total: 8720 epoch: 2480/5000
fps step: 9339 fps step and policy inference: 8968 fps total: 8702 epoch: 2481/5000
fps step: 9447 fps step and policy inference: 9050 fps total: 8756 epoch: 2482/5000
fps step: 9583 fps step and policy inference: 9182 fps total: 8876 epoch: 2483/5000
fps step: 9443 fps step and policy inference: 9031 fps total: 8747 epoch: 2484/5000
fps step: 9278 fps step and policy inference: 8855 fps total: 8574 epoch: 2485/5000
fps step: 9586 fps step and policy inference: 9199 fps total: 8905 epoch: 2486/5000
fps step: 9448 fps step and policy inference: 9055 fps total: 8771 epoch: 2487/5000
fps step: 9404 fps step and policy inference: 9000 fps total: 8760 epoch: 2488/5000
fps step: 8964 fps step and policy inference: 8601 fps total: 8418 epoch: 2489/5000
fps step: 8575 fps step and policy inference: 8214 fps total: 8020 epoch: 2490/5000
fps step: 8663 fps step and policy inference: 8302 fps total: 8106 epoch: 2491/5000
fps step: 8892 fps step and policy inference: 8559 fps total: 8318 epoch: 2492/5000
fps step: 8972 fps step and policy inference: 8619 fps total: 8359 epoch: 2493/5000
fps step: 5487 fps step and policy inference: 5358 fps total: 5257 epoch: 2494/5000
fps step: 8778 fps step and policy inference: 8443 fps total: 8182 epoch: 2495/5000
fps step: 8658 fps step and policy inference: 8300 fps total: 8028 epoch: 2496/5000
fps step: 8944 fps step and policy inference: 8524 fps total: 8262 epoch: 2497/5000
fps step: 9354 fps step and policy inference: 8960 fps total: 8726 epoch: 2498/5000
fps step: 9559 fps step and policy inference: 9126 fps total: 8860 epoch: 2499/5000
fps step: 10025 fps step and policy inference: 9646 fps total: 9360 epoch: 2500/5000
fps step: 9764 fps step and policy inference: 9362 fps total: 9101 epoch: 2501/5000
fps step: 9509 fps step and policy inference: 9107 fps total: 8893 epoch: 2502/5000
fps step: 9284 fps step and policy inference: 8891 fps total: 8627 epoch: 2503/5000
fps step: 9249 fps step and policy inference: 8822 fps total: 8539 epoch: 2504/5000
fps step: 9097 fps step and policy inference: 8671 fps total: 8395 epoch: 2505/5000
fps step: 9327 fps step and policy inference: 8917 fps total: 8667 epoch: 2506/5000
fps step: 9428 fps step and policy inference: 9013 fps total: 8749 epoch: 2507/5000
fps step: 9426 fps step and policy inference: 9039 fps total: 8796 epoch: 2508/5000
fps step: 9499 fps step and policy inference: 9127 fps total: 8915 epoch: 2509/5000
fps step: 9585 fps step and policy inference: 9212 fps total: 8906 epoch: 2510/5000
fps step: 9473 fps step and policy inference: 9125 fps total: 8919 epoch: 2511/5000
fps step: 5920 fps step and policy inference: 5769 fps total: 5665 epoch: 2512/5000
fps step: 9321 fps step and policy inference: 8969 fps total: 8765 epoch: 2513/5000
fps step: 9160 fps step and policy inference: 8834 fps total: 8604 epoch: 2514/5000
fps step: 9287 fps step and policy inference: 8945 fps total: 8711 epoch: 2515/5000
fps step: 9402 fps step and policy inference: 9066 fps total: 8811 epoch: 2516/5000
fps step: 9581 fps step and policy inference: 9170 fps total: 8878 epoch: 2517/5000
fps step: 9661 fps step and policy inference: 9290 fps total: 9050 epoch: 2518/5000
fps step: 9433 fps step and policy inference: 9081 fps total: 8806 epoch: 2519/5000
fps step: 9349 fps step and policy inference: 8979 fps total: 8708 epoch: 2520/5000
fps step: 9481 fps step and policy inference: 9134 fps total: 8849 epoch: 2521/5000
fps step: 9389 fps step and policy inference: 9023 fps total: 8704 epoch: 2522/5000
fps step: 9392 fps step and policy inference: 9045 fps total: 8828 epoch: 2523/5000
fps step: 9262 fps step and policy inference: 8903 fps total: 8704 epoch: 2524/5000
fps step: 9514 fps step and policy inference: 9109 fps total: 8849 epoch: 2525/5000
fps step: 9429 fps step and policy inference: 9007 fps total: 8790 epoch: 2526/5000
fps step: 9355 fps step and policy inference: 8982 fps total: 8745 epoch: 2527/5000
fps step: 9475 fps step and policy inference: 9119 fps total: 8906 epoch: 2528/5000
fps step: 5750 fps step and policy inference: 5620 fps total: 5534 epoch: 2529/5000
fps step: 9442 fps step and policy inference: 9068 fps total: 8841 epoch: 2530/5000
fps step: 9569 fps step and policy inference: 9215 fps total: 8944 epoch: 2531/5000
fps step: 9528 fps step and policy inference: 9158 fps total: 8940 epoch: 2532/5000
fps step: 9712 fps step and policy inference: 9363 fps total: 9136 epoch: 2533/5000
fps step: 9736 fps step and policy inference: 9381 fps total: 9150 epoch: 2534/5000
fps step: 9388 fps step and policy inference: 9045 fps total: 8844 epoch: 2535/5000
fps step: 9652 fps step and policy inference: 9271 fps total: 9048 epoch: 2536/5000
fps step: 9761 fps step and policy inference: 9387 fps total: 9171 epoch: 2537/5000
fps step: 9861 fps step and policy inference: 9466 fps total: 9234 epoch: 2538/5000
fps step: 9865 fps step and policy inference: 9465 fps total: 9201 epoch: 2539/5000
fps step: 9784 fps step and policy inference: 9361 fps total: 9055 epoch: 2540/5000
fps step: 9562 fps step and policy inference: 9177 fps total: 8921 epoch: 2541/5000
fps step: 9460 fps step and policy inference: 9044 fps total: 8815 epoch: 2542/5000
fps step: 9507 fps step and policy inference: 9126 fps total: 8855 epoch: 2543/5000
fps step: 9102 fps step and policy inference: 8764 fps total: 8570 epoch: 2544/5000
fps step: 9150 fps step and policy inference: 8806 fps total: 8556 epoch: 2545/5000
fps step: 9491 fps step and policy inference: 9115 fps total: 8888 epoch: 2546/5000
fps step: 9303 fps step and policy inference: 5648 fps total: 5564 epoch: 2547/5000
fps step: 9423 fps step and policy inference: 9086 fps total: 8810 epoch: 2548/5000
fps step: 9401 fps step and policy inference: 9039 fps total: 8830 epoch: 2549/5000
fps step: 9596 fps step and policy inference: 9211 fps total: 8984 epoch: 2550/5000
fps step: 9712 fps step and policy inference: 9335 fps total: 9096 epoch: 2551/5000
fps step: 9767 fps step and policy inference: 9402 fps total: 9157 epoch: 2552/5000
fps step: 9612 fps step and policy inference: 9239 fps total: 9030 epoch: 2553/5000
fps step: 9783 fps step and policy inference: 9413 fps total: 9171 epoch: 2554/5000
fps step: 9577 fps step and policy inference: 9190 fps total: 8924 epoch: 2555/5000
fps step: 9260 fps step and policy inference: 8878 fps total: 8644 epoch: 2556/5000
fps step: 9533 fps step and policy inference: 9163 fps total: 8912 epoch: 2557/5000
fps step: 9461 fps step and policy inference: 9081 fps total: 8856 epoch: 2558/5000
fps step: 9473 fps step and policy inference: 9109 fps total: 8804 epoch: 2559/5000
fps step: 9480 fps step and policy inference: 9061 fps total: 8796 epoch: 2560/5000
fps step: 9438 fps step and policy inference: 9046 fps total: 8740 epoch: 2561/5000
fps step: 9258 fps step and policy inference: 8856 fps total: 8594 epoch: 2562/5000
fps step: 9628 fps step and policy inference: 9253 fps total: 8989 epoch: 2563/5000
fps step: 5802 fps step and policy inference: 5658 fps total: 5554 epoch: 2564/5000
fps step: 9423 fps step and policy inference: 9025 fps total: 8810 epoch: 2565/5000
fps step: 9318 fps step and policy inference: 8936 fps total: 8720 epoch: 2566/5000
fps step: 9674 fps step and policy inference: 9299 fps total: 9057 epoch: 2567/5000
fps step: 9609 fps step and policy inference: 9193 fps total: 8964 epoch: 2568/5000
fps step: 9649 fps step and policy inference: 9279 fps total: 9062 epoch: 2569/5000
fps step: 9594 fps step and policy inference: 9225 fps total: 9007 epoch: 2570/5000
fps step: 9727 fps step and policy inference: 9324 fps total: 9036 epoch: 2571/5000
fps step: 9507 fps step and policy inference: 9104 fps total: 8867 epoch: 2572/5000
fps step: 9405 fps step and policy inference: 8991 fps total: 8773 epoch: 2573/5000
fps step: 9533 fps step and policy inference: 9149 fps total: 8892 epoch: 2574/5000
fps step: 9472 fps step and policy inference: 9093 fps total: 8831 epoch: 2575/5000
fps step: 9441 fps step and policy inference: 9034 fps total: 8778 epoch: 2576/5000
fps step: 9569 fps step and policy inference: 9182 fps total: 8933 epoch: 2577/5000
fps step: 9576 fps step and policy inference: 9183 fps total: 8925 epoch: 2578/5000
fps step: 9550 fps step and policy inference: 9139 fps total: 8868 epoch: 2579/5000
fps step: 9581 fps step and policy inference: 9198 fps total: 8974 epoch: 2580/5000
fps step: 9371 fps step and policy inference: 8981 fps total: 8767 epoch: 2581/5000
fps step: 5968 fps step and policy inference: 5812 fps total: 5717 epoch: 2582/5000
fps step: 9005 fps step and policy inference: 8663 fps total: 8457 epoch: 2583/5000
fps step: 8974 fps step and policy inference: 8627 fps total: 8416 epoch: 2584/5000
fps step: 9103 fps step and policy inference: 8768 fps total: 8580 epoch: 2585/5000
fps step: 9283 fps step and policy inference: 8942 fps total: 8736 epoch: 2586/5000
fps step: 9458 fps step and policy inference: 9085 fps total: 8828 epoch: 2587/5000
fps step: 9626 fps step and policy inference: 9246 fps total: 8978 epoch: 2588/5000
fps step: 9652 fps step and policy inference: 9257 fps total: 9012 epoch: 2589/5000
fps step: 9659 fps step and policy inference: 9273 fps total: 9044 epoch: 2590/5000
fps step: 9841 fps step and policy inference: 9454 fps total: 9174 epoch: 2591/5000
fps step: 9648 fps step and policy inference: 9249 fps total: 8976 epoch: 2592/5000
fps step: 9461 fps step and policy inference: 9041 fps total: 8785 epoch: 2593/5000
fps step: 9499 fps step and policy inference: 9092 fps total: 8845 epoch: 2594/5000
fps step: 9497 fps step and policy inference: 9067 fps total: 8770 epoch: 2595/5000
fps step: 9512 fps step and policy inference: 9113 fps total: 8811 epoch: 2596/5000
fps step: 9494 fps step and policy inference: 9102 fps total: 8812 epoch: 2597/5000
fps step: 9400 fps step and policy inference: 9001 fps total: 8704 epoch: 2598/5000
fps step: 5538 fps step and policy inference: 5399 fps total: 5307 epoch: 2599/5000
fps step: 9284 fps step and policy inference: 8917 fps total: 8674 epoch: 2600/5000
=> saving checkpoint 'runs/specialist_cuboid_train_2026-07-08_13-01-28/nn/last_specialist_cuboid_train_ep_2600_rew_-35.8924.pth'
fps step: 9412 fps step and policy inference: 8994 fps total: 8713 epoch: 2601/5000
fps step: 9486 fps step and policy inference: 9097 fps total: 8822 epoch: 2602/5000
fps step: 9657 fps step and policy inference: 9251 fps total: 8983 epoch: 2603/5000
fps step: 9754 fps step and policy inference: 9339 fps total: 9056 epoch: 2604/5000
fps step: 9564 fps step and policy inference: 9144 fps total: 8894 epoch: 2605/5000
fps step: 9499 fps step and policy inference: 9094 fps total: 8817 epoch: 2606/5000
fps step: 9476 fps step and policy inference: 9071 fps total: 8847 epoch: 2607/5000
fps step: 9374 fps step and policy inference: 8993 fps total: 8750 epoch: 2608/5000
fps step: 9399 fps step and policy inference: 9012 fps total: 8738 epoch: 2609/5000
fps step: 9103 fps step and policy inference: 8712 fps total: 8445 epoch: 2610/5000
fps step: 9074 fps step and policy inference: 8714 fps total: 8457 epoch: 2611/5000
fps step: 8885 fps step and policy inference: 8499 fps total: 8240 epoch: 2612/5000
fps step: 8782 fps step and policy inference: 8383 fps total: 8129 epoch: 2613/5000
fps step: 8750 fps step and policy inference: 8382 fps total: 8142 epoch: 2614/5000
fps step: 8764 fps step and policy inference: 8392 fps total: 8120 epoch: 2615/5000
fps step: 5509 fps step and policy inference: 5365 fps total: 5265 epoch: 2616/5000
fps step: 8584 fps step and policy inference: 8240 fps total: 8001 epoch: 2617/5000
fps step: 8834 fps step and policy inference: 8466 fps total: 8211 epoch: 2618/5000
fps step: 9555 fps step and policy inference: 9161 fps total: 8915 epoch: 2619/5000
fps step: 9450 fps step and policy inference: 9065 fps total: 8846 epoch: 2620/5000
fps step: 9618 fps step and policy inference: 9199 fps total: 8961 epoch: 2621/5000
fps step: 9662 fps step and policy inference: 9279 fps total: 9062 epoch: 2622/5000
fps step: 9769 fps step and policy inference: 9377 fps total: 9133 epoch: 2623/5000
fps step: 9314 fps step and policy inference: 8952 fps total: 8694 epoch: 2624/5000
fps step: 9206 fps step and policy inference: 8850 fps total: 8621 epoch: 2625/5000
fps step: 9297 fps step and policy inference: 8916 fps total: 8695 epoch: 2626/5000
fps step: 9422 fps step and policy inference: 9030 fps total: 8809 epoch: 2627/5000
fps step: 9546 fps step and policy inference: 9180 fps total: 8957 epoch: 2628/5000
fps step: 9338 fps step and policy inference: 8940 fps total: 8673 epoch: 2629/5000
fps step: 9321 fps step and policy inference: 8932 fps total: 8709 epoch: 2630/5000
fps step: 9392 fps step and policy inference: 8977 fps total: 8749 epoch: 2631/5000
fps step: 9198 fps step and policy inference: 8821 fps total: 8554 epoch: 2632/5000
fps step: 5561 fps step and policy inference: 5427 fps total: 5325 epoch: 2633/5000
fps step: 8987 fps step and policy inference: 8629 fps total: 8376 epoch: 2634/5000
fps step: 9282 fps step and policy inference: 8887 fps total: 8655 epoch: 2635/5000
fps step: 9711 fps step and policy inference: 9304 fps total: 9054 epoch: 2636/5000
fps step: 9763 fps step and policy inference: 9364 fps total: 9144 epoch: 2637/5000
fps step: 9747 fps step and policy inference: 9353 fps total: 9081 epoch: 2638/5000
fps step: 9494 fps step and policy inference: 9097 fps total: 8874 epoch: 2639/5000
fps step: 9690 fps step and policy inference: 9309 fps total: 9075 epoch: 2640/5000
fps step: 9958 fps step and policy inference: 9541 fps total: 9309 epoch: 2641/5000
fps step: 10175 fps step and policy inference: 9783 fps total: 9551 epoch: 2642/5000
fps step: 10071 fps step and policy inference: 9668 fps total: 9422 epoch: 2643/5000
fps step: 9643 fps step and policy inference: 9255 fps total: 9031 epoch: 2644/5000
fps step: 9445 fps step and policy inference: 9026 fps total: 8796 epoch: 2645/5000
fps step: 9472 fps step and policy inference: 9105 fps total: 8887 epoch: 2646/5000
fps step: 9529 fps step and policy inference: 9164 fps total: 8940 epoch: 2647/5000
fps step: 9593 fps step and policy inference: 9217 fps total: 8998 epoch: 2648/5000
fps step: 9591 fps step and policy inference: 9216 fps total: 8946 epoch: 2649/5000
fps step: 9364 fps step and policy inference: 8986 fps total: 8733 epoch: 2650/5000
fps step: 5537 fps step and policy inference: 5406 fps total: 5321 epoch: 2651/5000
fps step: 9397 fps step and policy inference: 9007 fps total: 8752 epoch: 2652/5000
fps step: 9431 fps step and policy inference: 9039 fps total: 8795 epoch: 2653/5000
fps step: 9385 fps step and policy inference: 9016 fps total: 8814 epoch: 2654/5000
fps step: 9814 fps step and policy inference: 9412 fps total: 9107 epoch: 2655/5000
fps step: 9643 fps step and policy inference: 9243 fps total: 9020 epoch: 2656/5000
fps step: 9510 fps step and policy inference: 9086 fps total: 8804 epoch: 2657/5000
fps step: 9758 fps step and policy inference: 9352 fps total: 9103 epoch: 2658/5000
fps step: 9925 fps step and policy inference: 9507 fps total: 9272 epoch: 2659/5000
fps step: 10087 fps step and policy inference: 9685 fps total: 9414 epoch: 2660/5000
fps step: 9561 fps step and policy inference: 9166 fps total: 8847 epoch: 2661/5000
fps step: 9524 fps step and policy inference: 9123 fps total: 8875 epoch: 2662/5000
fps step: 9517 fps step and policy inference: 9116 fps total: 8878 epoch: 2663/5000
fps step: 9407 fps step and policy inference: 9013 fps total: 8783 epoch: 2664/5000
fps step: 9458 fps step and policy inference: 9081 fps total: 8813 epoch: 2665/5000
fps step: 9443 fps step and policy inference: 9034 fps total: 8822 epoch: 2666/5000
fps step: 8933 fps step and policy inference: 8561 fps total: 8313 epoch: 2667/5000
fps step: 5487 fps step and policy inference: 5348 fps total: 5249 epoch: 2668/5000
fps step: 9217 fps step and policy inference: 8820 fps total: 8560 epoch: 2669/5000
fps step: 9337 fps step and policy inference: 8929 fps total: 8654 epoch: 2670/5000
fps step: 9431 fps step and policy inference: 9040 fps total: 8783 epoch: 2671/5000
fps step: 9502 fps step and policy inference: 9110 fps total: 8818 epoch: 2672/5000
fps step: 9538 fps step and policy inference: 9136 fps total: 8846 epoch: 2673/5000
fps step: 9633 fps step and policy inference: 9226 fps total: 8916 epoch: 2674/5000
fps step: 9588 fps step and policy inference: 9168 fps total: 8883 epoch: 2675/5000
fps step: 9624 fps step and policy inference: 9205 fps total: 8890 epoch: 2676/5000
fps step: 9686 fps step and policy inference: 9267 fps total: 9018 epoch: 2677/5000
fps step: 9800 fps step and policy inference: 9418 fps total: 9138 epoch: 2678/5000
fps step: 9730 fps step and policy inference: 9339 fps total: 9055 epoch: 2679/5000
fps step: 9498 fps step and policy inference: 9103 fps total: 8851 epoch: 2680/5000
fps step: 9364 fps step and policy inference: 8981 fps total: 8771 epoch: 2681/5000
fps step: 9245 fps step and policy inference: 8842 fps total: 8622 epoch: 2682/5000
fps step: 9536 fps step and policy inference: 9177 fps total: 8922 epoch: 2683/5000
fps step: 9401 fps step and policy inference: 9048 fps total: 8751 epoch: 2684/5000
fps step: 9174 fps step and policy inference: 8770 fps total: 8508 epoch: 2685/5000
fps step: 5485 fps step and policy inference: 5358 fps total: 5283 epoch: 2686/5000
fps step: 9249 fps step and policy inference: 8863 fps total: 8636 epoch: 2687/5000
fps step: 9361 fps step and policy inference: 9008 fps total: 8722 epoch: 2688/5000
fps step: 9630 fps step and policy inference: 9240 fps total: 8959 epoch: 2689/5000
fps step: 9489 fps step and policy inference: 9114 fps total: 8873 epoch: 2690/5000
fps step: 9583 fps step and policy inference: 9187 fps total: 8907 epoch: 2691/5000
fps step: 9692 fps step and policy inference: 9335 fps total: 9061 epoch: 2692/5000
fps step: 9724 fps step and policy inference: 9327 fps total: 9052 epoch: 2693/5000
fps step: 9959 fps step and policy inference: 9569 fps total: 9271 epoch: 2694/5000
fps step: 9760 fps step and policy inference: 9370 fps total: 9118 epoch: 2695/5000
fps step: 9336 fps step and policy inference: 8971 fps total: 8755 epoch: 2696/5000
fps step: 9168 fps step and policy inference: 8818 fps total: 8603 epoch: 2697/5000
fps step: 9398 fps step and policy inference: 9033 fps total: 8766 epoch: 2698/5000
fps step: 9609 fps step and policy inference: 9232 fps total: 8970 epoch: 2699/5000
fps step: 9447 fps step and policy inference: 9085 fps total: 8871 epoch: 2700/5000
fps step: 9455 fps step and policy inference: 9112 fps total: 8890 epoch: 2701/5000
fps step: 9298 fps step and policy inference: 8946 fps total: 8744 epoch: 2702/5000
fps step: 5564 fps step and policy inference: 5428 fps total: 5342 epoch: 2703/5000
fps step: 9327 fps step and policy inference: 8981 fps total: 8697 epoch: 2704/5000
fps step: 9338 fps step and policy inference: 8973 fps total: 8705 epoch: 2705/5000
fps step: 9559 fps step and policy inference: 9213 fps total: 9004 epoch: 2706/5000
fps step: 9393 fps step and policy inference: 8976 fps total: 8700 epoch: 2707/5000
fps step: 9456 fps step and policy inference: 9090 fps total: 8879 epoch: 2708/5000
fps step: 9568 fps step and policy inference: 9195 fps total: 8964 epoch: 2709/5000
fps step: 9696 fps step and policy inference: 9280 fps total: 9071 epoch: 2710/5000
fps step: 9901 fps step and policy inference: 9526 fps total: 9249 epoch: 2711/5000
fps step: 9376 fps step and policy inference: 8976 fps total: 8775 epoch: 2712/5000
fps step: 9296 fps step and policy inference: 8948 fps total: 8752 epoch: 2713/5000
fps step: 9454 fps step and policy inference: 9116 fps total: 8911 epoch: 2714/5000
fps step: 9344 fps step and policy inference: 8994 fps total: 8783 epoch: 2715/5000
fps step: 9639 fps step and policy inference: 9265 fps total: 9015 epoch: 2716/5000
fps step: 9659 fps step and policy inference: 9296 fps total: 8984 epoch: 2717/5000
fps step: 9542 fps step and policy inference: 9157 fps total: 8919 epoch: 2718/5000
fps step: 9327 fps step and policy inference: 8991 fps total: 8763 epoch: 2719/5000
fps step: 9189 fps step and policy inference: 8834 fps total: 8623 epoch: 2720/5000
fps step: 5563 fps step and policy inference: 5430 fps total: 5356 epoch: 2721/5000
fps step: 9569 fps step and policy inference: 9215 fps total: 8996 epoch: 2722/5000
fps step: 9663 fps step and policy inference: 9312 fps total: 9060 epoch: 2723/5000
fps step: 9914 fps step and policy inference: 9546 fps total: 9309 epoch: 2724/5000
fps step: 9925 fps step and policy inference: 9542 fps total: 9289 epoch: 2725/5000
fps step: 9776 fps step and policy inference: 9392 fps total: 9119 epoch: 2726/5000
fps step: 9349 fps step and policy inference: 8987 fps total: 8769 epoch: 2727/5000
fps step: 9462 fps step and policy inference: 9096 fps total: 8852 epoch: 2728/5000
fps step: 9632 fps step and policy inference: 9269 fps total: 9039 epoch: 2729/5000
fps step: 9490 fps step and policy inference: 9115 fps total: 8889 epoch: 2730/5000
fps step: 9253 fps step and policy inference: 8852 fps total: 8618 epoch: 2731/5000
fps step: 8907 fps step and policy inference: 8485 fps total: 8233 epoch: 2732/5000
fps step: 9117 fps step and policy inference: 8766 fps total: 8502 epoch: 2733/5000
fps step: 9077 fps step and policy inference: 8718 fps total: 8517 epoch: 2734/5000
fps step: 9178 fps step and policy inference: 8800 fps total: 8580 epoch: 2735/5000
fps step: 9529 fps step and policy inference: 9134 fps total: 8886 epoch: 2736/5000
fps step: 9387 fps step and policy inference: 8982 fps total: 8778 epoch: 2737/5000
fps step: 5622 fps step and policy inference: 5479 fps total: 5385 epoch: 2738/5000
fps step: 9375 fps step and policy inference: 8990 fps total: 8742 epoch: 2739/5000
fps step: 9567 fps step and policy inference: 9165 fps total: 8898 epoch: 2740/5000
fps step: 9535 fps step and policy inference: 9122 fps total: 8865 epoch: 2741/5000
fps step: 9632 fps step and policy inference: 9239 fps total: 8956 epoch: 2742/5000
fps step: 9547 fps step and policy inference: 9138 fps total: 8899 epoch: 2743/5000
fps step: 9628 fps step and policy inference: 9240 fps total: 8983 epoch: 2744/5000
fps step: 9547 fps step and policy inference: 9143 fps total: 8925 epoch: 2745/5000
fps step: 9341 fps step and policy inference: 8960 fps total: 8736 epoch: 2746/5000
fps step: 9206 fps step and policy inference: 8807 fps total: 8592 epoch: 2747/5000
fps step: 9565 fps step and policy inference: 9153 fps total: 8882 epoch: 2748/5000
fps step: 9519 fps step and policy inference: 9141 fps total: 8935 epoch: 2749/5000
fps step: 9680 fps step and policy inference: 9304 fps total: 9021 epoch: 2750/5000
fps step: 9594 fps step and policy inference: 9179 fps total: 8956 epoch: 2751/5000
fps step: 9691 fps step and policy inference: 9276 fps total: 9014 epoch: 2752/5000
fps step: 9549 fps step and policy inference: 9131 fps total: 8868 epoch: 2753/5000
fps step: 9652 fps step and policy inference: 9286 fps total: 9037 epoch: 2754/5000
fps step: 6071 fps step and policy inference: 5922 fps total: 5801 epoch: 2755/5000
fps step: 9513 fps step and policy inference: 9121 fps total: 8851 epoch: 2756/5000
fps step: 9659 fps step and policy inference: 9240 fps total: 8989 epoch: 2757/5000
fps step: 9357 fps step and policy inference: 8927 fps total: 8682 epoch: 2758/5000
fps step: 9279 fps step and policy inference: 8874 fps total: 8645 epoch: 2759/5000
fps step: 9305 fps step and policy inference: 8889 fps total: 8653 epoch: 2760/5000
fps step: 9547 fps step and policy inference: 9173 fps total: 8910 epoch: 2761/5000
fps step: 9582 fps step and policy inference: 9200 fps total: 8985 epoch: 2762/5000
fps step: 9586 fps step and policy inference: 9210 fps total: 8999 epoch: 2763/5000
fps step: 9708 fps step and policy inference: 9321 fps total: 9049 epoch: 2764/5000
fps step: 9598 fps step and policy inference: 9222 fps total: 8947 epoch: 2765/5000
fps step: 9461 fps step and policy inference: 9054 fps total: 8770 epoch: 2766/5000
fps step: 9325 fps step and policy inference: 8892 fps total: 8659 epoch: 2767/5000
fps step: 9391 fps step and policy inference: 9004 fps total: 8770 epoch: 2768/5000
fps step: 9564 fps step and policy inference: 9147 fps total: 8852 epoch: 2769/5000
fps step: 9710 fps step and policy inference: 9318 fps total: 9043 epoch: 2770/5000
fps step: 9718 fps step and policy inference: 9336 fps total: 9055 epoch: 2771/5000
fps step: 9586 fps step and policy inference: 9222 fps total: 8984 epoch: 2772/5000
fps step: 5866 fps step and policy inference: 5709 fps total: 5614 epoch: 2773/5000
fps step: 9838 fps step and policy inference: 9440 fps total: 9157 epoch: 2774/5000
fps step: 9589 fps step and policy inference: 9222 fps total: 8945 epoch: 2775/5000
fps step: 9694 fps step and policy inference: 9297 fps total: 8999 epoch: 2776/5000
fps step: 9819 fps step and policy inference: 9441 fps total: 9157 epoch: 2777/5000
fps step: 9642 fps step and policy inference: 9234 fps total: 9006 epoch: 2778/5000
fps step: 9651 fps step and policy inference: 9255 fps total: 8988 epoch: 2779/5000
fps step: 9306 fps step and policy inference: 8917 fps total: 8674 epoch: 2780/5000
fps step: 9495 fps step and policy inference: 9106 fps total: 8878 epoch: 2781/5000
fps step: 9796 fps step and policy inference: 9393 fps total: 9141 epoch: 2782/5000
fps step: 9664 fps step and policy inference: 9261 fps total: 8960 epoch: 2783/5000
fps step: 9479 fps step and policy inference: 9058 fps total: 8817 epoch: 2784/5000
fps step: 9640 fps step and policy inference: 9245 fps total: 8994 epoch: 2785/5000
fps step: 9492 fps step and policy inference: 9088 fps total: 8862 epoch: 2786/5000
fps step: 9553 fps step and policy inference: 9174 fps total: 8930 epoch: 2787/5000
fps step: 9616 fps step and policy inference: 9215 fps total: 8986 epoch: 2788/5000
fps step: 9556 fps step and policy inference: 9140 fps total: 8897 epoch: 2789/5000
fps step: 5912 fps step and policy inference: 5762 fps total: 5677 epoch: 2790/5000
fps step: 9667 fps step and policy inference: 9288 fps total: 9077 epoch: 2791/5000
fps step: 9561 fps step and policy inference: 9150 fps total: 8921 epoch: 2792/5000
fps step: 9648 fps step and policy inference: 9265 fps total: 9057 epoch: 2793/5000
fps step: 9520 fps step and policy inference: 9098 fps total: 8831 epoch: 2794/5000
fps step: 9684 fps step and policy inference: 9312 fps total: 9085 epoch: 2795/5000
fps step: 9763 fps step and policy inference: 9386 fps total: 9056 epoch: 2796/5000
fps step: 9421 fps step and policy inference: 9047 fps total: 8829 epoch: 2797/5000
fps step: 9632 fps step and policy inference: 9253 fps total: 9027 epoch: 2798/5000
fps step: 9441 fps step and policy inference: 9018 fps total: 8714 epoch: 2799/5000
fps step: 9639 fps step and policy inference: 9252 fps total: 9017 epoch: 2800/5000
=> saving checkpoint 'runs/specialist_cuboid_train_2026-07-08_13-01-28/nn/last_specialist_cuboid_train_ep_2800_rew_-20.932604.pth'
fps step: 9510 fps step and policy inference: 9114 fps total: 8857 epoch: 2801/5000
fps step: 9677 fps step and policy inference: 9277 fps total: 8989 epoch: 2802/5000
fps step: 9729 fps step and policy inference: 9336 fps total: 9047 epoch: 2803/5000
fps step: 9441 fps step and policy inference: 9056 fps total: 8816 epoch: 2804/5000
fps step: 9582 fps step and policy inference: 9194 fps total: 8971 epoch: 2805/5000
fps step: 9367 fps step and policy inference: 8940 fps total: 8662 epoch: 2806/5000
fps step: 9638 fps step and policy inference: 9234 fps total: 9011 epoch: 2807/5000
fps step: 5892 fps step and policy inference: 5738 fps total: 5620 epoch: 2808/5000
fps step: 9624 fps step and policy inference: 9222 fps total: 8967 epoch: 2809/5000
fps step: 9587 fps step and policy inference: 9188 fps total: 8934 epoch: 2810/5000
fps step: 9230 fps step and policy inference: 8857 fps total: 8609 epoch: 2811/5000
fps step: 9396 fps step and policy inference: 9001 fps total: 8740 epoch: 2812/5000
fps step: 9468 fps step and policy inference: 9056 fps total: 8757 epoch: 2813/5000
fps step: 9041 fps step and policy inference: 8685 fps total: 8444 epoch: 2814/5000
fps step: 9126 fps step and policy inference: 8750 fps total: 8517 epoch: 2815/5000
fps step: 9211 fps step and policy inference: 8836 fps total: 8588 epoch: 2816/5000
fps step: 9204 fps step and policy inference: 8790 fps total: 8508 epoch: 2817/5000
fps step: 9557 fps step and policy inference: 9156 fps total: 8947 epoch: 2818/5000
fps step: 9642 fps step and policy inference: 9253 fps total: 8951 epoch: 2819/5000
fps step: 9456 fps step and policy inference: 9076 fps total: 8810 epoch: 2820/5000
fps step: 9446 fps step and policy inference: 9025 fps total: 8753 epoch: 2821/5000
fps step: 9334 fps step and policy inference: 8946 fps total: 8679 epoch: 2822/5000
fps step: 9443 fps step and policy inference: 9031 fps total: 8793 epoch: 2823/5000
fps step: 9339 fps step and policy inference: 8902 fps total: 8618 epoch: 2824/5000
fps step: 5767 fps step and policy inference: 5588 fps total: 5476 epoch: 2825/5000
fps step: 9611 fps step and policy inference: 9186 fps total: 8879 epoch: 2826/5000
fps step: 9463 fps step and policy inference: 9030 fps total: 8749 epoch: 2827/5000
fps step: 9328 fps step and policy inference: 8915 fps total: 8625 epoch: 2828/5000
fps step: 9213 fps step and policy inference: 8824 fps total: 8576 epoch: 2829/5000
fps step: 9407 fps step and policy inference: 9008 fps total: 8733 epoch: 2830/5000
fps step: 9778 fps step and policy inference: 9372 fps total: 9071 epoch: 2831/5000
fps step: 9566 fps step and policy inference: 9158 fps total: 8900 epoch: 2832/5000
fps step: 9372 fps step and policy inference: 8990 fps total: 8731 epoch: 2833/5000
fps step: 9380 fps step and policy inference: 9003 fps total: 8781 epoch: 2834/5000
fps step: 9616 fps step and policy inference: 9212 fps total: 8929 epoch: 2835/5000
fps step: 9530 fps step and policy inference: 9128 fps total: 8889 epoch: 2836/5000
fps step: 9400 fps step and policy inference: 8995 fps total: 8765 epoch: 2837/5000
fps step: 9403 fps step and policy inference: 9005 fps total: 8760 epoch: 2838/5000
fps step: 9335 fps step and policy inference: 8927 fps total: 8703 epoch: 2839/5000
fps step: 9530 fps step and policy inference: 9161 fps total: 8896 epoch: 2840/5000
fps step: 9431 fps step and policy inference: 9056 fps total: 8778 epoch: 2841/5000
fps step: 9553 fps step and policy inference: 9161 fps total: 8867 epoch: 2842/5000
fps step: 5819 fps step and policy inference: 5659 fps total: 5549 epoch: 2843/5000
fps step: 9494 fps step and policy inference: 9098 fps total: 8869 epoch: 2844/5000
fps step: 9527 fps step and policy inference: 9110 fps total: 8874 epoch: 2845/5000
fps step: 9270 fps step and policy inference: 8876 fps total: 8666 epoch: 2846/5000
fps step: 9402 fps step and policy inference: 9006 fps total: 8792 epoch: 2847/5000
fps step: 9582 fps step and policy inference: 9224 fps total: 8990 epoch: 2848/5000
fps step: 9395 fps step and policy inference: 8978 fps total: 8751 epoch: 2849/5000
fps step: 9600 fps step and policy inference: 9222 fps total: 8990 epoch: 2850/5000
fps step: 9604 fps step and policy inference: 9244 fps total: 8967 epoch: 2851/5000
fps step: 9546 fps step and policy inference: 9168 fps total: 8915 epoch: 2852/5000
fps step: 9465 fps step and policy inference: 9085 fps total: 8856 epoch: 2853/5000
fps step: 9109 fps step and policy inference: 8750 fps total: 8490 epoch: 2854/5000
fps step: 9442 fps step and policy inference: 9030 fps total: 8774 epoch: 2855/5000
fps step: 9528 fps step and policy inference: 9153 fps total: 8897 epoch: 2856/5000
fps step: 9448 fps step and policy inference: 9071 fps total: 8835 epoch: 2857/5000
fps step: 9412 fps step and policy inference: 9032 fps total: 8781 epoch: 2858/5000
fps step: 9546 fps step and policy inference: 9145 fps total: 8860 epoch: 2859/5000
fps step: 9469 fps step and policy inference: 5606 fps total: 5493 epoch: 2860/5000
fps step: 9254 fps step and policy inference: 8847 fps total: 8617 epoch: 2861/5000
fps step: 9596 fps step and policy inference: 9184 fps total: 8907 epoch: 2862/5000
fps step: 9665 fps step and policy inference: 9276 fps total: 9009 epoch: 2863/5000
fps step: 9560 fps step and policy inference: 9179 fps total: 8897 epoch: 2864/5000
fps step: 9620 fps step and policy inference: 9236 fps total: 8954 epoch: 2865/5000
fps step: 9512 fps step and policy inference: 9126 fps total: 8850 epoch: 2866/5000
fps step: 9598 fps step and policy inference: 9199 fps total: 8908 epoch: 2867/5000
fps step: 9473 fps step and policy inference: 9099 fps total: 8829 epoch: 2868/5000
fps step: 9709 fps step and policy inference: 9326 fps total: 9072 epoch: 2869/5000
fps step: 9474 fps step and policy inference: 9081 fps total: 8797 epoch: 2870/5000
fps step: 9318 fps step and policy inference: 8932 fps total: 8649 epoch: 2871/5000
fps step: 9633 fps step and policy inference: 9266 fps total: 8970 epoch: 2872/5000
fps step: 9519 fps step and policy inference: 9129 fps total: 8856 epoch: 2873/5000
fps step: 9613 fps step and policy inference: 9211 fps total: 8916 epoch: 2874/5000
fps step: 9615 fps step and policy inference: 9204 fps total: 8921 epoch: 2875/5000
fps step: 9680 fps step and policy inference: 9271 fps total: 9023 epoch: 2876/5000
fps step: 9425 fps step and policy inference: 9028 fps total: 8781 epoch: 2877/5000
fps step: 5920 fps step and policy inference: 5769 fps total: 5667 epoch: 2878/5000
fps step: 9753 fps step and policy inference: 9344 fps total: 9068 epoch: 2879/5000
fps step: 9588 fps step and policy inference: 9186 fps total: 8944 epoch: 2880/5000
fps step: 9536 fps step and policy inference: 9135 fps total: 8840 epoch: 2881/5000
fps step: 9760 fps step and policy inference: 9385 fps total: 9098 epoch: 2882/5000
fps step: 9242 fps step and policy inference: 8862 fps total: 8610 epoch: 2883/5000
fps step: 9126 fps step and policy inference: 8759 fps total: 8520 epoch: 2884/5000
fps step: 9132 fps step and policy inference: 8784 fps total: 8533 epoch: 2885/5000
fps step: 9076 fps step and policy inference: 8693 fps total: 8451 epoch: 2886/5000
fps step: 9427 fps step and policy inference: 9032 fps total: 8779 epoch: 2887/5000
fps step: 9544 fps step and policy inference: 9161 fps total: 8908 epoch: 2888/5000
fps step: 9265 fps step and policy inference: 8841 fps total: 8613 epoch: 2889/5000
fps step: 9417 fps step and policy inference: 9013 fps total: 8731 epoch: 2890/5000
fps step: 9473 fps step and policy inference: 9092 fps total: 8793 epoch: 2891/5000
fps step: 9336 fps step and policy inference: 8985 fps total: 8690 epoch: 2892/5000
fps step: 9229 fps step and policy inference: 8810 fps total: 8532 epoch: 2893/5000
fps step: 9283 fps step and policy inference: 8869 fps total: 8660 epoch: 2894/5000
fps step: 5787 fps step and policy inference: 5644 fps total: 5562 epoch: 2895/5000
fps step: 9440 fps step and policy inference: 9081 fps total: 8845 epoch: 2896/5000
fps step: 9498 fps step and policy inference: 9118 fps total: 8804 epoch: 2897/5000
fps step: 9250 fps step and policy inference: 8884 fps total: 8635 epoch: 2898/5000
fps step: 9189 fps step and policy inference: 8863 fps total: 8623 epoch: 2899/5000
fps step: 9211 fps step and policy inference: 8884 fps total: 8669 epoch: 2900/5000
fps step: 9640 fps step and policy inference: 9251 fps total: 9016 epoch: 2901/5000
fps step: 9454 fps step and policy inference: 9092 fps total: 8809 epoch: 2902/5000
fps step: 9683 fps step and policy inference: 9289 fps total: 9069 epoch: 2903/5000
fps step: 9490 fps step and policy inference: 9099 fps total: 8818 epoch: 2904/5000
fps step: 9553 fps step and policy inference: 9186 fps total: 8889 epoch: 2905/5000
fps step: 9537 fps step and policy inference: 9121 fps total: 8832 epoch: 2906/5000
fps step: 9465 fps step and policy inference: 9073 fps total: 8858 epoch: 2907/5000
fps step: 9720 fps step and policy inference: 9334 fps total: 9058 epoch: 2908/5000
fps step: 9532 fps step and policy inference: 9179 fps total: 8920 epoch: 2909/5000
fps step: 9595 fps step and policy inference: 9234 fps total: 8984 epoch: 2910/5000
fps step: 9594 fps step and policy inference: 9230 fps total: 8967 epoch: 2911/5000
fps step: 5978 fps step and policy inference: 5834 fps total: 5726 epoch: 2912/5000
fps step: 9473 fps step and policy inference: 9097 fps total: 8813 epoch: 2913/5000
fps step: 9623 fps step and policy inference: 9246 fps total: 9031 epoch: 2914/5000
fps step: 9552 fps step and policy inference: 9147 fps total: 8888 epoch: 2915/5000
fps step: 9673 fps step and policy inference: 9287 fps total: 8985 epoch: 2916/5000
fps step: 9669 fps step and policy inference: 9258 fps total: 8946 epoch: 2917/5000
fps step: 9442 fps step and policy inference: 9035 fps total: 8787 epoch: 2918/5000
fps step: 9602 fps step and policy inference: 9194 fps total: 8917 epoch: 2919/5000
fps step: 9438 fps step and policy inference: 9034 fps total: 8751 epoch: 2920/5000
fps step: 9473 fps step and policy inference: 9119 fps total: 8836 epoch: 2921/5000
fps step: 9403 fps step and policy inference: 9037 fps total: 8761 epoch: 2922/5000
fps step: 9609 fps step and policy inference: 9229 fps total: 8988 epoch: 2923/5000
fps step: 9553 fps step and policy inference: 9158 fps total: 8873 epoch: 2924/5000
fps step: 9710 fps step and policy inference: 9347 fps total: 9119 epoch: 2925/5000
fps step: 9618 fps step and policy inference: 9236 fps total: 8994 epoch: 2926/5000
fps step: 9559 fps step and policy inference: 9181 fps total: 8922 epoch: 2927/5000
fps step: 9637 fps step and policy inference: 9263 fps total: 9001 epoch: 2928/5000
fps step: 9535 fps step and policy inference: 9139 fps total: 8887 epoch: 2929/5000
fps step: 5880 fps step and policy inference: 5723 fps total: 5619 epoch: 2930/5000
fps step: 9497 fps step and policy inference: 9117 fps total: 8873 epoch: 2931/5000
fps step: 9582 fps step and policy inference: 9191 fps total: 8927 epoch: 2932/5000
fps step: 9668 fps step and policy inference: 9301 fps total: 9061 epoch: 2933/5000
fps step: 9526 fps step and policy inference: 9132 fps total: 8904 epoch: 2934/5000
fps step: 9507 fps step and policy inference: 9128 fps total: 8894 epoch: 2935/5000
fps step: 9531 fps step and policy inference: 9157 fps total: 8930 epoch: 2936/5000
fps step: 9670 fps step and policy inference: 9307 fps total: 9022 epoch: 2937/5000
fps step: 9493 fps step and policy inference: 9108 fps total: 8886 epoch: 2938/5000
fps step: 9666 fps step and policy inference: 9265 fps total: 9001 epoch: 2939/5000
fps step: 9592 fps step and policy inference: 9190 fps total: 8961 epoch: 2940/5000
fps step: 9705 fps step and policy inference: 9317 fps total: 9057 epoch: 2941/5000
fps step: 9749 fps step and policy inference: 9355 fps total: 9067 epoch: 2942/5000
fps step: 9476 fps step and policy inference: 9100 fps total: 8872 epoch: 2943/5000
fps step: 9512 fps step and policy inference: 9120 fps total: 8866 epoch: 2944/5000
fps step: 9577 fps step and policy inference: 9161 fps total: 8941 epoch: 2945/5000
fps step: 9674 fps step and policy inference: 9264 fps total: 8961 epoch: 2946/5000
fps step: 9734 fps step and policy inference: 9340 fps total: 9052 epoch: 2947/5000
fps step: 5928 fps step and policy inference: 5768 fps total: 5680 epoch: 2948/5000
fps step: 9442 fps step and policy inference: 9014 fps total: 8794 epoch: 2949/5000
fps step: 9708 fps step and policy inference: 9328 fps total: 9104 epoch: 2950/5000
fps step: 9654 fps step and policy inference: 9266 fps total: 8965 epoch: 2951/5000
fps step: 9640 fps step and policy inference: 9243 fps total: 8969 epoch: 2952/5000
fps step: 9469 fps step and policy inference: 9096 fps total: 8833 epoch: 2953/5000
fps step: 9596 fps step and policy inference: 9205 fps total: 8949 epoch: 2954/5000
fps step: 9657 fps step and policy inference: 9288 fps total: 9008 epoch: 2955/5000
fps step: 9530 fps step and policy inference: 9147 fps total: 8934 epoch: 2956/5000
fps step: 9773 fps step and policy inference: 9406 fps total: 9168 epoch: 2957/5000
fps step: 9717 fps step and policy inference: 9323 fps total: 9087 epoch: 2958/5000
fps step: 9489 fps step and policy inference: 9091 fps total: 8821 epoch: 2959/5000
fps step: 9515 fps step and policy inference: 9143 fps total: 8908 epoch: 2960/5000
fps step: 9714 fps step and policy inference: 9352 fps total: 9122 epoch: 2961/5000
fps step: 9637 fps step and policy inference: 9243 fps total: 9001 epoch: 2962/5000
fps step: 9478 fps step and policy inference: 9094 fps total: 8813 epoch: 2963/5000
fps step: 9518 fps step and policy inference: 9128 fps total: 8893 epoch: 2964/5000
fps step: 6101 fps step and policy inference: 5935 fps total: 5818 epoch: 2965/5000
fps step: 9530 fps step and policy inference: 9096 fps total: 8875 epoch: 2966/5000
fps step: 9590 fps step and policy inference: 9191 fps total: 8949 epoch: 2967/5000
fps step: 9493 fps step and policy inference: 9082 fps total: 8825 epoch: 2968/5000
fps step: 9521 fps step and policy inference: 9117 fps total: 8907 epoch: 2969/5000
fps step: 9100 fps step and policy inference: 8730 fps total: 8476 epoch: 2970/5000
fps step: 9015 fps step and policy inference: 8660 fps total: 8396 epoch: 2971/5000
fps step: 9163 fps step and policy inference: 8794 fps total: 8508 epoch: 2972/5000
fps step: 9190 fps step and policy inference: 8819 fps total: 8592 epoch: 2973/5000
fps step: 9274 fps step and policy inference: 8903 fps total: 8630 epoch: 2974/5000
fps step: 9337 fps step and policy inference: 8956 fps total: 8714 epoch: 2975/5000
fps step: 9318 fps step and policy inference: 8930 fps total: 8674 epoch: 2976/5000
fps step: 9265 fps step and policy inference: 8878 fps total: 8596 epoch: 2977/5000
fps step: 9400 fps step and policy inference: 9041 fps total: 8780 epoch: 2978/5000
fps step: 9182 fps step and policy inference: 8813 fps total: 8545 epoch: 2979/5000
fps step: 9319 fps step and policy inference: 8947 fps total: 8642 epoch: 2980/5000
fps step: 9199 fps step and policy inference: 8830 fps total: 8586 epoch: 2981/5000
fps step: 5701 fps step and policy inference: 5544 fps total: 5449 epoch: 2982/5000
fps step: 9264 fps step and policy inference: 8877 fps total: 8652 epoch: 2983/5000
fps step: 9395 fps step and policy inference: 8998 fps total: 8760 epoch: 2984/5000
fps step: 9571 fps step and policy inference: 9200 fps total: 8962 epoch: 2985/5000
fps step: 9505 fps step and policy inference: 9126 fps total: 8904 epoch: 2986/5000
fps step: 9577 fps step and policy inference: 9198 fps total: 8953 epoch: 2987/5000
fps step: 9311 fps step and policy inference: 8908 fps total: 8686 epoch: 2988/5000
fps step: 9549 fps step and policy inference: 9169 fps total: 8894 epoch: 2989/5000
fps step: 9523 fps step and policy inference: 9149 fps total: 8881 epoch: 2990/5000
fps step: 9431 fps step and policy inference: 9019 fps total: 8773 epoch: 2991/5000
fps step: 9633 fps step and policy inference: 9252 fps total: 8917 epoch: 2992/5000
fps step: 9474 fps step and policy inference: 9101 fps total: 8837 epoch: 2993/5000
fps step: 9528 fps step and policy inference: 9120 fps total: 8866 epoch: 2994/5000
fps step: 9386 fps step and policy inference: 9019 fps total: 8771 epoch: 2995/5000
fps step: 9429 fps step and policy inference: 9041 fps total: 8828 epoch: 2996/5000
fps step: 9527 fps step and policy inference: 9151 fps total: 8900 epoch: 2997/5000
fps step: 9498 fps step and policy inference: 9111 fps total: 8830 epoch: 2998/5000
fps step: 9476 fps step and policy inference: 9099 fps total: 8805 epoch: 2999/5000
fps step: 5661 fps step and policy inference: 5522 fps total: 5409 epoch: 3000/5000
=> saving checkpoint 'runs/specialist_cuboid_train_2026-07-08_13-01-28/nn/last_specialist_cuboid_train_ep_3000_rew_-26.909065.pth'
fps step: 9307 fps step and policy inference: 8878 fps total: 8578 epoch: 3001/5000
fps step: 9358 fps step and policy inference: 8953 fps total: 8667 epoch: 3002/5000
fps step: 9362 fps step and policy inference: 8977 fps total: 8710 epoch: 3003/5000
fps step: 9635 fps step and policy inference: 9222 fps total: 8920 epoch: 3004/5000
fps step: 9445 fps step and policy inference: 9040 fps total: 8785 epoch: 3005/5000
fps step: 9751 fps step and policy inference: 9337 fps total: 9045 epoch: 3006/5000
fps step: 9639 fps step and policy inference: 9205 fps total: 8923 epoch: 3007/5000
fps step: 9603 fps step and policy inference: 9204 fps total: 8893 epoch: 3008/5000
fps step: 9517 fps step and policy inference: 9138 fps total: 8850 epoch: 3009/5000
fps step: 9706 fps step and policy inference: 9324 fps total: 9041 epoch: 3010/5000
fps step: 9776 fps step and policy inference: 9397 fps total: 9113 epoch: 3011/5000
fps step: 9147 fps step and policy inference: 8799 fps total: 8527 epoch: 3012/5000
fps step: 9425 fps step and policy inference: 9064 fps total: 8832 epoch: 3013/5000
fps step: 9522 fps step and policy inference: 9133 fps total: 8829 epoch: 3014/5000
fps step: 9447 fps step and policy inference: 9066 fps total: 8789 epoch: 3015/5000
fps step: 9229 fps step and policy inference: 8860 fps total: 8583 epoch: 3016/5000
fps step: 5510 fps step and policy inference: 5383 fps total: 5285 epoch: 3017/5000
fps step: 9516 fps step and policy inference: 9127 fps total: 8888 epoch: 3018/5000
fps step: 9444 fps step and policy inference: 9051 fps total: 8787 epoch: 3019/5000
fps step: 9534 fps step and policy inference: 9138 fps total: 8854 epoch: 3020/5000
fps step: 9492 fps step and policy inference: 9101 fps total: 8827 epoch: 3021/5000
fps step: 9303 fps step and policy inference: 8907 fps total: 8656 epoch: 3022/5000
fps step: 9554 fps step and policy inference: 9186 fps total: 8891 epoch: 3023/5000
fps step: 9588 fps step and policy inference: 9203 fps total: 8926 epoch: 3024/5000
fps step: 9595 fps step and policy inference: 9210 fps total: 8936 epoch: 3025/5000
fps step: 9628 fps step and policy inference: 9257 fps total: 9012 epoch: 3026/5000
fps step: 9632 fps step and policy inference: 9250 fps total: 8953 epoch: 3027/5000
fps step: 9460 fps step and policy inference: 9079 fps total: 8790 epoch: 3028/5000
fps step: 9645 fps step and policy inference: 9268 fps total: 8989 epoch: 3029/5000
fps step: 9572 fps step and policy inference: 9152 fps total: 8887 epoch: 3030/5000
fps step: 9608 fps step and policy inference: 9170 fps total: 8902 epoch: 3031/5000
fps step: 9575 fps step and policy inference: 9182 fps total: 8963 epoch: 3032/5000
fps step: 9617 fps step and policy inference: 9214 fps total: 8970 epoch: 3033/5000
fps step: 9073 fps step and policy inference: 8735 fps total: 8513 epoch: 3034/5000
fps step: 5306 fps step and policy inference: 5177 fps total: 5097 epoch: 3035/5000
fps step: 9408 fps step and policy inference: 8989 fps total: 8699 epoch: 3036/5000
fps step: 9431 fps step and policy inference: 9048 fps total: 8828 epoch: 3037/5000
fps step: 9875 fps step and policy inference: 9494 fps total: 9280 epoch: 3038/5000
fps step: 9924 fps step and policy inference: 9513 fps total: 9272 epoch: 3039/5000
fps step: 10102 fps step and policy inference: 9661 fps total: 9363 epoch: 3040/5000
fps step: 10164 fps step and policy inference: 9756 fps total: 9506 epoch: 3041/5000
fps step: 9484 fps step and policy inference: 9068 fps total: 8840 epoch: 3042/5000
fps step: 9444 fps step and policy inference: 9060 fps total: 8814 epoch: 3043/5000
fps step: 9258 fps step and policy inference: 8852 fps total: 8620 epoch: 3044/5000
fps step: 8973 fps step and policy inference: 8603 fps total: 8404 epoch: 3045/5000
fps step: 9282 fps step and policy inference: 8904 fps total: 8687 epoch: 3046/5000
fps step: 9608 fps step and policy inference: 9244 fps total: 8971 epoch: 3047/5000
fps step: 9429 fps step and policy inference: 9043 fps total: 8832 epoch: 3048/5000
fps step: 9472 fps step and policy inference: 9101 fps total: 8861 epoch: 3049/5000
fps step: 9336 fps step and policy inference: 8929 fps total: 8686 epoch: 3050/5000
fps step: 9392 fps step and policy inference: 9021 fps total: 8782 epoch: 3051/5000
fps step: 5290 fps step and policy inference: 5150 fps total: 5075 epoch: 3052/5000
fps step: 9247 fps step and policy inference: 8895 fps total: 8663 epoch: 3053/5000
fps step: 9239 fps step and policy inference: 8856 fps total: 8615 epoch: 3054/5000
fps step: 9420 fps step and policy inference: 9028 fps total: 8786 epoch: 3055/5000
fps step: 9548 fps step and policy inference: 9173 fps total: 8915 epoch: 3056/5000
fps step: 9756 fps step and policy inference: 9390 fps total: 9128 epoch: 3057/5000
fps step: 9518 fps step and policy inference: 9160 fps total: 8872 epoch: 3058/5000
fps step: 9538 fps step and policy inference: 9180 fps total: 8958 epoch: 3059/5000
fps step: 9975 fps step and policy inference: 9570 fps total: 9286 epoch: 3060/5000
fps step: 9841 fps step and policy inference: 9440 fps total: 9164 epoch: 3061/5000
fps step: 9971 fps step and policy inference: 9589 fps total: 9333 epoch: 3062/5000
fps step: 9723 fps step and policy inference: 9347 fps total: 9089 epoch: 3063/5000
fps step: 9661 fps step and policy inference: 9285 fps total: 9007 epoch: 3064/5000
fps step: 9699 fps step and policy inference: 9311 fps total: 9028 epoch: 3065/5000
fps step: 9656 fps step and policy inference: 9256 fps total: 9022 epoch: 3066/5000
fps step: 9325 fps step and policy inference: 8944 fps total: 8674 epoch: 3067/5000
fps step: 9431 fps step and policy inference: 9040 fps total: 8759 epoch: 3068/5000
fps step: 9276 fps step and policy inference: 8889 fps total: 8616 epoch: 3069/5000
fps step: 5365 fps step and policy inference: 5237 fps total: 5163 epoch: 3070/5000
fps step: 8964 fps step and policy inference: 8613 fps total: 8410 epoch: 3071/5000
fps step: 9211 fps step and policy inference: 8840 fps total: 8594 epoch: 3072/5000
fps step: 9228 fps step and policy inference: 8857 fps total: 8589 epoch: 3073/5000
fps step: 9147 fps step and policy inference: 8778 fps total: 8549 epoch: 3074/5000
fps step: 9036 fps step and policy inference: 8670 fps total: 8439 epoch: 3075/5000
fps step: 9014 fps step and policy inference: 8676 fps total: 8482 epoch: 3076/5000
fps step: 9216 fps step and policy inference: 8880 fps total: 8645 epoch: 3077/5000
fps step: 9480 fps step and policy inference: 9121 fps total: 8899 epoch: 3078/5000
fps step: 9915 fps step and policy inference: 9557 fps total: 9276 epoch: 3079/5000
fps step: 9468 fps step and policy inference: 9107 fps total: 8846 epoch: 3080/5000
fps step: 9373 fps step and policy inference: 9018 fps total: 8818 epoch: 3081/5000
fps step: 9455 fps step and policy inference: 9099 fps total: 8855 epoch: 3082/5000
fps step: 8896 fps step and policy inference: 8555 fps total: 8364 epoch: 3083/5000
fps step: 9256 fps step and policy inference: 8923 fps total: 8690 epoch: 3084/5000
fps step: 9369 fps step and policy inference: 9033 fps total: 8754 epoch: 3085/5000
fps step: 8965 fps step and policy inference: 8601 fps total: 8392 epoch: 3086/5000
fps step: 5585 fps step and policy inference: 5464 fps total: 5368 epoch: 3087/5000
fps step: 9241 fps step and policy inference: 8901 fps total: 8697 epoch: 3088/5000
fps step: 9456 fps step and policy inference: 9070 fps total: 8789 epoch: 3089/5000
fps step: 9829 fps step and policy inference: 9460 fps total: 9182 epoch: 3090/5000
fps step: 9553 fps step and policy inference: 9186 fps total: 8908 epoch: 3091/5000
fps step: 9339 fps step and policy inference: 9002 fps total: 8747 epoch: 3092/5000
fps step: 9416 fps step and policy inference: 9077 fps total: 8819 epoch: 3093/5000
fps step: 9637 fps step and policy inference: 9292 fps total: 9056 epoch: 3094/5000
fps step: 9504 fps step and policy inference: 9101 fps total: 8787 epoch: 3095/5000
fps step: 9562 fps step and policy inference: 9180 fps total: 8910 epoch: 3096/5000
fps step: 9714 fps step and policy inference: 9345 fps total: 9079 epoch: 3097/5000
fps step: 9655 fps step and policy inference: 9277 fps total: 9012 epoch: 3098/5000
fps step: 9635 fps step and policy inference: 9237 fps total: 8983 epoch: 3099/5000
fps step: 9538 fps step and policy inference: 9164 fps total: 8879 epoch: 3100/5000
fps step: 9448 fps step and policy inference: 9073 fps total: 8840 epoch: 3101/5000
fps step: 9524 fps step and policy inference: 9147 fps total: 8912 epoch: 3102/5000
fps step: 9650 fps step and policy inference: 9277 fps total: 8993 epoch: 3103/5000
fps step: 5319 fps step and policy inference: 5211 fps total: 5133 epoch: 3104/5000
fps step: 9744 fps step and policy inference: 9373 fps total: 9068 epoch: 3105/5000
fps step: 9420 fps step and policy inference: 9063 fps total: 8812 epoch: 3106/5000
fps step: 9592 fps step and policy inference: 9213 fps total: 8962 epoch: 3107/5000
fps step: 9502 fps step and policy inference: 9109 fps total: 8904 epoch: 3108/5000
fps step: 9883 fps step and policy inference: 9500 fps total: 9167 epoch: 3109/5000
fps step: 9725 fps step and policy inference: 9335 fps total: 9026 epoch: 3110/5000
fps step: 9808 fps step and policy inference: 9413 fps total: 9119 epoch: 3111/5000
fps step: 9695 fps step and policy inference: 9258 fps total: 9017 epoch: 3112/5000
fps step: 9517 fps step and policy inference: 9069 fps total: 8803 epoch: 3113/5000
fps step: 9696 fps step and policy inference: 9277 fps total: 9007 epoch: 3114/5000
fps step: 9603 fps step and policy inference: 9209 fps total: 8915 epoch: 3115/5000
fps step: 9670 fps step and policy inference: 9261 fps total: 9004 epoch: 3116/5000
fps step: 9803 fps step and policy inference: 9406 fps total: 9168 epoch: 3117/5000
fps step: 9706 fps step and policy inference: 9319 fps total: 9060 epoch: 3118/5000
fps step: 9611 fps step and policy inference: 9228 fps total: 8996 epoch: 3119/5000
fps step: 9612 fps step and policy inference: 9244 fps total: 9014 epoch: 3120/5000
fps step: 9525 fps step and policy inference: 9116 fps total: 8861 epoch: 3121/5000
fps step: 5573 fps step and policy inference: 5425 fps total: 5328 epoch: 3122/5000
fps step: 9450 fps step and policy inference: 9021 fps total: 8722 epoch: 3123/5000
fps step: 9638 fps step and policy inference: 9216 fps total: 8948 epoch: 3124/5000
fps step: 9447 fps step and policy inference: 9034 fps total: 8784 epoch: 3125/5000
fps step: 9428 fps step and policy inference: 9033 fps total: 8801 epoch: 3126/5000
fps step: 9502 fps step and policy inference: 9099 fps total: 8847 epoch: 3127/5000
fps step: 9390 fps step and policy inference: 8992 fps total: 8757 epoch: 3128/5000
fps step: 9467 fps step and policy inference: 9058 fps total: 8794 epoch: 3129/5000
fps step: 9496 fps step and policy inference: 9076 fps total: 8788 epoch: 3130/5000
fps step: 9418 fps step and policy inference: 9043 fps total: 8838 epoch: 3131/5000
fps step: 9569 fps step and policy inference: 9177 fps total: 8893 epoch: 3132/5000
fps step: 9511 fps step and policy inference: 9097 fps total: 8814 epoch: 3133/5000
fps step: 9552 fps step and policy inference: 9122 fps total: 8839 epoch: 3134/5000
fps step: 9451 fps step and policy inference: 9039 fps total: 8785 epoch: 3135/5000
fps step: 9544 fps step and policy inference: 9108 fps total: 8812 epoch: 3136/5000
fps step: 9560 fps step and policy inference: 9133 fps total: 8893 epoch: 3137/5000
fps step: 9612 fps step and policy inference: 9241 fps total: 8981 epoch: 3138/5000
fps step: 9642 fps step and policy inference: 9257 fps total: 8990 epoch: 3139/5000
fps step: 5479 fps step and policy inference: 5352 fps total: 5256 epoch: 3140/5000
fps step: 9709 fps step and policy inference: 9340 fps total: 9046 epoch: 3141/5000
fps step: 9530 fps step and policy inference: 9103 fps total: 8792 epoch: 3142/5000
fps step: 9640 fps step and policy inference: 9236 fps total: 8942 epoch: 3143/5000
fps step: 9650 fps step and policy inference: 9210 fps total: 8899 epoch: 3144/5000
fps step: 9180 fps step and policy inference: 8800 fps total: 8527 epoch: 3145/5000
fps step: 9426 fps step and policy inference: 9021 fps total: 8727 epoch: 3146/5000
fps step: 9370 fps step and policy inference: 8930 fps total: 8655 epoch: 3147/5000
fps step: 9309 fps step and policy inference: 8878 fps total: 8594 epoch: 3148/5000
fps step: 9269 fps step and policy inference: 8899 fps total: 8647 epoch: 3149/5000
fps step: 9463 fps step and policy inference: 9033 fps total: 8742 epoch: 3150/5000
fps step: 9506 fps step and policy inference: 9104 fps total: 8823 epoch: 3151/5000
fps step: 9652 fps step and policy inference: 9245 fps total: 8949 epoch: 3152/5000
fps step: 9538 fps step and policy inference: 9135 fps total: 8842 epoch: 3153/5000
fps step: 9506 fps step and policy inference: 9111 fps total: 8863 epoch: 3154/5000
fps step: 9515 fps step and policy inference: 9147 fps total: 8900 epoch: 3155/5000
fps step: 9721 fps step and policy inference: 9332 fps total: 9026 epoch: 3156/5000
fps step: 5549 fps step and policy inference: 5411 fps total: 5318 epoch: 3157/5000
fps step: 9561 fps step and policy inference: 9168 fps total: 8878 epoch: 3158/5000
fps step: 9697 fps step and policy inference: 9265 fps total: 8965 epoch: 3159/5000
fps step: 9546 fps step and policy inference: 9092 fps total: 8839 epoch: 3160/5000
fps step: 9634 fps step and policy inference: 9262 fps total: 8973 epoch: 3161/5000
fps step: 9536 fps step and policy inference: 9139 fps total: 8873 epoch: 3162/5000
fps step: 9519 fps step and policy inference: 9114 fps total: 8893 epoch: 3163/5000
fps step: 9675 fps step and policy inference: 9249 fps total: 8948 epoch: 3164/5000
fps step: 9577 fps step and policy inference: 9143 fps total: 8861 epoch: 3165/5000
fps step: 9727 fps step and policy inference: 9341 fps total: 9054 epoch: 3166/5000
fps step: 9620 fps step and policy inference: 9227 fps total: 9008 epoch: 3167/5000
fps step: 9447 fps step and policy inference: 9043 fps total: 8761 epoch: 3168/5000
fps step: 9589 fps step and policy inference: 9201 fps total: 8975 epoch: 3169/5000
fps step: 9440 fps step and policy inference: 8997 fps total: 8755 epoch: 3170/5000
fps step: 9470 fps step and policy inference: 9059 fps total: 8828 epoch: 3171/5000
fps step: 9569 fps step and policy inference: 9160 fps total: 8868 epoch: 3172/5000
fps step: 9664 fps step and policy inference: 9292 fps total: 9057 epoch: 3173/5000
fps step: 9529 fps step and policy inference: 9114 fps total: 8910 epoch: 3174/5000
fps step: 5609 fps step and policy inference: 5482 fps total: 5376 epoch: 3175/5000
fps step: 9644 fps step and policy inference: 9270 fps total: 8973 epoch: 3176/5000
fps step: 9641 fps step and policy inference: 9252 fps total: 9020 epoch: 3177/5000
fps step: 9718 fps step and policy inference: 9313 fps total: 9067 epoch: 3178/5000
fps step: 9603 fps step and policy inference: 9186 fps total: 8879 epoch: 3179/5000
fps step: 9585 fps step and policy inference: 9185 fps total: 8904 epoch: 3180/5000
fps step: 9634 fps step and policy inference: 9214 fps total: 8992 epoch: 3181/5000
fps step: 9463 fps step and policy inference: 9099 fps total: 8893 epoch: 3182/5000
fps step: 9712 fps step and policy inference: 9329 fps total: 9089 epoch: 3183/5000
fps step: 9561 fps step and policy inference: 9172 fps total: 8870 epoch: 3184/5000
fps step: 9585 fps step and policy inference: 9186 fps total: 8972 epoch: 3185/5000
fps step: 9589 fps step and policy inference: 9212 fps total: 8981 epoch: 3186/5000
fps step: 9303 fps step and policy inference: 8929 fps total: 8661 epoch: 3187/5000
fps step: 8978 fps step and policy inference: 8623 fps total: 8390 epoch: 3188/5000
fps step: 8987 fps step and policy inference: 8608 fps total: 8343 epoch: 3189/5000
fps step: 9220 fps step and policy inference: 8864 fps total: 8645 epoch: 3190/5000
fps step: 9315 fps step and policy inference: 8918 fps total: 8686 epoch: 3191/5000
fps step: 5481 fps step and policy inference: 5334 fps total: 5250 epoch: 3192/5000
fps step: 9296 fps step and policy inference: 8917 fps total: 8671 epoch: 3193/5000
fps step: 9545 fps step and policy inference: 9151 fps total: 8925 epoch: 3194/5000
fps step: 9427 fps step and policy inference: 9031 fps total: 8809 epoch: 3195/5000
fps step: 9282 fps step and policy inference: 8892 fps total: 8659 epoch: 3196/5000
fps step: 9521 fps step and policy inference: 9165 fps total: 8924 epoch: 3197/5000
fps step: 9819 fps step and policy inference: 9424 fps total: 9160 epoch: 3198/5000
fps step: 9683 fps step and policy inference: 9279 fps total: 8978 epoch: 3199/5000
fps step: 9161 fps step and policy inference: 8789 fps total: 8581 epoch: 3200/5000
=> saving checkpoint 'runs/specialist_cuboid_train_2026-07-08_13-01-28/nn/last_specialist_cuboid_train_ep_3200_rew_-23.839016.pth'
fps step: 9508 fps step and policy inference: 9149 fps total: 8908 epoch: 3201/5000
fps step: 9884 fps step and policy inference: 9487 fps total: 9248 epoch: 3202/5000
fps step: 9542 fps step and policy inference: 9145 fps total: 8864 epoch: 3203/5000
fps step: 9576 fps step and policy inference: 9164 fps total: 8910 epoch: 3204/5000
fps step: 9687 fps step and policy inference: 9292 fps total: 9066 epoch: 3205/5000
fps step: 9624 fps step and policy inference: 9201 fps total: 8956 epoch: 3206/5000
fps step: 9760 fps step and policy inference: 9375 fps total: 9149 epoch: 3207/5000
fps step: 9536 fps step and policy inference: 9155 fps total: 8934 epoch: 3208/5000
fps step: 5608 fps step and policy inference: 5487 fps total: 5410 epoch: 3209/5000
fps step: 9452 fps step and policy inference: 9058 fps total: 8815 epoch: 3210/5000
fps step: 9360 fps step and policy inference: 8935 fps total: 8728 epoch: 3211/5000
fps step: 9506 fps step and policy inference: 9119 fps total: 8903 epoch: 3212/5000
fps step: 9398 fps step and policy inference: 9022 fps total: 8820 epoch: 3213/5000
fps step: 9446 fps step and policy inference: 9039 fps total: 8797 epoch: 3214/5000
fps step: 9495 fps step and policy inference: 9095 fps total: 8841 epoch: 3215/5000
fps step: 9618 fps step and policy inference: 9224 fps total: 8999 epoch: 3216/5000
fps step: 9699 fps step and policy inference: 9308 fps total: 9039 epoch: 3217/5000
fps step: 9608 fps step and policy inference: 9225 fps total: 8972 epoch: 3218/5000
fps step: 9392 fps step and policy inference: 9019 fps total: 8791 epoch: 3219/5000
fps step: 9511 fps step and policy inference: 9111 fps total: 8883 epoch: 3220/5000
fps step: 9489 fps step and policy inference: 9080 fps total: 8805 epoch: 3221/5000
fps step: 9570 fps step and policy inference: 9142 fps total: 8843 epoch: 3222/5000
fps step: 9557 fps step and policy inference: 9132 fps total: 8911 epoch: 3223/5000
fps step: 9611 fps step and policy inference: 9213 fps total: 8938 epoch: 3224/5000
fps step: 9525 fps step and policy inference: 9151 fps total: 8914 epoch: 3225/5000
fps step: 9205 fps step and policy inference: 8820 fps total: 8606 epoch: 3226/5000
fps step: 5438 fps step and policy inference: 5304 fps total: 5226 epoch: 3227/5000
fps step: 9358 fps step and policy inference: 9003 fps total: 8770 epoch: 3228/5000
fps step: 9401 fps step and policy inference: 9019 fps total: 8798 epoch: 3229/5000
fps step: 9424 fps step and policy inference: 9024 fps total: 8802 epoch: 3230/5000
fps step: 9230 fps step and policy inference: 8848 fps total: 8630 epoch: 3231/5000
fps step: 9401 fps step and policy inference: 9051 fps total: 8834 epoch: 3232/5000
fps step: 9227 fps step and policy inference: 8866 fps total: 8649 epoch: 3233/5000
fps step: 9115 fps step and policy inference: 8746 fps total: 8484 epoch: 3234/5000
fps step: 9010 fps step and policy inference: 8630 fps total: 8423 epoch: 3235/5000
fps step: 9010 fps step and policy inference: 8639 fps total: 8380 epoch: 3236/5000
fps step: 9217 fps step and policy inference: 8830 fps total: 8575 epoch: 3237/5000
fps step: 9400 fps step and policy inference: 8979 fps total: 8756 epoch: 3238/5000
fps step: 9467 fps step and policy inference: 9079 fps total: 8803 epoch: 3239/5000
fps step: 9655 fps step and policy inference: 9273 fps total: 8987 epoch: 3240/5000
fps step: 9593 fps step and policy inference: 9199 fps total: 8937 epoch: 3241/5000
fps step: 9979 fps step and policy inference: 9600 fps total: 9324 epoch: 3242/5000
fps step: 9488 fps step and policy inference: 9082 fps total: 8792 epoch: 3243/5000
fps step: 5578 fps step and policy inference: 5424 fps total: 5327 epoch: 3244/5000
fps step: 9635 fps step and policy inference: 9226 fps total: 8990 epoch: 3245/5000
fps step: 9557 fps step and policy inference: 9129 fps total: 8872 epoch: 3246/5000
fps step: 9491 fps step and policy inference: 9090 fps total: 8823 epoch: 3247/5000
fps step: 9687 fps step and policy inference: 9312 fps total: 9096 epoch: 3248/5000
fps step: 9643 fps step and policy inference: 9234 fps total: 9004 epoch: 3249/5000
fps step: 9422 fps step and policy inference: 9012 fps total: 8735 epoch: 3250/5000
fps step: 9448 fps step and policy inference: 9029 fps total: 8711 epoch: 3251/5000
fps step: 9513 fps step and policy inference: 9089 fps total: 8784 epoch: 3252/5000
fps step: 9409 fps step and policy inference: 9004 fps total: 8744 epoch: 3253/5000
fps step: 9536 fps step and policy inference: 9128 fps total: 8807 epoch: 3254/5000
fps step: 9559 fps step and policy inference: 9171 fps total: 8895 epoch: 3255/5000
fps step: 9529 fps step and policy inference: 9113 fps total: 8864 epoch: 3256/5000
fps step: 9523 fps step and policy inference: 9140 fps total: 8889 epoch: 3257/5000
fps step: 9610 fps step and policy inference: 9230 fps total: 8976 epoch: 3258/5000
fps step: 9627 fps step and policy inference: 9259 fps total: 8986 epoch: 3259/5000
fps step: 9501 fps step and policy inference: 9102 fps total: 8803 epoch: 3260/5000
fps step: 9561 fps step and policy inference: 9176 fps total: 8920 epoch: 3261/5000
fps step: 5599 fps step and policy inference: 5461 fps total: 5385 epoch: 3262/5000
fps step: 9383 fps step and policy inference: 8968 fps total: 8691 epoch: 3263/5000
fps step: 9437 fps step and policy inference: 9016 fps total: 8719 epoch: 3264/5000
fps step: 9517 fps step and policy inference: 9114 fps total: 8781 epoch: 3265/5000
fps step: 9524 fps step and policy inference: 9138 fps total: 8814 epoch: 3266/5000
fps step: 9421 fps step and policy inference: 9012 fps total: 8709 epoch: 3267/5000
fps step: 9366 fps step and policy inference: 8902 fps total: 8581 epoch: 3268/5000
fps step: 9182 fps step and policy inference: 8738 fps total: 8443 epoch: 3269/5000
fps step: 9167 fps step and policy inference: 8699 fps total: 8397 epoch: 3270/5000
fps step: 9344 fps step and policy inference: 8932 fps total: 8645 epoch: 3271/5000
fps step: 9435 fps step and policy inference: 9027 fps total: 8794 epoch: 3272/5000
fps step: 9362 fps step and policy inference: 8972 fps total: 8663 epoch: 3273/5000
fps step: 9612 fps step and policy inference: 9236 fps total: 8916 epoch: 3274/5000
fps step: 9384 fps step and policy inference: 9019 fps total: 8772 epoch: 3275/5000
fps step: 9417 fps step and policy inference: 9069 fps total: 8750 epoch: 3276/5000
fps step: 9674 fps step and policy inference: 9317 fps total: 9062 epoch: 3277/5000
fps step: 9529 fps step and policy inference: 9152 fps total: 8864 epoch: 3278/5000
fps step: 5525 fps step and policy inference: 5401 fps total: 5299 epoch: 3279/5000
fps step: 9644 fps step and policy inference: 9268 fps total: 8972 epoch: 3280/5000
fps step: 9588 fps step and policy inference: 9197 fps total: 8973 epoch: 3281/5000
fps step: 9750 fps step and policy inference: 9381 fps total: 9072 epoch: 3282/5000
fps step: 10035 fps step and policy inference: 9674 fps total: 9366 epoch: 3283/5000
fps step: 9842 fps step and policy inference: 9450 fps total: 9186 epoch: 3284/5000
fps step: 9974 fps step and policy inference: 9592 fps total: 9293 epoch: 3285/5000
fps step: 9897 fps step and policy inference: 9507 fps total: 9197 epoch: 3286/5000
fps step: 9922 fps step and policy inference: 9540 fps total: 9228 epoch: 3287/5000
fps step: 9970 fps step and policy inference: 9585 fps total: 9285 epoch: 3288/5000
fps step: 9881 fps step and policy inference: 9492 fps total: 9183 epoch: 3289/5000
fps step: 9803 fps step and policy inference: 9415 fps total: 9123 epoch: 3290/5000
fps step: 9785 fps step and policy inference: 9404 fps total: 9105 epoch: 3291/5000
fps step: 9849 fps step and policy inference: 9468 fps total: 9170 epoch: 3292/5000
fps step: 9739 fps step and policy inference: 9333 fps total: 9089 epoch: 3293/5000
fps step: 9629 fps step and policy inference: 9274 fps total: 9006 epoch: 3294/5000
fps step: 9698 fps step and policy inference: 9310 fps total: 9084 epoch: 3295/5000
fps step: 9716 fps step and policy inference: 9312 fps total: 9052 epoch: 3296/5000
fps step: 5369 fps step and policy inference: 5247 fps total: 5175 epoch: 3297/5000
fps step: 9602 fps step and policy inference: 9203 fps total: 8961 epoch: 3298/5000
fps step: 9943 fps step and policy inference: 9546 fps total: 9291 epoch: 3299/5000
fps step: 9705 fps step and policy inference: 9304 fps total: 9054 epoch: 3300/5000
fps step: 9808 fps step and policy inference: 9403 fps total: 9148 epoch: 3301/5000
fps step: 9784 fps step and policy inference: 9364 fps total: 9101 epoch: 3302/5000
fps step: 9917 fps step and policy inference: 9514 fps total: 9295 epoch: 3303/5000
fps step: 10038 fps step and policy inference: 9640 fps total: 9399 epoch: 3304/5000
fps step: 9928 fps step and policy inference: 9536 fps total: 9283 epoch: 3305/5000
fps step: 9718 fps step and policy inference: 9307 fps total: 9000 epoch: 3306/5000
fps step: 9753 fps step and policy inference: 9356 fps total: 9126 epoch: 3307/5000
fps step: 9594 fps step and policy inference: 9166 fps total: 8874 epoch: 3308/5000
fps step: 9517 fps step and policy inference: 9103 fps total: 8824 epoch: 3309/5000
fps step: 9703 fps step and policy inference: 9273 fps total: 8970 epoch: 3310/5000
fps step: 9470 fps step and policy inference: 9065 fps total: 8837 epoch: 3311/5000
fps step: 9565 fps step and policy inference: 9154 fps total: 8884 epoch: 3312/5000
fps step: 9515 fps step and policy inference: 9112 fps total: 8850 epoch: 3313/5000
fps step: 9606 fps step and policy inference: 9204 fps total: 8947 epoch: 3314/5000
fps step: 5292 fps step and policy inference: 5166 fps total: 5088 epoch: 3315/5000
fps step: 9485 fps step and policy inference: 9084 fps total: 8853 epoch: 3316/5000
fps step: 9564 fps step and policy inference: 9185 fps total: 8919 epoch: 3317/5000
fps step: 9548 fps step and policy inference: 9142 fps total: 8828 epoch: 3318/5000
fps step: 9381 fps step and policy inference: 9004 fps total: 8776 epoch: 3319/5000
fps step: 9359 fps step and policy inference: 8990 fps total: 8718 epoch: 3320/5000
fps step: 9433 fps step and policy inference: 9053 fps total: 8846 epoch: 3321/5000
fps step: 9579 fps step and policy inference: 9186 fps total: 8965 epoch: 3322/5000
fps step: 9582 fps step and policy inference: 9172 fps total: 8881 epoch: 3323/5000
fps step: 9434 fps step and policy inference: 9033 fps total: 8770 epoch: 3324/5000
fps step: 9352 fps step and policy inference: 8958 fps total: 8721 epoch: 3325/5000
fps step: 9458 fps step and policy inference: 9095 fps total: 8836 epoch: 3326/5000
fps step: 9414 fps step and policy inference: 9073 fps total: 8808 epoch: 3327/5000
fps step: 9177 fps step and policy inference: 8816 fps total: 8567 epoch: 3328/5000
fps step: 9210 fps step and policy inference: 8836 fps total: 8560 epoch: 3329/5000
fps step: 9257 fps step and policy inference: 8882 fps total: 8653 epoch: 3330/5000
fps step: 9330 fps step and policy inference: 8952 fps total: 8664 epoch: 3331/5000
fps step: 5754 fps step and policy inference: 5607 fps total: 5494 epoch: 3332/5000
fps step: 9479 fps step and policy inference: 9063 fps total: 8793 epoch: 3333/5000
fps step: 9611 fps step and policy inference: 9208 fps total: 8966 epoch: 3334/5000
fps step: 9468 fps step and policy inference: 9022 fps total: 8747 epoch: 3335/5000
fps step: 9596 fps step and policy inference: 9198 fps total: 8900 epoch: 3336/5000
fps step: 9557 fps step and policy inference: 9150 fps total: 8861 epoch: 3337/5000
fps step: 9778 fps step and policy inference: 9398 fps total: 9144 epoch: 3338/5000
fps step: 9553 fps step and policy inference: 9169 fps total: 8874 epoch: 3339/5000
fps step: 9836 fps step and policy inference: 9419 fps total: 9163 epoch: 3340/5000
fps step: 9805 fps step and policy inference: 9395 fps total: 9097 epoch: 3341/5000
fps step: 9785 fps step and policy inference: 9377 fps total: 9050 epoch: 3342/5000
fps step: 9883 fps step and policy inference: 9469 fps total: 9198 epoch: 3343/5000
fps step: 9631 fps step and policy inference: 9210 fps total: 8897 epoch: 3344/5000
fps step: 9549 fps step and policy inference: 9150 fps total: 8922 epoch: 3345/5000
fps step: 9666 fps step and policy inference: 9257 fps total: 8985 epoch: 3346/5000
fps step: 9797 fps step and policy inference: 9349 fps total: 9091 epoch: 3347/5000
fps step: 9639 fps step and policy inference: 9239 fps total: 8973 epoch: 3348/5000
fps step: 9811 fps step and policy inference: 9428 fps total: 9164 epoch: 3349/5000
fps step: 5647 fps step and policy inference: 5497 fps total: 5378 epoch: 3350/5000
fps step: 9520 fps step and policy inference: 9123 fps total: 8820 epoch: 3351/5000
fps step: 9369 fps step and policy inference: 8972 fps total: 8726 epoch: 3352/5000
fps step: 9290 fps step and policy inference: 8897 fps total: 8667 epoch: 3353/5000
fps step: 9712 fps step and policy inference: 9319 fps total: 9021 epoch: 3354/5000
fps step: 9385 fps step and policy inference: 8976 fps total: 8711 epoch: 3355/5000
fps step: 9436 fps step and policy inference: 9075 fps total: 8783 epoch: 3356/5000
fps step: 9718 fps step and policy inference: 9285 fps total: 9030 epoch: 3357/5000
fps step: 9722 fps step and policy inference: 9294 fps total: 9038 epoch: 3358/5000
fps step: 9854 fps step and policy inference: 9463 fps total: 9225 epoch: 3359/5000
fps step: 9727 fps step and policy inference: 9298 fps total: 9024 epoch: 3360/5000
fps step: 9794 fps step and policy inference: 9374 fps total: 9142 epoch: 3361/5000
fps step: 9882 fps step and policy inference: 9469 fps total: 9241 epoch: 3362/5000
fps step: 9846 fps step and policy inference: 9432 fps total: 9148 epoch: 3363/5000
fps step: 9785 fps step and policy inference: 9364 fps total: 9092 epoch: 3364/5000
fps step: 9639 fps step and policy inference: 9222 fps total: 8926 epoch: 3365/5000
fps step: 9631 fps step and policy inference: 9251 fps total: 8990 epoch: 3366/5000
fps step: 9681 fps step and policy inference: 9289 fps total: 9039 epoch: 3367/5000
fps step: 5770 fps step and policy inference: 5633 fps total: 5526 epoch: 3368/5000
fps step: 9509 fps step and policy inference: 9090 fps total: 8813 epoch: 3369/5000
fps step: 9653 fps step and policy inference: 9274 fps total: 8976 epoch: 3370/5000
fps step: 9706 fps step and policy inference: 9308 fps total: 9056 epoch: 3371/5000
fps step: 10235 fps step and policy inference: 9788 fps total: 9501 epoch: 3372/5000
fps step: 10158 fps step and policy inference: 9693 fps total: 9379 epoch: 3373/5000
fps step: 9773 fps step and policy inference: 9351 fps total: 9107 epoch: 3374/5000
fps step: 9693 fps step and policy inference: 9267 fps total: 9048 epoch: 3375/5000
fps step: 9256 fps step and policy inference: 8843 fps total: 8639 epoch: 3376/5000
fps step: 9556 fps step and policy inference: 9196 fps total: 8945 epoch: 3377/5000
fps step: 9751 fps step and policy inference: 9356 fps total: 9046 epoch: 3378/5000
fps step: 9582 fps step and policy inference: 9179 fps total: 8931 epoch: 3379/5000
fps step: 9643 fps step and policy inference: 9221 fps total: 8946 epoch: 3380/5000
fps step: 9378 fps step and policy inference: 8990 fps total: 8732 epoch: 3381/5000
fps step: 9658 fps step and policy inference: 9274 fps total: 8996 epoch: 3382/5000
fps step: 9637 fps step and policy inference: 9217 fps total: 8919 epoch: 3383/5000
fps step: 9711 fps step and policy inference: 9352 fps total: 9080 epoch: 3384/5000
fps step: 5449 fps step and policy inference: 5324 fps total: 5223 epoch: 3385/5000
fps step: 8933 fps step and policy inference: 8575 fps total: 8345 epoch: 3386/5000
fps step: 8955 fps step and policy inference: 8602 fps total: 8365 epoch: 3387/5000
fps step: 9525 fps step and policy inference: 9132 fps total: 8886 epoch: 3388/5000
fps step: 9800 fps step and policy inference: 9407 fps total: 9126 epoch: 3389/5000
fps step: 9709 fps step and policy inference: 9318 fps total: 9078 epoch: 3390/5000
fps step: 9896 fps step and policy inference: 9492 fps total: 9180 epoch: 3391/5000
fps step: 9691 fps step and policy inference: 9299 fps total: 9043 epoch: 3392/5000
fps step: 9743 fps step and policy inference: 9323 fps total: 9118 epoch: 3393/5000
fps step: 10204 fps step and policy inference: 9798 fps total: 9529 epoch: 3394/5000
fps step: 10041 fps step and policy inference: 9603 fps total: 9322 epoch: 3395/5000
fps step: 9963 fps step and policy inference: 9570 fps total: 9283 epoch: 3396/5000
fps step: 9442 fps step and policy inference: 9053 fps total: 8783 epoch: 3397/5000
fps step: 9480 fps step and policy inference: 9083 fps total: 8826 epoch: 3398/5000
fps step: 9577 fps step and policy inference: 9196 fps total: 8970 epoch: 3399/5000
fps step: 9483 fps step and policy inference: 9107 fps total: 8853 epoch: 3400/5000
=> saving checkpoint 'runs/specialist_cuboid_train_2026-07-08_13-01-28/nn/last_specialist_cuboid_train_ep_3400_rew_-18.509972.pth'
fps step: 9511 fps step and policy inference: 9130 fps total: 8822 epoch: 3401/5000
fps step: 9192 fps step and policy inference: 8831 fps total: 8532 epoch: 3402/5000
fps step: 5421 fps step and policy inference: 5287 fps total: 5181 epoch: 3403/5000
fps step: 9285 fps step and policy inference: 8928 fps total: 8640 epoch: 3404/5000
fps step: 9298 fps step and policy inference: 8917 fps total: 8661 epoch: 3405/5000
fps step: 9660 fps step and policy inference: 9281 fps total: 9010 epoch: 3406/5000
fps step: 9869 fps step and policy inference: 9475 fps total: 9181 epoch: 3407/5000
fps step: 9412 fps step and policy inference: 9023 fps total: 8767 epoch: 3408/5000
fps step: 9673 fps step and policy inference: 9282 fps total: 9042 epoch: 3409/5000
fps step: 9632 fps step and policy inference: 9248 fps total: 8988 epoch: 3410/5000
fps step: 9944 fps step and policy inference: 9567 fps total: 9319 epoch: 3411/5000
fps step: 10241 fps step and policy inference: 9804 fps total: 9546 epoch: 3412/5000
fps step: 10321 fps step and policy inference: 9908 fps total: 9653 epoch: 3413/5000
fps step: 9639 fps step and policy inference: 9226 fps total: 8998 epoch: 3414/5000
fps step: 9484 fps step and policy inference: 9080 fps total: 8820 epoch: 3415/5000
fps step: 9480 fps step and policy inference: 9079 fps total: 8850 epoch: 3416/5000
fps step: 9223 fps step and policy inference: 8870 fps total: 8670 epoch: 3417/5000
fps step: 9136 fps step and policy inference: 8802 fps total: 8557 epoch: 3418/5000
fps step: 9344 fps step and policy inference: 8977 fps total: 8703 epoch: 3419/5000
fps step: 9070 fps step and policy inference: 8675 fps total: 8393 epoch: 3420/5000
fps step: 5353 fps step and policy inference: 5233 fps total: 5149 epoch: 3421/5000
fps step: 9336 fps step and policy inference: 8969 fps total: 8759 epoch: 3422/5000
fps step: 9611 fps step and policy inference: 9197 fps total: 8949 epoch: 3423/5000
fps step: 9627 fps step and policy inference: 9228 fps total: 8995 epoch: 3424/5000
fps step: 9542 fps step and policy inference: 9165 fps total: 8942 epoch: 3425/5000
fps step: 9486 fps step and policy inference: 9122 fps total: 8857 epoch: 3426/5000
fps step: 9449 fps step and policy inference: 9083 fps total: 8812 epoch: 3427/5000
fps step: 9330 fps step and policy inference: 8967 fps total: 8756 epoch: 3428/5000
fps step: 9438 fps step and policy inference: 9043 fps total: 8817 epoch: 3429/5000
fps step: 9949 fps step and policy inference: 9546 fps total: 9281 epoch: 3430/5000
fps step: 10095 fps step and policy inference: 9672 fps total: 9404 epoch: 3431/5000
fps step: 9865 fps step and policy inference: 9476 fps total: 9229 epoch: 3432/5000
fps step: 9687 fps step and policy inference: 9271 fps total: 9014 epoch: 3433/5000
fps step: 9507 fps step and policy inference: 9081 fps total: 8865 epoch: 3434/5000
fps step: 9807 fps step and policy inference: 9418 fps total: 9129 epoch: 3435/5000
fps step: 9520 fps step and policy inference: 9112 fps total: 8821 epoch: 3436/5000
fps step: 9528 fps step and policy inference: 9143 fps total: 8845 epoch: 3437/5000
fps step: 5349 fps step and policy inference: 5211 fps total: 5133 epoch: 3438/5000
fps step: 9435 fps step and policy inference: 9049 fps total: 8796 epoch: 3439/5000
fps step: 9518 fps step and policy inference: 9106 fps total: 8827 epoch: 3440/5000
fps step: 9553 fps step and policy inference: 9156 fps total: 8927 epoch: 3441/5000
fps step: 9537 fps step and policy inference: 9170 fps total: 8930 epoch: 3442/5000
fps step: 9416 fps step and policy inference: 9030 fps total: 8778 epoch: 3443/5000
fps step: 9685 fps step and policy inference: 9279 fps total: 9066 epoch: 3444/5000
fps step: 9766 fps step and policy inference: 9386 fps total: 9114 epoch: 3445/5000
fps step: 9864 fps step and policy inference: 9469 fps total: 9229 epoch: 3446/5000
fps step: 9851 fps step and policy inference: 9455 fps total: 9227 epoch: 3447/5000
fps step: 9633 fps step and policy inference: 9234 fps total: 8989 epoch: 3448/5000
fps step: 9669 fps step and policy inference: 9276 fps total: 9028 epoch: 3449/5000
fps step: 9667 fps step and policy inference: 9280 fps total: 9000 epoch: 3450/5000
fps step: 9579 fps step and policy inference: 9184 fps total: 8964 epoch: 3451/5000
fps step: 9603 fps step and policy inference: 9215 fps total: 8968 epoch: 3452/5000
fps step: 9578 fps step and policy inference: 9215 fps total: 8981 epoch: 3453/5000
fps step: 9708 fps step and policy inference: 9351 fps total: 9132 epoch: 3454/5000
fps step: 9276 fps step and policy inference: 8928 fps total: 8705 epoch: 3455/5000
fps step: 5295 fps step and policy inference: 5163 fps total: 5072 epoch: 3456/5000
fps step: 9136 fps step and policy inference: 8770 fps total: 8491 epoch: 3457/5000
fps step: 9529 fps step and policy inference: 9119 fps total: 8835 epoch: 3458/5000
fps step: 9480 fps step and policy inference: 9124 fps total: 8826 epoch: 3459/5000
fps step: 9327 fps step and policy inference: 8956 fps total: 8665 epoch: 3460/5000
fps step: 9510 fps step and policy inference: 9157 fps total: 8846 epoch: 3461/5000
fps step: 9439 fps step and policy inference: 9022 fps total: 8722 epoch: 3462/5000
fps step: 9579 fps step and policy inference: 9177 fps total: 8912 epoch: 3463/5000
fps step: 9573 fps step and policy inference: 9169 fps total: 8866 epoch: 3464/5000
fps step: 9805 fps step and policy inference: 9385 fps total: 9068 epoch: 3465/5000
fps step: 9750 fps step and policy inference: 9351 fps total: 9103 epoch: 3466/5000
fps step: 9653 fps step and policy inference: 9272 fps total: 9050 epoch: 3467/5000
fps step: 9636 fps step and policy inference: 9254 fps total: 8994 epoch: 3468/5000
fps step: 9567 fps step and policy inference: 9206 fps total: 8966 epoch: 3469/5000
fps step: 9676 fps step and policy inference: 9280 fps total: 9055 epoch: 3470/5000
fps step: 9575 fps step and policy inference: 9176 fps total: 8920 epoch: 3471/5000
fps step: 9530 fps step and policy inference: 9170 fps total: 8900 epoch: 3472/5000
fps step: 5410 fps step and policy inference: 5289 fps total: 5210 epoch: 3473/5000
fps step: 9583 fps step and policy inference: 9191 fps total: 8945 epoch: 3474/5000
fps step: 9640 fps step and policy inference: 9295 fps total: 9048 epoch: 3475/5000
fps step: 9430 fps step and policy inference: 9091 fps total: 8868 epoch: 3476/5000
fps step: 9543 fps step and policy inference: 9187 fps total: 8938 epoch: 3477/5000
fps step: 9664 fps step and policy inference: 9269 fps total: 9033 epoch: 3478/5000
fps step: 10079 fps step and policy inference: 9675 fps total: 9416 epoch: 3479/5000
fps step: 9939 fps step and policy inference: 9550 fps total: 9287 epoch: 3480/5000
fps step: 9972 fps step and policy inference: 9560 fps total: 9263 epoch: 3481/5000
fps step: 9840 fps step and policy inference: 9414 fps total: 9116 epoch: 3482/5000
fps step: 9822 fps step and policy inference: 9415 fps total: 9135 epoch: 3483/5000
fps step: 9915 fps step and policy inference: 9484 fps total: 9217 epoch: 3484/5000
fps step: 9938 fps step and policy inference: 9548 fps total: 9239 epoch: 3485/5000
fps step: 9695 fps step and policy inference: 9247 fps total: 8975 epoch: 3486/5000
fps step: 9608 fps step and policy inference: 9191 fps total: 8982 epoch: 3487/5000
fps step: 9655 fps step and policy inference: 9250 fps total: 9006 epoch: 3488/5000
fps step: 9648 fps step and policy inference: 9247 fps total: 8963 epoch: 3489/5000
fps step: 9606 fps step and policy inference: 9231 fps total: 8937 epoch: 3490/5000
fps step: 5621 fps step and policy inference: 5485 fps total: 5402 epoch: 3491/5000
fps step: 9601 fps step and policy inference: 9188 fps total: 8898 epoch: 3492/5000
fps step: 9591 fps step and policy inference: 9155 fps total: 8857 epoch: 3493/5000
fps step: 9852 fps step and policy inference: 9476 fps total: 9183 epoch: 3494/5000
fps step: 9666 fps step and policy inference: 9287 fps total: 9036 epoch: 3495/5000
fps step: 9671 fps step and policy inference: 9269 fps total: 8994 epoch: 3496/5000
fps step: 9695 fps step and policy inference: 9278 fps total: 8996 epoch: 3497/5000
fps step: 9806 fps step and policy inference: 9400 fps total: 9148 epoch: 3498/5000
fps step: 9198 fps step and policy inference: 8798 fps total: 8567 epoch: 3499/5000
fps step: 9430 fps step and policy inference: 8988 fps total: 8673 epoch: 3500/5000
fps step: 9224 fps step and policy inference: 8868 fps total: 8591 epoch: 3501/5000
fps step: 9107 fps step and policy inference: 8725 fps total: 8486 epoch: 3502/5000
fps step: 9309 fps step and policy inference: 8939 fps total: 8667 epoch: 3503/5000
fps step: 9203 fps step and policy inference: 8825 fps total: 8575 epoch: 3504/5000
fps step: 9616 fps step and policy inference: 9194 fps total: 8943 epoch: 3505/5000
fps step: 9566 fps step and policy inference: 9156 fps total: 8869 epoch: 3506/5000
fps step: 9362 fps step and policy inference: 8940 fps total: 8697 epoch: 3507/5000
fps step: 9505 fps step and policy inference: 9109 fps total: 8871 epoch: 3508/5000
fps step: 5656 fps step and policy inference: 5509 fps total: 5415 epoch: 3509/5000
fps step: 9226 fps step and policy inference: 8867 fps total: 8618 epoch: 3510/5000
fps step: 9428 fps step and policy inference: 9019 fps total: 8763 epoch: 3511/5000
fps step: 9516 fps step and policy inference: 9114 fps total: 8873 epoch: 3512/5000
fps step: 9677 fps step and policy inference: 9305 fps total: 9029 epoch: 3513/5000
fps step: 9417 fps step and policy inference: 9023 fps total: 8756 epoch: 3514/5000
fps step: 9688 fps step and policy inference: 9299 fps total: 9063 epoch: 3515/5000
fps step: 9695 fps step and policy inference: 9317 fps total: 9064 epoch: 3516/5000
fps step: 9579 fps step and policy inference: 9161 fps total: 8919 epoch: 3517/5000
fps step: 9684 fps step and policy inference: 9284 fps total: 9022 epoch: 3518/5000
fps step: 9670 fps step and policy inference: 9259 fps total: 8993 epoch: 3519/5000
fps step: 9785 fps step and policy inference: 9381 fps total: 9092 epoch: 3520/5000
fps step: 9467 fps step and policy inference: 9076 fps total: 8818 epoch: 3521/5000
fps step: 9428 fps step and policy inference: 8998 fps total: 8733 epoch: 3522/5000
fps step: 9410 fps step and policy inference: 9020 fps total: 8754 epoch: 3523/5000
fps step: 9641 fps step and policy inference: 9248 fps total: 8999 epoch: 3524/5000
fps step: 9540 fps step and policy inference: 9140 fps total: 8888 epoch: 3525/5000
fps step: 9655 fps step and policy inference: 9277 fps total: 9021 epoch: 3526/5000
fps step: 9583 fps step and policy inference: 9170 fps total: 8883 epoch: 3527/5000
fps step: 9618 fps step and policy inference: 9236 fps total: 8946 epoch: 3528/5000
fps step: 9423 fps step and policy inference: 9032 fps total: 8756 epoch: 3529/5000
fps step: 9399 fps step and policy inference: 8966 fps total: 8718 epoch: 3530/5000
fps step: 9778 fps step and policy inference: 9398 fps total: 9103 epoch: 3531/5000
fps step: 9687 fps step and policy inference: 9265 fps total: 8976 epoch: 3532/5000
fps step: 9462 fps step and policy inference: 9052 fps total: 8784 epoch: 3533/5000
fps step: 9432 fps step and policy inference: 9030 fps total: 8790 epoch: 3534/5000
fps step: 9543 fps step and policy inference: 9136 fps total: 8864 epoch: 3535/5000
fps step: 9541 fps step and policy inference: 9127 fps total: 8847 epoch: 3536/5000
fps step: 9657 fps step and policy inference: 9265 fps total: 8980 epoch: 3537/5000
fps step: 9679 fps step and policy inference: 9308 fps total: 9028 epoch: 3538/5000
fps step: 9913 fps step and policy inference: 9531 fps total: 9219 epoch: 3539/5000
fps step: 9635 fps step and policy inference: 9222 fps total: 8955 epoch: 3540/5000
fps step: 9774 fps step and policy inference: 9363 fps total: 9063 epoch: 3541/5000
fps step: 9556 fps step and policy inference: 9156 fps total: 8922 epoch: 3542/5000
fps step: 9362 fps step and policy inference: 8956 fps total: 8688 epoch: 3543/5000
fps step: 5553 fps step and policy inference: 5405 fps total: 5313 epoch: 3544/5000
fps step: 9021 fps step and policy inference: 8659 fps total: 8450 epoch: 3545/5000
fps step: 9384 fps step and policy inference: 9008 fps total: 8793 epoch: 3546/5000
fps step: 9370 fps step and policy inference: 8976 fps total: 8759 epoch: 3547/5000
fps step: 9491 fps step and policy inference: 9112 fps total: 8865 epoch: 3548/5000
fps step: 9379 fps step and policy inference: 8996 fps total: 8792 epoch: 3549/5000
fps step: 9636 fps step and policy inference: 9238 fps total: 8935 epoch: 3550/5000
fps step: 9863 fps step and policy inference: 9473 fps total: 9150 epoch: 3551/5000
fps step: 9583 fps step and policy inference: 9159 fps total: 8879 epoch: 3552/5000
fps step: 9718 fps step and policy inference: 9310 fps total: 9007 epoch: 3553/5000
fps step: 9485 fps step and policy inference: 9083 fps total: 8810 epoch: 3554/5000
fps step: 9573 fps step and policy inference: 9176 fps total: 8887 epoch: 3555/5000
fps step: 9664 fps step and policy inference: 9265 fps total: 9034 epoch: 3556/5000
fps step: 9632 fps step and policy inference: 9258 fps total: 8966 epoch: 3557/5000
fps step: 9465 fps step and policy inference: 9070 fps total: 8780 epoch: 3558/5000
fps step: 9493 fps step and policy inference: 9111 fps total: 8867 epoch: 3559/5000
fps step: 9584 fps step and policy inference: 9206 fps total: 8944 epoch: 3560/5000
fps step: 9374 fps step and policy inference: 8982 fps total: 8731 epoch: 3561/5000
fps step: 5517 fps step and policy inference: 5367 fps total: 5275 epoch: 3562/5000
fps step: 9364 fps step and policy inference: 8955 fps total: 8699 epoch: 3563/5000
fps step: 9498 fps step and policy inference: 9066 fps total: 8815 epoch: 3564/5000
fps step: 9459 fps step and policy inference: 9064 fps total: 8842 epoch: 3565/5000
fps step: 9708 fps step and policy inference: 9310 fps total: 9001 epoch: 3566/5000
fps step: 9579 fps step and policy inference: 9158 fps total: 8890 epoch: 3567/5000
fps step: 9679 fps step and policy inference: 9282 fps total: 9011 epoch: 3568/5000
fps step: 9924 fps step and policy inference: 9558 fps total: 9296 epoch: 3569/5000
fps step: 9698 fps step and policy inference: 9305 fps total: 9042 epoch: 3570/5000
fps step: 9558 fps step and policy inference: 9167 fps total: 8900 epoch: 3571/5000
fps step: 9816 fps step and policy inference: 9443 fps total: 9208 epoch: 3572/5000
fps step: 9633 fps step and policy inference: 9221 fps total: 8998 epoch: 3573/5000
fps step: 9725 fps step and policy inference: 9341 fps total: 9039 epoch: 3574/5000
fps step: 9649 fps step and policy inference: 9212 fps total: 8986 epoch: 3575/5000
fps step: 9793 fps step and policy inference: 9422 fps total: 9131 epoch: 3576/5000
fps step: 9928 fps step and policy inference: 9542 fps total: 9275 epoch: 3577/5000
fps step: 9644 fps step and policy inference: 9268 fps total: 9014 epoch: 3578/5000
fps step: 5688 fps step and policy inference: 5556 fps total: 5465 epoch: 3579/5000
fps step: 9746 fps step and policy inference: 9354 fps total: 9134 epoch: 3580/5000
fps step: 9818 fps step and policy inference: 9413 fps total: 9156 epoch: 3581/5000
fps step: 9545 fps step and policy inference: 9133 fps total: 8900 epoch: 3582/5000
fps step: 9562 fps step and policy inference: 9137 fps total: 8859 epoch: 3583/5000
fps step: 9626 fps step and policy inference: 9199 fps total: 8927 epoch: 3584/5000
fps step: 9479 fps step and policy inference: 9078 fps total: 8837 epoch: 3585/5000
fps step: 9749 fps step and policy inference: 9347 fps total: 9088 epoch: 3586/5000
fps step: 9919 fps step and policy inference: 9541 fps total: 9266 epoch: 3587/5000
fps step: 9761 fps step and policy inference: 9382 fps total: 9149 epoch: 3588/5000
fps step: 9771 fps step and policy inference: 9389 fps total: 9147 epoch: 3589/5000
fps step: 9669 fps step and policy inference: 9250 fps total: 8945 epoch: 3590/5000
fps step: 9737 fps step and policy inference: 9355 fps total: 9111 epoch: 3591/5000
fps step: 9752 fps step and policy inference: 9361 fps total: 9105 epoch: 3592/5000
fps step: 9513 fps step and policy inference: 9087 fps total: 8884 epoch: 3593/5000
fps step: 9601 fps step and policy inference: 9186 fps total: 8964 epoch: 3594/5000
fps step: 9836 fps step and policy inference: 9436 fps total: 9118 epoch: 3595/5000
fps step: 9745 fps step and policy inference: 9324 fps total: 9059 epoch: 3596/5000
fps step: 5619 fps step and policy inference: 5479 fps total: 5392 epoch: 3597/5000
fps step: 9598 fps step and policy inference: 9196 fps total: 8961 epoch: 3598/5000
fps step: 9462 fps step and policy inference: 9069 fps total: 8856 epoch: 3599/5000
fps step: 9608 fps step and policy inference: 9213 fps total: 8921 epoch: 3600/5000
=> saving checkpoint 'runs/specialist_cuboid_train_2026-07-08_13-01-28/nn/last_specialist_cuboid_train_ep_3600_rew_-23.917698.pth'
fps step: 9539 fps step and policy inference: 9147 fps total: 8896 epoch: 3601/5000
fps step: 9425 fps step and policy inference: 9030 fps total: 8747 epoch: 3602/5000
fps step: 9495 fps step and policy inference: 9075 fps total: 8869 epoch: 3603/5000
fps step: 9472 fps step and policy inference: 9051 fps total: 8795 epoch: 3604/5000
fps step: 9571 fps step and policy inference: 9185 fps total: 8943 epoch: 3605/5000
fps step: 9267 fps step and policy inference: 8842 fps total: 8631 epoch: 3606/5000
fps step: 9235 fps step and policy inference: 8798 fps total: 8520 epoch: 3607/5000
fps step: 9460 fps step and policy inference: 9047 fps total: 8752 epoch: 3608/5000
fps step: 9431 fps step and policy inference: 9007 fps total: 8765 epoch: 3609/5000
fps step: 9641 fps step and policy inference: 9233 fps total: 8976 epoch: 3610/5000
fps step: 9550 fps step and policy inference: 9126 fps total: 8878 epoch: 3611/5000
fps step: 9651 fps step and policy inference: 9228 fps total: 9007 epoch: 3612/5000
fps step: 9648 fps step and policy inference: 9243 fps total: 9014 epoch: 3613/5000
fps step: 9690 fps step and policy inference: 9283 fps total: 9054 epoch: 3614/5000
fps step: 5695 fps step and policy inference: 5559 fps total: 5473 epoch: 3615/5000
fps step: 9702 fps step and policy inference: 9273 fps total: 8969 epoch: 3616/5000
fps step: 9861 fps step and policy inference: 9443 fps total: 9155 epoch: 3617/5000
fps step: 9793 fps step and policy inference: 9386 fps total: 9062 epoch: 3618/5000
fps step: 9606 fps step and policy inference: 9164 fps total: 8900 epoch: 3619/5000
fps step: 9753 fps step and policy inference: 9335 fps total: 9081 epoch: 3620/5000
fps step: 9862 fps step and policy inference: 9461 fps total: 9143 epoch: 3621/5000
fps step: 9762 fps step and policy inference: 9347 fps total: 9097 epoch: 3622/5000
fps step: 9650 fps step and policy inference: 9227 fps total: 8981 epoch: 3623/5000
fps step: 9868 fps step and policy inference: 9462 fps total: 9188 epoch: 3624/5000
fps step: 9547 fps step and policy inference: 9132 fps total: 8909 epoch: 3625/5000
fps step: 9649 fps step and policy inference: 9251 fps total: 9024 epoch: 3626/5000
fps step: 9762 fps step and policy inference: 9344 fps total: 9112 epoch: 3627/5000
fps step: 9885 fps step and policy inference: 9490 fps total: 9234 epoch: 3628/5000
fps step: 9617 fps step and policy inference: 9197 fps total: 8957 epoch: 3629/5000
fps step: 9563 fps step and policy inference: 9160 fps total: 8933 epoch: 3630/5000
fps step: 9739 fps step and policy inference: 9344 fps total: 9123 epoch: 3631/5000
fps step: 9652 fps step and policy inference: 9255 fps total: 8995 epoch: 3632/5000
fps step: 5747 fps step and policy inference: 5598 fps total: 5499 epoch: 3633/5000
fps step: 9757 fps step and policy inference: 9383 fps total: 9089 epoch: 3634/5000
fps step: 9866 fps step and policy inference: 9442 fps total: 9196 epoch: 3635/5000
fps step: 9715 fps step and policy inference: 9333 fps total: 9050 epoch: 3636/5000
fps step: 9774 fps step and policy inference: 9374 fps total: 9100 epoch: 3637/5000
fps step: 9747 fps step and policy inference: 9350 fps total: 9091 epoch: 3638/5000
fps step: 9625 fps step and policy inference: 9237 fps total: 8993 epoch: 3639/5000
fps step: 9509 fps step and policy inference: 9152 fps total: 8851 epoch: 3640/5000
fps step: 9459 fps step and policy inference: 9113 fps total: 8814 epoch: 3641/5000
fps step: 9534 fps step and policy inference: 9160 fps total: 8879 epoch: 3642/5000
fps step: 9536 fps step and policy inference: 9172 fps total: 8916 epoch: 3643/5000
fps step: 9580 fps step and policy inference: 9205 fps total: 8933 epoch: 3644/5000
fps step: 9414 fps step and policy inference: 9056 fps total: 8810 epoch: 3645/5000
fps step: 9527 fps step and policy inference: 9178 fps total: 8914 epoch: 3646/5000
fps step: 9616 fps step and policy inference: 9254 fps total: 8956 epoch: 3647/5000
fps step: 9561 fps step and policy inference: 9207 fps total: 8938 epoch: 3648/5000
fps step: 9383 fps step and policy inference: 8998 fps total: 8688 epoch: 3649/5000
fps step: 5643 fps step and policy inference: 5494 fps total: 5397 epoch: 3650/5000
fps step: 9546 fps step and policy inference: 9169 fps total: 8881 epoch: 3651/5000
fps step: 9409 fps step and policy inference: 9004 fps total: 8698 epoch: 3652/5000
fps step: 9170 fps step and policy inference: 8775 fps total: 8512 epoch: 3653/5000
fps step: 9634 fps step and policy inference: 9273 fps total: 9028 epoch: 3654/5000
fps step: 9582 fps step and policy inference: 9196 fps total: 8953 epoch: 3655/5000
fps step: 9828 fps step and policy inference: 9450 fps total: 9193 epoch: 3656/5000
fps step: 9729 fps step and policy inference: 9334 fps total: 9060 epoch: 3657/5000
fps step: 9872 fps step and policy inference: 9496 fps total: 9225 epoch: 3658/5000
fps step: 9854 fps step and policy inference: 9483 fps total: 9187 epoch: 3659/5000
fps step: 9754 fps step and policy inference: 9376 fps total: 9101 epoch: 3660/5000
fps step: 9914 fps step and policy inference: 9497 fps total: 9202 epoch: 3661/5000
fps step: 9715 fps step and policy inference: 9308 fps total: 9026 epoch: 3662/5000
fps step: 9894 fps step and policy inference: 9501 fps total: 9256 epoch: 3663/5000
fps step: 9984 fps step and policy inference: 9587 fps total: 9285 epoch: 3664/5000
fps step: 9880 fps step and policy inference: 9491 fps total: 9228 epoch: 3665/5000
fps step: 9467 fps step and policy inference: 9111 fps total: 8824 epoch: 3666/5000
fps step: 9162 fps step and policy inference: 8767 fps total: 8541 epoch: 3667/5000
fps step: 5633 fps step and policy inference: 5496 fps total: 5390 epoch: 3668/5000
fps step: 9281 fps step and policy inference: 8911 fps total: 8641 epoch: 3669/5000
fps step: 9299 fps step and policy inference: 8933 fps total: 8702 epoch: 3670/5000
fps step: 9520 fps step and policy inference: 9120 fps total: 8867 epoch: 3671/5000
fps step: 9818 fps step and policy inference: 9405 fps total: 9124 epoch: 3672/5000
fps step: 10001 fps step and policy inference: 9618 fps total: 9384 epoch: 3673/5000
fps step: 9639 fps step and policy inference: 9223 fps total: 9006 epoch: 3674/5000
fps step: 9823 fps step and policy inference: 9441 fps total: 9198 epoch: 3675/5000
fps step: 9767 fps step and policy inference: 9327 fps total: 9033 epoch: 3676/5000
fps step: 9581 fps step and policy inference: 9167 fps total: 8875 epoch: 3677/5000
fps step: 9564 fps step and policy inference: 9156 fps total: 8859 epoch: 3678/5000
fps step: 9523 fps step and policy inference: 9091 fps total: 8808 epoch: 3679/5000
fps step: 9767 fps step and policy inference: 9371 fps total: 9099 epoch: 3680/5000
fps step: 9763 fps step and policy inference: 9380 fps total: 9074 epoch: 3681/5000
fps step: 9512 fps step and policy inference: 9106 fps total: 8847 epoch: 3682/5000
fps step: 9505 fps step and policy inference: 9123 fps total: 8848 epoch: 3683/5000
fps step: 9735 fps step and policy inference: 9370 fps total: 9107 epoch: 3684/5000
fps step: 9624 fps step and policy inference: 9240 fps total: 8983 epoch: 3685/5000
fps step: 5834 fps step and policy inference: 5686 fps total: 5574 epoch: 3686/5000
fps step: 9432 fps step and policy inference: 9026 fps total: 8772 epoch: 3687/5000
fps step: 9688 fps step and policy inference: 9304 fps total: 9064 epoch: 3688/5000
fps step: 9550 fps step and policy inference: 9151 fps total: 8900 epoch: 3689/5000
fps step: 9647 fps step and policy inference: 9249 fps total: 8987 epoch: 3690/5000
fps step: 9397 fps step and policy inference: 8975 fps total: 8736 epoch: 3691/5000
fps step: 9539 fps step and policy inference: 9152 fps total: 8868 epoch: 3692/5000
fps step: 9534 fps step and policy inference: 9121 fps total: 8878 epoch: 3693/5000
fps step: 9433 fps step and policy inference: 9015 fps total: 8741 epoch: 3694/5000
fps step: 9400 fps step and policy inference: 9014 fps total: 8792 epoch: 3695/5000
fps step: 9364 fps step and policy inference: 8971 fps total: 8695 epoch: 3696/5000
fps step: 9357 fps step and policy inference: 8976 fps total: 8760 epoch: 3697/5000
fps step: 9136 fps step and policy inference: 8735 fps total: 8498 epoch: 3698/5000
fps step: 9281 fps step and policy inference: 8920 fps total: 8683 epoch: 3699/5000
fps step: 9248 fps step and policy inference: 8873 fps total: 8593 epoch: 3700/5000
fps step: 9466 fps step and policy inference: 9070 fps total: 8834 epoch: 3701/5000
fps step: 9641 fps step and policy inference: 9237 fps total: 8922 epoch: 3702/5000
fps step: 5718 fps step and policy inference: 5577 fps total: 5466 epoch: 3703/5000
fps step: 9517 fps step and policy inference: 9113 fps total: 8815 epoch: 3704/5000
fps step: 9661 fps step and policy inference: 9255 fps total: 8938 epoch: 3705/5000
fps step: 9589 fps step and policy inference: 9151 fps total: 8878 epoch: 3706/5000
fps step: 9642 fps step and policy inference: 9262 fps total: 8961 epoch: 3707/5000
fps step: 9797 fps step and policy inference: 9408 fps total: 9116 epoch: 3708/5000
fps step: 9623 fps step and policy inference: 9223 fps total: 8943 epoch: 3709/5000
fps step: 9719 fps step and policy inference: 9322 fps total: 9076 epoch: 3710/5000
fps step: 9750 fps step and policy inference: 9379 fps total: 9114 epoch: 3711/5000
fps step: 9903 fps step and policy inference: 9510 fps total: 9240 epoch: 3712/5000
fps step: 9692 fps step and policy inference: 9316 fps total: 9060 epoch: 3713/5000
fps step: 9681 fps step and policy inference: 9288 fps total: 9047 epoch: 3714/5000
fps step: 9561 fps step and policy inference: 9130 fps total: 8899 epoch: 3715/5000
fps step: 9395 fps step and policy inference: 9011 fps total: 8772 epoch: 3716/5000
fps step: 9339 fps step and policy inference: 8994 fps total: 8742 epoch: 3717/5000
fps step: 9370 fps step and policy inference: 8995 fps total: 8779 epoch: 3718/5000
fps step: 9528 fps step and policy inference: 9126 fps total: 8848 epoch: 3719/5000
fps step: 9393 fps step and policy inference: 8997 fps total: 8737 epoch: 3720/5000
fps step: 5766 fps step and policy inference: 5629 fps total: 5518 epoch: 3721/5000
fps step: 9436 fps step and policy inference: 9039 fps total: 8743 epoch: 3722/5000
fps step: 9534 fps step and policy inference: 9147 fps total: 8837 epoch: 3723/5000
fps step: 9662 fps step and policy inference: 9292 fps total: 8998 epoch: 3724/5000
fps step: 9742 fps step and policy inference: 9335 fps total: 9040 epoch: 3725/5000
fps step: 9685 fps step and policy inference: 9293 fps total: 8990 epoch: 3726/5000
fps step: 9400 fps step and policy inference: 9010 fps total: 8745 epoch: 3727/5000
fps step: 9550 fps step and policy inference: 9179 fps total: 8901 epoch: 3728/5000
fps step: 9666 fps step and policy inference: 9278 fps total: 8985 epoch: 3729/5000
fps step: 9502 fps step and policy inference: 9103 fps total: 8803 epoch: 3730/5000
fps step: 9664 fps step and policy inference: 9260 fps total: 8970 epoch: 3731/5000
fps step: 9794 fps step and policy inference: 9402 fps total: 9114 epoch: 3732/5000
fps step: 9817 fps step and policy inference: 9420 fps total: 9139 epoch: 3733/5000
fps step: 9424 fps step and policy inference: 9050 fps total: 8824 epoch: 3734/5000
fps step: 9515 fps step and policy inference: 9137 fps total: 8929 epoch: 3735/5000
fps step: 9587 fps step and policy inference: 9166 fps total: 8945 epoch: 3736/5000
fps step: 9578 fps step and policy inference: 9166 fps total: 8930 epoch: 3737/5000
fps step: 5469 fps step and policy inference: 5331 fps total: 5258 epoch: 3738/5000
fps step: 9670 fps step and policy inference: 9297 fps total: 9048 epoch: 3739/5000
fps step: 9492 fps step and policy inference: 9038 fps total: 8807 epoch: 3740/5000
fps step: 9730 fps step and policy inference: 9350 fps total: 9068 epoch: 3741/5000
fps step: 9644 fps step and policy inference: 9244 fps total: 8949 epoch: 3742/5000
fps step: 9693 fps step and policy inference: 9290 fps total: 8989 epoch: 3743/5000
fps step: 9563 fps step and policy inference: 9171 fps total: 8883 epoch: 3744/5000
fps step: 9677 fps step and policy inference: 9279 fps total: 9023 epoch: 3745/5000
fps step: 9820 fps step and policy inference: 9453 fps total: 9220 epoch: 3746/5000
fps step: 9305 fps step and policy inference: 8962 fps total: 8743 epoch: 3747/5000
fps step: 9196 fps step and policy inference: 8827 fps total: 8576 epoch: 3748/5000
fps step: 9288 fps step and policy inference: 8938 fps total: 8662 epoch: 3749/5000
fps step: 9420 fps step and policy inference: 9046 fps total: 8815 epoch: 3750/5000
fps step: 9239 fps step and policy inference: 8866 fps total: 8583 epoch: 3751/5000
fps step: 9226 fps step and policy inference: 8874 fps total: 8661 epoch: 3752/5000
fps step: 9181 fps step and policy inference: 8825 fps total: 8549 epoch: 3753/5000
fps step: 9195 fps step and policy inference: 8864 fps total: 8580 epoch: 3754/5000
fps step: 9070 fps step and policy inference: 8740 fps total: 8516 epoch: 3755/5000
fps step: 5238 fps step and policy inference: 5126 fps total: 5031 epoch: 3756/5000
fps step: 9120 fps step and policy inference: 8755 fps total: 8506 epoch: 3757/5000
fps step: 9321 fps step and policy inference: 8923 fps total: 8655 epoch: 3758/5000
fps step: 9594 fps step and policy inference: 9203 fps total: 8910 epoch: 3759/5000
fps step: 9541 fps step and policy inference: 9151 fps total: 8896 epoch: 3760/5000
fps step: 9679 fps step and policy inference: 9254 fps total: 9038 epoch: 3761/5000
fps step: 9622 fps step and policy inference: 9241 fps total: 9003 epoch: 3762/5000
fps step: 9629 fps step and policy inference: 9234 fps total: 8949 epoch: 3763/5000
fps step: 9948 fps step and policy inference: 9573 fps total: 9272 epoch: 3764/5000
fps step: 10138 fps step and policy inference: 9743 fps total: 9413 epoch: 3765/5000
fps step: 9662 fps step and policy inference: 9264 fps total: 8956 epoch: 3766/5000
fps step: 9851 fps step and policy inference: 9427 fps total: 9175 epoch: 3767/5000
fps step: 9622 fps step and policy inference: 9231 fps total: 8932 epoch: 3768/5000
fps step: 9457 fps step and policy inference: 9064 fps total: 8787 epoch: 3769/5000
fps step: 9640 fps step and policy inference: 9260 fps total: 8987 epoch: 3770/5000
fps step: 9331 fps step and policy inference: 8930 fps total: 8671 epoch: 3771/5000
fps step: 9315 fps step and policy inference: 8914 fps total: 8625 epoch: 3772/5000
fps step: 5347 fps step and policy inference: 5205 fps total: 5104 epoch: 3773/5000
fps step: 9606 fps step and policy inference: 9214 fps total: 8923 epoch: 3774/5000
fps step: 9468 fps step and policy inference: 9050 fps total: 8849 epoch: 3775/5000
fps step: 9850 fps step and policy inference: 9475 fps total: 9258 epoch: 3776/5000
fps step: 9929 fps step and policy inference: 9537 fps total: 9281 epoch: 3777/5000
fps step: 9907 fps step and policy inference: 9492 fps total: 9255 epoch: 3778/5000
fps step: 9431 fps step and policy inference: 8984 fps total: 8730 epoch: 3779/5000
fps step: 9541 fps step and policy inference: 9128 fps total: 8911 epoch: 3780/5000
fps step: 9766 fps step and policy inference: 9354 fps total: 9118 epoch: 3781/5000
fps step: 9753 fps step and policy inference: 9331 fps total: 9086 epoch: 3782/5000
fps step: 9802 fps step and policy inference: 9374 fps total: 9123 epoch: 3783/5000
fps step: 9775 fps step and policy inference: 9377 fps total: 9156 epoch: 3784/5000
fps step: 9545 fps step and policy inference: 9116 fps total: 8890 epoch: 3785/5000
fps step: 9494 fps step and policy inference: 9091 fps total: 8867 epoch: 3786/5000
fps step: 9442 fps step and policy inference: 9043 fps total: 8812 epoch: 3787/5000
fps step: 9444 fps step and policy inference: 9005 fps total: 8793 epoch: 3788/5000
fps step: 9508 fps step and policy inference: 9040 fps total: 8775 epoch: 3789/5000
fps step: 9392 fps step and policy inference: 8989 fps total: 8763 epoch: 3790/5000
fps step: 5321 fps step and policy inference: 5193 fps total: 5119 epoch: 3791/5000
fps step: 9529 fps step and policy inference: 9143 fps total: 8899 epoch: 3792/5000
fps step: 9632 fps step and policy inference: 9230 fps total: 8964 epoch: 3793/5000
fps step: 9791 fps step and policy inference: 9390 fps total: 9163 epoch: 3794/5000
fps step: 9814 fps step and policy inference: 9398 fps total: 9152 epoch: 3795/5000
fps step: 9875 fps step and policy inference: 9467 fps total: 9216 epoch: 3796/5000
fps step: 9764 fps step and policy inference: 9364 fps total: 9110 epoch: 3797/5000
fps step: 9817 fps step and policy inference: 9418 fps total: 9148 epoch: 3798/5000
fps step: 9890 fps step and policy inference: 9486 fps total: 9203 epoch: 3799/5000
fps step: 9895 fps step and policy inference: 9515 fps total: 9255 epoch: 3800/5000
=> saving checkpoint 'runs/specialist_cuboid_train_2026-07-08_13-01-28/nn/last_specialist_cuboid_train_ep_3800_rew_-29.251648.pth'
fps step: 9974 fps step and policy inference: 9572 fps total: 9300 epoch: 3801/5000
fps step: 9808 fps step and policy inference: 9360 fps total: 9082 epoch: 3802/5000
fps step: 9577 fps step and policy inference: 9167 fps total: 8911 epoch: 3803/5000
fps step: 9614 fps step and policy inference: 9207 fps total: 8960 epoch: 3804/5000
fps step: 9719 fps step and policy inference: 9305 fps total: 9025 epoch: 3805/5000
fps step: 9585 fps step and policy inference: 9191 fps total: 8955 epoch: 3806/5000
fps step: 9514 fps step and policy inference: 9116 fps total: 8872 epoch: 3807/5000
fps step: 9752 fps step and policy inference: 9400 fps total: 9123 epoch: 3808/5000
fps step: 5181 fps step and policy inference: 5060 fps total: 4988 epoch: 3809/5000
fps step: 9777 fps step and policy inference: 9384 fps total: 9145 epoch: 3810/5000
fps step: 9521 fps step and policy inference: 9161 fps total: 8927 epoch: 3811/5000
fps step: 9648 fps step and policy inference: 9276 fps total: 9030 epoch: 3812/5000
fps step: 9676 fps step and policy inference: 9314 fps total: 9076 epoch: 3813/5000
fps step: 9643 fps step and policy inference: 9277 fps total: 9058 epoch: 3814/5000
fps step: 9614 fps step and policy inference: 9245 fps total: 8948 epoch: 3815/5000
fps step: 9723 fps step and policy inference: 9362 fps total: 9120 epoch: 3816/5000
fps step: 9631 fps step and policy inference: 9270 fps total: 9036 epoch: 3817/5000
fps step: 9753 fps step and policy inference: 9377 fps total: 9148 epoch: 3818/5000
fps step: 9722 fps step and policy inference: 9321 fps total: 9075 epoch: 3819/5000
fps step: 9706 fps step and policy inference: 9326 fps total: 9064 epoch: 3820/5000
fps step: 9615 fps step and policy inference: 9230 fps total: 8970 epoch: 3821/5000
fps step: 9928 fps step and policy inference: 9538 fps total: 9254 epoch: 3822/5000
fps step: 9653 fps step and policy inference: 9261 fps total: 9034 epoch: 3823/5000
fps step: 9726 fps step and policy inference: 9338 fps total: 9092 epoch: 3824/5000
fps step: 9621 fps step and policy inference: 9222 fps total: 8962 epoch: 3825/5000
fps step: 9775 fps step and policy inference: 9384 fps total: 9096 epoch: 3826/5000
fps step: 5515 fps step and policy inference: 5381 fps total: 5288 epoch: 3827/5000
fps step: 9426 fps step and policy inference: 9082 fps total: 8801 epoch: 3828/5000
fps step: 9454 fps step and policy inference: 9080 fps total: 8784 epoch: 3829/5000
fps step: 9511 fps step and policy inference: 9139 fps total: 8808 epoch: 3830/5000
fps step: 9503 fps step and policy inference: 9101 fps total: 8788 epoch: 3831/5000
fps step: 9511 fps step and policy inference: 9175 fps total: 8848 epoch: 3832/5000
fps step: 9299 fps step and policy inference: 8890 fps total: 8589 epoch: 3833/5000
fps step: 9282 fps step and policy inference: 8820 fps total: 8514 epoch: 3834/5000
fps step: 9402 fps step and policy inference: 9004 fps total: 8696 epoch: 3835/5000
fps step: 9388 fps step and policy inference: 8988 fps total: 8693 epoch: 3836/5000
fps step: 9515 fps step and policy inference: 9128 fps total: 8829 epoch: 3837/5000
fps step: 9425 fps step and policy inference: 9057 fps total: 8795 epoch: 3838/5000
fps step: 9365 fps step and policy inference: 9007 fps total: 8764 epoch: 3839/5000
fps step: 9360 fps step and policy inference: 8987 fps total: 8696 epoch: 3840/5000
fps step: 9197 fps step and policy inference: 8846 fps total: 8602 epoch: 3841/5000
fps step: 9241 fps step and policy inference: 8853 fps total: 8571 epoch: 3842/5000
fps step: 9609 fps step and policy inference: 9247 fps total: 8957 epoch: 3843/5000
fps step: 5330 fps step and policy inference: 5212 fps total: 5129 epoch: 3844/5000
fps step: 9801 fps step and policy inference: 9398 fps total: 9099 epoch: 3845/5000
fps step: 9833 fps step and policy inference: 9452 fps total: 9151 epoch: 3846/5000
fps step: 9647 fps step and policy inference: 9275 fps total: 8971 epoch: 3847/5000
fps step: 9774 fps step and policy inference: 9373 fps total: 9091 epoch: 3848/5000
fps step: 9538 fps step and policy inference: 9154 fps total: 8883 epoch: 3849/5000
fps step: 9834 fps step and policy inference: 9418 fps total: 9108 epoch: 3850/5000
fps step: 9964 fps step and policy inference: 9557 fps total: 9292 epoch: 3851/5000
fps step: 10065 fps step and policy inference: 9655 fps total: 9327 epoch: 3852/5000
fps step: 9952 fps step and policy inference: 9569 fps total: 9248 epoch: 3853/5000
fps step: 9889 fps step and policy inference: 9498 fps total: 9250 epoch: 3854/5000
fps step: 9718 fps step and policy inference: 9328 fps total: 9039 epoch: 3855/5000
fps step: 9736 fps step and policy inference: 9373 fps total: 9137 epoch: 3856/5000
fps step: 9741 fps step and policy inference: 9350 fps total: 9050 epoch: 3857/5000
fps step: 9782 fps step and policy inference: 9388 fps total: 9111 epoch: 3858/5000
fps step: 9839 fps step and policy inference: 9403 fps total: 9076 epoch: 3859/5000
fps step: 9752 fps step and policy inference: 9330 fps total: 9043 epoch: 3860/5000
fps step: 9568 fps step and policy inference: 9159 fps total: 8902 epoch: 3861/5000
fps step: 5499 fps step and policy inference: 5379 fps total: 5292 epoch: 3862/5000
fps step: 9679 fps step and policy inference: 9294 fps total: 9058 epoch: 3863/5000
fps step: 9867 fps step and policy inference: 9493 fps total: 9219 epoch: 3864/5000
fps step: 9814 fps step and policy inference: 9431 fps total: 9189 epoch: 3865/5000
fps step: 9677 fps step and policy inference: 9288 fps total: 9020 epoch: 3866/5000
fps step: 9685 fps step and policy inference: 9292 fps total: 9072 epoch: 3867/5000
fps step: 9541 fps step and policy inference: 9135 fps total: 8847 epoch: 3868/5000
fps step: 9493 fps step and policy inference: 9065 fps total: 8757 epoch: 3869/5000
fps step: 9386 fps step and policy inference: 8989 fps total: 8713 epoch: 3870/5000
fps step: 9547 fps step and policy inference: 9147 fps total: 8848 epoch: 3871/5000
fps step: 9602 fps step and policy inference: 9205 fps total: 8928 epoch: 3872/5000
fps step: 9843 fps step and policy inference: 9466 fps total: 9218 epoch: 3873/5000
fps step: 9815 fps step and policy inference: 9445 fps total: 9212 epoch: 3874/5000
fps step: 9489 fps step and policy inference: 9104 fps total: 8835 epoch: 3875/5000
fps step: 9779 fps step and policy inference: 9399 fps total: 9119 epoch: 3876/5000
fps step: 9641 fps step and policy inference: 9228 fps total: 8991 epoch: 3877/5000
fps step: 9787 fps step and policy inference: 9409 fps total: 9119 epoch: 3878/5000
fps step: 9774 fps step and policy inference: 9386 fps total: 5328 epoch: 3879/5000
fps step: 9649 fps step and policy inference: 9256 fps total: 9008 epoch: 3880/5000
fps step: 9671 fps step and policy inference: 9257 fps total: 8965 epoch: 3881/5000
fps step: 9669 fps step and policy inference: 9232 fps total: 8936 epoch: 3882/5000
fps step: 9664 fps step and policy inference: 9278 fps total: 9040 epoch: 3883/5000
fps step: 9421 fps step and policy inference: 9012 fps total: 8785 epoch: 3884/5000
fps step: 9652 fps step and policy inference: 9268 fps total: 9036 epoch: 3885/5000
fps step: 9737 fps step and policy inference: 9353 fps total: 9079 epoch: 3886/5000
fps step: 9558 fps step and policy inference: 9156 fps total: 8909 epoch: 3887/5000
fps step: 9440 fps step and policy inference: 9062 fps total: 8835 epoch: 3888/5000
fps step: 9323 fps step and policy inference: 8911 fps total: 8633 epoch: 3889/5000
fps step: 9504 fps step and policy inference: 9079 fps total: 8835 epoch: 3890/5000
fps step: 9522 fps step and policy inference: 9102 fps total: 8815 epoch: 3891/5000
fps step: 9799 fps step and policy inference: 9414 fps total: 9192 epoch: 3892/5000
fps step: 9687 fps step and policy inference: 9309 fps total: 9041 epoch: 3893/5000
fps step: 9557 fps step and policy inference: 9163 fps total: 8871 epoch: 3894/5000
fps step: 9652 fps step and policy inference: 9264 fps total: 8991 epoch: 3895/5000
fps step: 9482 fps step and policy inference: 9101 fps total: 8859 epoch: 3896/5000
fps step: 5241 fps step and policy inference: 5118 fps total: 5027 epoch: 3897/5000
fps step: 9814 fps step and policy inference: 9435 fps total: 9145 epoch: 3898/5000
fps step: 9711 fps step and policy inference: 9311 fps total: 9020 epoch: 3899/5000
fps step: 9784 fps step and policy inference: 9422 fps total: 9137 epoch: 3900/5000
fps step: 9545 fps step and policy inference: 9154 fps total: 8918 epoch: 3901/5000
fps step: 9794 fps step and policy inference: 9415 fps total: 9163 epoch: 3902/5000
fps step: 9747 fps step and policy inference: 9310 fps total: 9019 epoch: 3903/5000
fps step: 9717 fps step and policy inference: 9314 fps total: 9062 epoch: 3904/5000
fps step: 9871 fps step and policy inference: 9470 fps total: 9179 epoch: 3905/5000
fps step: 9826 fps step and policy inference: 9461 fps total: 9216 epoch: 3906/5000
fps step: 9703 fps step and policy inference: 9306 fps total: 9030 epoch: 3907/5000
fps step: 9755 fps step and policy inference: 9377 fps total: 9063 epoch: 3908/5000
fps step: 9498 fps step and policy inference: 9099 fps total: 8813 epoch: 3909/5000
fps step: 9543 fps step and policy inference: 9158 fps total: 8926 epoch: 3910/5000
fps step: 9531 fps step and policy inference: 9152 fps total: 8888 epoch: 3911/5000
fps step: 9689 fps step and policy inference: 9278 fps total: 9024 epoch: 3912/5000
fps step: 9745 fps step and policy inference: 9343 fps total: 9080 epoch: 3913/5000
fps step: 9548 fps step and policy inference: 9153 fps total: 8926 epoch: 3914/5000
fps step: 5491 fps step and policy inference: 5361 fps total: 5273 epoch: 3915/5000
fps step: 9522 fps step and policy inference: 9106 fps total: 8862 epoch: 3916/5000
fps step: 9632 fps step and policy inference: 9218 fps total: 8972 epoch: 3917/5000
fps step: 9609 fps step and policy inference: 9204 fps total: 8986 epoch: 3918/5000
fps step: 9573 fps step and policy inference: 9170 fps total: 8903 epoch: 3919/5000
fps step: 9252 fps step and policy inference: 8854 fps total: 8602 epoch: 3920/5000
fps step: 9625 fps step and policy inference: 9191 fps total: 8932 epoch: 3921/5000
fps step: 9766 fps step and policy inference: 9362 fps total: 9110 epoch: 3922/5000
fps step: 9658 fps step and policy inference: 9239 fps total: 9006 epoch: 3923/5000
fps step: 9837 fps step and policy inference: 9436 fps total: 9154 epoch: 3924/5000
fps step: 9372 fps step and policy inference: 8984 fps total: 8691 epoch: 3925/5000
fps step: 9787 fps step and policy inference: 9417 fps total: 9142 epoch: 3926/5000
fps step: 9732 fps step and policy inference: 9341 fps total: 9022 epoch: 3927/5000
fps step: 9585 fps step and policy inference: 9218 fps total: 8955 epoch: 3928/5000
fps step: 9734 fps step and policy inference: 9329 fps total: 9053 epoch: 3929/5000
fps step: 9619 fps step and policy inference: 9202 fps total: 8951 epoch: 3930/5000
fps step: 9659 fps step and policy inference: 9253 fps total: 8944 epoch: 3931/5000
fps step: 5453 fps step and policy inference: 5328 fps total: 5234 epoch: 3932/5000
fps step: 9594 fps step and policy inference: 9202 fps total: 8933 epoch: 3933/5000
fps step: 9505 fps step and policy inference: 9126 fps total: 8909 epoch: 3934/5000
fps step: 9601 fps step and policy inference: 9198 fps total: 8884 epoch: 3935/5000
fps step: 9538 fps step and policy inference: 9164 fps total: 8869 epoch: 3936/5000
fps step: 9334 fps step and policy inference: 8944 fps total: 8718 epoch: 3937/5000
fps step: 9452 fps step and policy inference: 9067 fps total: 8783 epoch: 3938/5000
fps step: 9322 fps step and policy inference: 8929 fps total: 8663 epoch: 3939/5000
fps step: 9534 fps step and policy inference: 9147 fps total: 8889 epoch: 3940/5000
fps step: 9610 fps step and policy inference: 9224 fps total: 9001 epoch: 3941/5000
fps step: 9886 fps step and policy inference: 9511 fps total: 9219 epoch: 3942/5000
fps step: 9607 fps step and policy inference: 9191 fps total: 8887 epoch: 3943/5000
fps step: 9711 fps step and policy inference: 9315 fps total: 8999 epoch: 3944/5000
fps step: 9439 fps step and policy inference: 9031 fps total: 8796 epoch: 3945/5000
fps step: 9575 fps step and policy inference: 9186 fps total: 8965 epoch: 3946/5000
fps step: 9554 fps step and policy inference: 9168 fps total: 8923 epoch: 3947/5000
fps step: 9404 fps step and policy inference: 9030 fps total: 8786 epoch: 3948/5000
fps step: 9442 fps step and policy inference: 9057 fps total: 8824 epoch: 3949/5000
fps step: 5463 fps step and policy inference: 5335 fps total: 5254 epoch: 3950/5000
fps step: 9642 fps step and policy inference: 9260 fps total: 8981 epoch: 3951/5000
fps step: 9646 fps step and policy inference: 9236 fps total: 8928 epoch: 3952/5000
fps step: 9585 fps step and policy inference: 9172 fps total: 8947 epoch: 3953/5000
fps step: 9333 fps step and policy inference: 8978 fps total: 8754 epoch: 3954/5000
fps step: 9231 fps step and policy inference: 8855 fps total: 8571 epoch: 3955/5000
fps step: 9463 fps step and policy inference: 9044 fps total: 8765 epoch: 3956/5000
fps step: 9514 fps step and policy inference: 9092 fps total: 8815 epoch: 3957/5000
fps step: 9579 fps step and policy inference: 9197 fps total: 8913 epoch: 3958/5000
fps step: 9564 fps step and policy inference: 9161 fps total: 8856 epoch: 3959/5000
fps step: 9686 fps step and policy inference: 9270 fps total: 8989 epoch: 3960/5000
fps step: 9684 fps step and policy inference: 9265 fps total: 9026 epoch: 3961/5000
fps step: 9590 fps step and policy inference: 9191 fps total: 8895 epoch: 3962/5000
fps step: 9681 fps step and policy inference: 9298 fps total: 9060 epoch: 3963/5000
fps step: 9592 fps step and policy inference: 9214 fps total: 8909 epoch: 3964/5000
fps step: 9639 fps step and policy inference: 9246 fps total: 9000 epoch: 3965/5000
fps step: 9530 fps step and policy inference: 9105 fps total: 8902 epoch: 3966/5000
fps step: 9657 fps step and policy inference: 9256 fps total: 8981 epoch: 3967/5000
fps step: 5427 fps step and policy inference: 5305 fps total: 5227 epoch: 3968/5000
fps step: 9648 fps step and policy inference: 9258 fps total: 8991 epoch: 3969/5000
fps step: 9748 fps step and policy inference: 9375 fps total: 9093 epoch: 3970/5000
fps step: 9826 fps step and policy inference: 9453 fps total: 9163 epoch: 3971/5000
fps step: 9656 fps step and policy inference: 9252 fps total: 8951 epoch: 3972/5000
fps step: 9620 fps step and policy inference: 9230 fps total: 8941 epoch: 3973/5000
fps step: 9265 fps step and policy inference: 8846 fps total: 8641 epoch: 3974/5000
fps step: 9685 fps step and policy inference: 9311 fps total: 9050 epoch: 3975/5000
fps step: 9603 fps step and policy inference: 9196 fps total: 8938 epoch: 3976/5000
fps step: 9794 fps step and policy inference: 9403 fps total: 9136 epoch: 3977/5000
fps step: 9869 fps step and policy inference: 9474 fps total: 9199 epoch: 3978/5000
fps step: 9485 fps step and policy inference: 9082 fps total: 8764 epoch: 3979/5000
fps step: 9717 fps step and policy inference: 9326 fps total: 9079 epoch: 3980/5000
fps step: 9362 fps step and policy inference: 9001 fps total: 8728 epoch: 3981/5000
fps step: 9528 fps step and policy inference: 9156 fps total: 8897 epoch: 3982/5000
fps step: 9569 fps step and policy inference: 9179 fps total: 8913 epoch: 3983/5000
fps step: 9563 fps step and policy inference: 9170 fps total: 8858 epoch: 3984/5000
fps step: 5356 fps step and policy inference: 5215 fps total: 5113 epoch: 3985/5000
fps step: 9576 fps step and policy inference: 9149 fps total: 8891 epoch: 3986/5000
fps step: 9539 fps step and policy inference: 9131 fps total: 8871 epoch: 3987/5000
fps step: 9490 fps step and policy inference: 9087 fps total: 8837 epoch: 3988/5000
fps step: 9795 fps step and policy inference: 9421 fps total: 9144 epoch: 3989/5000
fps step: 9755 fps step and policy inference: 9380 fps total: 9120 epoch: 3990/5000
fps step: 9597 fps step and policy inference: 9217 fps total: 8997 epoch: 3991/5000
fps step: 9597 fps step and policy inference: 9249 fps total: 8959 epoch: 3992/5000
fps step: 9659 fps step and policy inference: 9295 fps total: 9018 epoch: 3993/5000
fps step: 9535 fps step and policy inference: 9171 fps total: 8895 epoch: 3994/5000
fps step: 9512 fps step and policy inference: 9149 fps total: 8849 epoch: 3995/5000
fps step: 9545 fps step and policy inference: 9184 fps total: 8899 epoch: 3996/5000
fps step: 9586 fps step and policy inference: 9211 fps total: 8951 epoch: 3997/5000
fps step: 9585 fps step and policy inference: 9213 fps total: 8972 epoch: 3998/5000
fps step: 9241 fps step and policy inference: 8872 fps total: 8649 epoch: 3999/5000
fps step: 9103 fps step and policy inference: 8735 fps total: 8463 epoch: 4000/5000
=> saving checkpoint 'runs/specialist_cuboid_train_2026-07-08_13-01-28/nn/last_specialist_cuboid_train_ep_4000_rew_-22.853085.pth'
fps step: 9478 fps step and policy inference: 9120 fps total: 8867 epoch: 4001/5000
fps step: 9696 fps step and policy inference: 9327 fps total: 9052 epoch: 4002/5000
fps step: 5295 fps step and policy inference: 5178 fps total: 5092 epoch: 4003/5000
fps step: 9589 fps step and policy inference: 9201 fps total: 8942 epoch: 4004/5000
fps step: 9614 fps step and policy inference: 9218 fps total: 8961 epoch: 4005/5000
fps step: 9671 fps step and policy inference: 9278 fps total: 9023 epoch: 4006/5000
fps step: 9735 fps step and policy inference: 9357 fps total: 9096 epoch: 4007/5000
fps step: 9750 fps step and policy inference: 9371 fps total: 9086 epoch: 4008/5000
fps step: 9630 fps step and policy inference: 9219 fps total: 8993 epoch: 4009/5000
fps step: 9814 fps step and policy inference: 9418 fps total: 9101 epoch: 4010/5000
fps step: 9570 fps step and policy inference: 9149 fps total: 8846 epoch: 4011/5000
fps step: 9392 fps step and policy inference: 8982 fps total: 8703 epoch: 4012/5000
fps step: 9548 fps step and policy inference: 9147 fps total: 8876 epoch: 4013/5000
fps step: 9516 fps step and policy inference: 9137 fps total: 8873 epoch: 4014/5000
fps step: 9661 fps step and policy inference: 9267 fps total: 8969 epoch: 4015/5000
fps step: 9216 fps step and policy inference: 8844 fps total: 8618 epoch: 4016/5000
fps step: 9378 fps step and policy inference: 9001 fps total: 8778 epoch: 4017/5000
fps step: 9600 fps step and policy inference: 9250 fps total: 8953 epoch: 4018/5000
fps step: 9437 fps step and policy inference: 9047 fps total: 8767 epoch: 4019/5000
fps step: 9441 fps step and policy inference: 9078 fps total: 8786 epoch: 4020/5000
fps step: 5604 fps step and policy inference: 5468 fps total: 5364 epoch: 4021/5000
fps step: 9327 fps step and policy inference: 8970 fps total: 8697 epoch: 4022/5000
fps step: 9673 fps step and policy inference: 9315 fps total: 9038 epoch: 4023/5000
fps step: 9559 fps step and policy inference: 9197 fps total: 8924 epoch: 4024/5000
fps step: 9510 fps step and policy inference: 9116 fps total: 8882 epoch: 4025/5000
fps step: 9499 fps step and policy inference: 9118 fps total: 8835 epoch: 4026/5000
fps step: 9559 fps step and policy inference: 9201 fps total: 8900 epoch: 4027/5000
fps step: 9404 fps step and policy inference: 9014 fps total: 8731 epoch: 4028/5000
fps step: 9021 fps step and policy inference: 8643 fps total: 8391 epoch: 4029/5000
fps step: 8814 fps step and policy inference: 8396 fps total: 8205 epoch: 4030/5000
fps step: 9059 fps step and policy inference: 8719 fps total: 8524 epoch: 4031/5000
fps step: 9396 fps step and policy inference: 9033 fps total: 8819 epoch: 4032/5000
fps step: 9396 fps step and policy inference: 9053 fps total: 8802 epoch: 4033/5000
fps step: 9402 fps step and policy inference: 9048 fps total: 8835 epoch: 4034/5000
fps step: 9225 fps step and policy inference: 8877 fps total: 8671 epoch: 4035/5000
fps step: 9252 fps step and policy inference: 8923 fps total: 8686 epoch: 4036/5000
fps step: 9183 fps step and policy inference: 8847 fps total: 8640 epoch: 4037/5000
fps step: 5180 fps step and policy inference: 5078 fps total: 5002 epoch: 4038/5000
fps step: 9432 fps step and policy inference: 9025 fps total: 8812 epoch: 4039/5000
fps step: 9518 fps step and policy inference: 9139 fps total: 8905 epoch: 4040/5000
fps step: 9466 fps step and policy inference: 9084 fps total: 8833 epoch: 4041/5000
fps step: 9547 fps step and policy inference: 9184 fps total: 8978 epoch: 4042/5000
fps step: 10103 fps step and policy inference: 9720 fps total: 9478 epoch: 4043/5000
fps step: 10177 fps step and policy inference: 9801 fps total: 9566 epoch: 4044/5000
fps step: 9714 fps step and policy inference: 9359 fps total: 9085 epoch: 4045/5000
fps step: 9509 fps step and policy inference: 9115 fps total: 8896 epoch: 4046/5000
fps step: 9647 fps step and policy inference: 9235 fps total: 8941 epoch: 4047/5000
fps step: 9489 fps step and policy inference: 9097 fps total: 8857 epoch: 4048/5000
fps step: 9583 fps step and policy inference: 9201 fps total: 8962 epoch: 4049/5000
fps step: 9664 fps step and policy inference: 9259 fps total: 9000 epoch: 4050/5000
fps step: 9679 fps step and policy inference: 9284 fps total: 9015 epoch: 4051/5000
fps step: 9569 fps step and policy inference: 9171 fps total: 8879 epoch: 4052/5000
fps step: 9458 fps step and policy inference: 9065 fps total: 8821 epoch: 4053/5000
fps step: 9586 fps step and policy inference: 9222 fps total: 8965 epoch: 4054/5000
fps step: 9358 fps step and policy inference: 8984 fps total: 8777 epoch: 4055/5000
fps step: 5273 fps step and policy inference: 5159 fps total: 5082 epoch: 4056/5000
fps step: 9548 fps step and policy inference: 9161 fps total: 8948 epoch: 4057/5000
fps step: 9402 fps step and policy inference: 8987 fps total: 8739 epoch: 4058/5000
fps step: 9447 fps step and policy inference: 9109 fps total: 8848 epoch: 4059/5000
fps step: 9832 fps step and policy inference: 9457 fps total: 9215 epoch: 4060/5000
fps step: 10253 fps step and policy inference: 9815 fps total: 9556 epoch: 4061/5000
fps step: 10001 fps step and policy inference: 9618 fps total: 9326 epoch: 4062/5000
fps step: 9655 fps step and policy inference: 9259 fps total: 9005 epoch: 4063/5000
fps step: 9434 fps step and policy inference: 9041 fps total: 8810 epoch: 4064/5000
fps step: 9363 fps step and policy inference: 8988 fps total: 8742 epoch: 4065/5000
fps step: 9433 fps step and policy inference: 9039 fps total: 8788 epoch: 4066/5000
fps step: 9421 fps step and policy inference: 9014 fps total: 8729 epoch: 4067/5000
fps step: 9476 fps step and policy inference: 9098 fps total: 8818 epoch: 4068/5000
fps step: 9523 fps step and policy inference: 9109 fps total: 8797 epoch: 4069/5000
fps step: 9528 fps step and policy inference: 9102 fps total: 8808 epoch: 4070/5000
fps step: 9510 fps step and policy inference: 9083 fps total: 8800 epoch: 4071/5000
fps step: 9424 fps step and policy inference: 8998 fps total: 8744 epoch: 4072/5000
fps step: 5246 fps step and policy inference: 5117 fps total: 5044 epoch: 4073/5000
fps step: 9364 fps step and policy inference: 8972 fps total: 8677 epoch: 4074/5000
fps step: 9261 fps step and policy inference: 8842 fps total: 8564 epoch: 4075/5000
fps step: 9078 fps step and policy inference: 8704 fps total: 8484 epoch: 4076/5000
fps step: 9482 fps step and policy inference: 9092 fps total: 8864 epoch: 4077/5000
fps step: 9554 fps step and policy inference: 9147 fps total: 8902 epoch: 4078/5000
fps step: 9931 fps step and policy inference: 9562 fps total: 9311 epoch: 4079/5000
fps step: 9810 fps step and policy inference: 9424 fps total: 9160 epoch: 4080/5000
fps step: 9597 fps step and policy inference: 9229 fps total: 9012 epoch: 4081/5000
fps step: 9759 fps step and policy inference: 9360 fps total: 9065 epoch: 4082/5000
fps step: 9672 fps step and policy inference: 9282 fps total: 9003 epoch: 4083/5000
fps step: 9719 fps step and policy inference: 9324 fps total: 9040 epoch: 4084/5000
fps step: 9783 fps step and policy inference: 9386 fps total: 9143 epoch: 4085/5000
fps step: 9880 fps step and policy inference: 9485 fps total: 9175 epoch: 4086/5000
fps step: 9605 fps step and policy inference: 9180 fps total: 8874 epoch: 4087/5000
fps step: 9614 fps step and policy inference: 9235 fps total: 8955 epoch: 4088/5000
fps step: 9693 fps step and policy inference: 9323 fps total: 9025 epoch: 4089/5000
fps step: 9611 fps step and policy inference: 9219 fps total: 8955 epoch: 4090/5000
fps step: 5340 fps step and policy inference: 5218 fps total: 5118 epoch: 4091/5000
fps step: 9394 fps step and policy inference: 9013 fps total: 8772 epoch: 4092/5000
fps step: 9817 fps step and policy inference: 9445 fps total: 9171 epoch: 4093/5000
fps step: 9859 fps step and policy inference: 9470 fps total: 9182 epoch: 4094/5000
fps step: 9832 fps step and policy inference: 9442 fps total: 9199 epoch: 4095/5000
fps step: 9924 fps step and policy inference: 9524 fps total: 9292 epoch: 4096/5000
fps step: 9696 fps step and policy inference: 9259 fps total: 9004 epoch: 4097/5000
fps step: 9831 fps step and policy inference: 9419 fps total: 9149 epoch: 4098/5000
fps step: 9628 fps step and policy inference: 9233 fps total: 8985 epoch: 4099/5000
fps step: 9642 fps step and policy inference: 9239 fps total: 8981 epoch: 4100/5000
fps step: 9646 fps step and policy inference: 9263 fps total: 9027 epoch: 4101/5000
fps step: 9565 fps step and policy inference: 9175 fps total: 8926 epoch: 4102/5000
fps step: 9553 fps step and policy inference: 9170 fps total: 8868 epoch: 4103/5000
fps step: 9717 fps step and policy inference: 9342 fps total: 9040 epoch: 4104/5000
fps step: 9682 fps step and policy inference: 9304 fps total: 9041 epoch: 4105/5000
fps step: 9615 fps step and policy inference: 9218 fps total: 8968 epoch: 4106/5000
fps step: 9460 fps step and policy inference: 9094 fps total: 8882 epoch: 4107/5000
fps step: 5403 fps step and policy inference: 5275 fps total: 5185 epoch: 4108/5000
fps step: 9634 fps step and policy inference: 9271 fps total: 8987 epoch: 4109/5000
fps step: 9559 fps step and policy inference: 9172 fps total: 8923 epoch: 4110/5000
fps step: 9486 fps step and policy inference: 9116 fps total: 8903 epoch: 4111/5000
fps step: 9464 fps step and policy inference: 9064 fps total: 8826 epoch: 4112/5000
fps step: 9673 fps step and policy inference: 9293 fps total: 9070 epoch: 4113/5000
fps step: 9660 fps step and policy inference: 9242 fps total: 8980 epoch: 4114/5000
fps step: 9631 fps step and policy inference: 9237 fps total: 9000 epoch: 4115/5000
fps step: 9440 fps step and policy inference: 9067 fps total: 8785 epoch: 4116/5000
fps step: 9377 fps step and policy inference: 9019 fps total: 8803 epoch: 4117/5000
fps step: 9509 fps step and policy inference: 9107 fps total: 8823 epoch: 4118/5000
fps step: 9172 fps step and policy inference: 8815 fps total: 8582 epoch: 4119/5000
fps step: 9150 fps step and policy inference: 8789 fps total: 8539 epoch: 4120/5000
fps step: 9352 fps step and policy inference: 8991 fps total: 8731 epoch: 4121/5000
fps step: 9594 fps step and policy inference: 9230 fps total: 8954 epoch: 4122/5000
fps step: 9615 fps step and policy inference: 9249 fps total: 8975 epoch: 4123/5000
fps step: 9080 fps step and policy inference: 8708 fps total: 8469 epoch: 4124/5000
fps step: 9154 fps step and policy inference: 8779 fps total: 8538 epoch: 4125/5000
fps step: 5310 fps step and policy inference: 5176 fps total: 5096 epoch: 4126/5000
fps step: 9241 fps step and policy inference: 8865 fps total: 8625 epoch: 4127/5000
fps step: 9412 fps step and policy inference: 9018 fps total: 8722 epoch: 4128/5000
fps step: 9558 fps step and policy inference: 9181 fps total: 8939 epoch: 4129/5000
fps step: 9695 fps step and policy inference: 9294 fps total: 9027 epoch: 4130/5000
fps step: 9283 fps step and policy inference: 8896 fps total: 8660 epoch: 4131/5000
fps step: 9758 fps step and policy inference: 9390 fps total: 9060 epoch: 4132/5000
fps step: 9625 fps step and policy inference: 9192 fps total: 8955 epoch: 4133/5000
fps step: 9939 fps step and policy inference: 9527 fps total: 9301 epoch: 4134/5000
fps step: 9628 fps step and policy inference: 9247 fps total: 8987 epoch: 4135/5000
fps step: 10041 fps step and policy inference: 9600 fps total: 9347 epoch: 4136/5000
fps step: 9578 fps step and policy inference: 9150 fps total: 8883 epoch: 4137/5000
fps step: 9589 fps step and policy inference: 9190 fps total: 8950 epoch: 4138/5000
fps step: 9764 fps step and policy inference: 9372 fps total: 9059 epoch: 4139/5000
fps step: 9501 fps step and policy inference: 9062 fps total: 8755 epoch: 4140/5000
fps step: 9470 fps step and policy inference: 9030 fps total: 8803 epoch: 4141/5000
fps step: 9275 fps step and policy inference: 8899 fps total: 8682 epoch: 4142/5000
fps step: 5093 fps step and policy inference: 4978 fps total: 4903 epoch: 4143/5000
fps step: 9169 fps step and policy inference: 8806 fps total: 8591 epoch: 4144/5000
fps step: 9627 fps step and policy inference: 9254 fps total: 8996 epoch: 4145/5000
fps step: 9552 fps step and policy inference: 9148 fps total: 8912 epoch: 4146/5000
fps step: 9708 fps step and policy inference: 9278 fps total: 9028 epoch: 4147/5000
fps step: 9850 fps step and policy inference: 9458 fps total: 9216 epoch: 4148/5000
fps step: 9637 fps step and policy inference: 9222 fps total: 8976 epoch: 4149/5000
fps step: 9908 fps step and policy inference: 9509 fps total: 9220 epoch: 4150/5000
fps step: 9636 fps step and policy inference: 9230 fps total: 8976 epoch: 4151/5000
fps step: 9788 fps step and policy inference: 9406 fps total: 9156 epoch: 4152/5000
fps step: 9540 fps step and policy inference: 9115 fps total: 8897 epoch: 4153/5000
fps step: 9505 fps step and policy inference: 9083 fps total: 8834 epoch: 4154/5000
fps step: 9592 fps step and policy inference: 9180 fps total: 8939 epoch: 4155/5000
fps step: 9543 fps step and policy inference: 9130 fps total: 8870 epoch: 4156/5000
fps step: 9313 fps step and policy inference: 8939 fps total: 8667 epoch: 4157/5000
fps step: 9642 fps step and policy inference: 9231 fps total: 8941 epoch: 4158/5000
fps step: 9473 fps step and policy inference: 9033 fps total: 8779 epoch: 4159/5000
fps step: 9389 fps step and policy inference: 8969 fps total: 8747 epoch: 4160/5000
fps step: 5226 fps step and policy inference: 5095 fps total: 5024 epoch: 4161/5000
fps step: 9507 fps step and policy inference: 9120 fps total: 8860 epoch: 4162/5000
fps step: 9676 fps step and policy inference: 9263 fps total: 8985 epoch: 4163/5000
fps step: 9786 fps step and policy inference: 9371 fps total: 9096 epoch: 4164/5000
fps step: 9934 fps step and policy inference: 9529 fps total: 9228 epoch: 4165/5000
fps step: 10020 fps step and policy inference: 9620 fps total: 9339 epoch: 4166/5000
fps step: 9807 fps step and policy inference: 9406 fps total: 9115 epoch: 4167/5000
fps step: 9997 fps step and policy inference: 9569 fps total: 9227 epoch: 4168/5000
fps step: 9593 fps step and policy inference: 9203 fps total: 8958 epoch: 4169/5000
fps step: 9860 fps step and policy inference: 9465 fps total: 9192 epoch: 4170/5000
fps step: 9696 fps step and policy inference: 9307 fps total: 9003 epoch: 4171/5000
fps step: 9635 fps step and policy inference: 9237 fps total: 9003 epoch: 4172/5000
fps step: 9455 fps step and policy inference: 9045 fps total: 8789 epoch: 4173/5000
fps step: 9394 fps step and policy inference: 8999 fps total: 8768 epoch: 4174/5000
fps step: 9599 fps step and policy inference: 9232 fps total: 8975 epoch: 4175/5000
fps step: 9643 fps step and policy inference: 9222 fps total: 8969 epoch: 4176/5000
fps step: 9576 fps step and policy inference: 9163 fps total: 8859 epoch: 4177/5000
fps step: 9098 fps step and policy inference: 8694 fps total: 8476 epoch: 4178/5000
fps step: 5190 fps step and policy inference: 5075 fps total: 4987 epoch: 4179/5000
fps step: 9674 fps step and policy inference: 9264 fps total: 8984 epoch: 4180/5000
fps step: 9551 fps step and policy inference: 9150 fps total: 8881 epoch: 4181/5000
fps step: 9928 fps step and policy inference: 9518 fps total: 9223 epoch: 4182/5000
fps step: 9890 fps step and policy inference: 9465 fps total: 9221 epoch: 4183/5000
fps step: 9894 fps step and policy inference: 9488 fps total: 9186 epoch: 4184/5000
fps step: 9644 fps step and policy inference: 9217 fps total: 8977 epoch: 4185/5000
fps step: 9617 fps step and policy inference: 9214 fps total: 8972 epoch: 4186/5000
fps step: 9560 fps step and policy inference: 9149 fps total: 8922 epoch: 4187/5000
fps step: 9396 fps step and policy inference: 9011 fps total: 8722 epoch: 4188/5000
fps step: 9119 fps step and policy inference: 8733 fps total: 8485 epoch: 4189/5000
fps step: 9352 fps step and policy inference: 8904 fps total: 8623 epoch: 4190/5000
fps step: 9306 fps step and policy inference: 8880 fps total: 8599 epoch: 4191/5000
fps step: 9457 fps step and policy inference: 9025 fps total: 8766 epoch: 4192/5000
fps step: 9662 fps step and policy inference: 9250 fps total: 8991 epoch: 4193/5000
fps step: 9602 fps step and policy inference: 9156 fps total: 8860 epoch: 4194/5000
fps step: 9356 fps step and policy inference: 8949 fps total: 8653 epoch: 4195/5000
fps step: 5239 fps step and policy inference: 5117 fps total: 5025 epoch: 4196/5000
fps step: 9593 fps step and policy inference: 9195 fps total: 8916 epoch: 4197/5000
fps step: 9631 fps step and policy inference: 9232 fps total: 8951 epoch: 4198/5000
fps step: 9744 fps step and policy inference: 9342 fps total: 9055 epoch: 4199/5000
fps step: 9991 fps step and policy inference: 9621 fps total: 9305 epoch: 4200/5000
=> saving checkpoint 'runs/specialist_cuboid_train_2026-07-08_13-01-28/nn/last_specialist_cuboid_train_ep_4200_rew_-38.46604.pth'
fps step: 9885 fps step and policy inference: 9483 fps total: 9205 epoch: 4201/5000
fps step: 10034 fps step and policy inference: 9657 fps total: 9416 epoch: 4202/5000
fps step: 9589 fps step and policy inference: 9193 fps total: 8957 epoch: 4203/5000
fps step: 9619 fps step and policy inference: 9238 fps total: 8909 epoch: 4204/5000
fps step: 9594 fps step and policy inference: 9204 fps total: 8894 epoch: 4205/5000
fps step: 9589 fps step and policy inference: 9226 fps total: 8904 epoch: 4206/5000
fps step: 9735 fps step and policy inference: 9366 fps total: 9030 epoch: 4207/5000
fps step: 9589 fps step and policy inference: 9215 fps total: 8963 epoch: 4208/5000
fps step: 9526 fps step and policy inference: 9153 fps total: 8865 epoch: 4209/5000
fps step: 9485 fps step and policy inference: 9095 fps total: 8770 epoch: 4210/5000
fps step: 9394 fps step and policy inference: 8994 fps total: 8697 epoch: 4211/5000
fps step: 9400 fps step and policy inference: 9001 fps total: 8690 epoch: 4212/5000
fps step: 9203 fps step and policy inference: 8809 fps total: 8493 epoch: 4213/5000
fps step: 5314 fps step and policy inference: 5199 fps total: 5098 epoch: 4214/5000
fps step: 9544 fps step and policy inference: 9177 fps total: 8915 epoch: 4215/5000
fps step: 9727 fps step and policy inference: 9350 fps total: 9065 epoch: 4216/5000
fps step: 9828 fps step and policy inference: 9439 fps total: 9094 epoch: 4217/5000
fps step: 10133 fps step and policy inference: 9759 fps total: 9410 epoch: 4218/5000
fps step: 10088 fps step and policy inference: 9692 fps total: 9446 epoch: 4219/5000
fps step: 9699 fps step and policy inference: 9315 fps total: 9103 epoch: 4220/5000
fps step: 9607 fps step and policy inference: 9177 fps total: 8947 epoch: 4221/5000
fps step: 9684 fps step and policy inference: 9264 fps total: 9016 epoch: 4222/5000
fps step: 9975 fps step and policy inference: 9549 fps total: 9317 epoch: 4223/5000
fps step: 9997 fps step and policy inference: 9621 fps total: 9353 epoch: 4224/5000
fps step: 9899 fps step and policy inference: 9505 fps total: 9264 epoch: 4225/5000
fps step: 9996 fps step and policy inference: 9605 fps total: 9368 epoch: 4226/5000
fps step: 9921 fps step and policy inference: 9517 fps total: 9296 epoch: 4227/5000
fps step: 9962 fps step and policy inference: 9575 fps total: 9345 epoch: 4228/5000
fps step: 9958 fps step and policy inference: 9572 fps total: 9298 epoch: 4229/5000
fps step: 9569 fps step and policy inference: 9209 fps total: 8983 epoch: 4230/5000
fps step: 9315 fps step and policy inference: 8946 fps total: 8722 epoch: 4231/5000
fps step: 5322 fps step and policy inference: 5205 fps total: 5128 epoch: 4232/5000
fps step: 9731 fps step and policy inference: 9336 fps total: 9079 epoch: 4233/5000
fps step: 9784 fps step and policy inference: 9388 fps total: 9156 epoch: 4234/5000
fps step: 9906 fps step and policy inference: 9471 fps total: 9209 epoch: 4235/5000
fps step: 9775 fps step and policy inference: 9372 fps total: 9105 epoch: 4236/5000
fps step: 9874 fps step and policy inference: 9479 fps total: 9202 epoch: 4237/5000
fps step: 9850 fps step and policy inference: 9482 fps total: 9213 epoch: 4238/5000
fps step: 9643 fps step and policy inference: 9268 fps total: 8981 epoch: 4239/5000
fps step: 9587 fps step and policy inference: 9212 fps total: 8946 epoch: 4240/5000
fps step: 9707 fps step and policy inference: 9332 fps total: 9049 epoch: 4241/5000
fps step: 9660 fps step and policy inference: 9248 fps total: 8974 epoch: 4242/5000
fps step: 9785 fps step and policy inference: 9420 fps total: 9131 epoch: 4243/5000
fps step: 9456 fps step and policy inference: 9081 fps total: 8841 epoch: 4244/5000
fps step: 9628 fps step and policy inference: 9271 fps total: 8982 epoch: 4245/5000
fps step: 9706 fps step and policy inference: 9299 fps total: 9039 epoch: 4246/5000
fps step: 9751 fps step and policy inference: 9347 fps total: 9088 epoch: 4247/5000
fps step: 9476 fps step and policy inference: 9100 fps total: 8830 epoch: 4248/5000
fps step: 9281 fps step and policy inference: 8862 fps total: 8567 epoch: 4249/5000
fps step: 5379 fps step and policy inference: 5240 fps total: 5140 epoch: 4250/5000
fps step: 9608 fps step and policy inference: 9184 fps total: 8909 epoch: 4251/5000
fps step: 9776 fps step and policy inference: 9326 fps total: 9021 epoch: 4252/5000
fps step: 9947 fps step and policy inference: 9530 fps total: 9222 epoch: 4253/5000
fps step: 9953 fps step and policy inference: 9547 fps total: 9250 epoch: 4254/5000
fps step: 9751 fps step and policy inference: 9333 fps total: 9023 epoch: 4255/5000
fps step: 9549 fps step and policy inference: 9108 fps total: 8838 epoch: 4256/5000
fps step: 9448 fps step and policy inference: 8994 fps total: 8720 epoch: 4257/5000
fps step: 9483 fps step and policy inference: 9068 fps total: 8829 epoch: 4258/5000
fps step: 9690 fps step and policy inference: 9296 fps total: 9043 epoch: 4259/5000
fps step: 9628 fps step and policy inference: 9236 fps total: 9012 epoch: 4260/5000
fps step: 9443 fps step and policy inference: 9078 fps total: 8813 epoch: 4261/5000
fps step: 9496 fps step and policy inference: 9129 fps total: 8862 epoch: 4262/5000
fps step: 9390 fps step and policy inference: 8982 fps total: 8766 epoch: 4263/5000
fps step: 9422 fps step and policy inference: 9054 fps total: 8787 epoch: 4264/5000
fps step: 9231 fps step and policy inference: 8884 fps total: 8606 epoch: 4265/5000
fps step: 9129 fps step and policy inference: 8786 fps total: 8551 epoch: 4266/5000
fps step: 5267 fps step and policy inference: 5151 fps total: 5073 epoch: 4267/5000
fps step: 9666 fps step and policy inference: 9320 fps total: 9090 epoch: 4268/5000
fps step: 9735 fps step and policy inference: 9366 fps total: 9084 epoch: 4269/5000
fps step: 9786 fps step and policy inference: 9416 fps total: 9161 epoch: 4270/5000
fps step: 9698 fps step and policy inference: 9328 fps total: 9064 epoch: 4271/5000
fps step: 9873 fps step and policy inference: 9489 fps total: 9210 epoch: 4272/5000
fps step: 9676 fps step and policy inference: 9283 fps total: 8992 epoch: 4273/5000
fps step: 9729 fps step and policy inference: 9318 fps total: 9002 epoch: 4274/5000
fps step: 9770 fps step and policy inference: 9370 fps total: 9048 epoch: 4275/5000
fps step: 9911 fps step and policy inference: 9523 fps total: 9219 epoch: 4276/5000
fps step: 9951 fps step and policy inference: 9562 fps total: 9265 epoch: 4277/5000
fps step: 9854 fps step and policy inference: 9454 fps total: 9153 epoch: 4278/5000
fps step: 9677 fps step and policy inference: 9262 fps total: 8987 epoch: 4279/5000
fps step: 9777 fps step and policy inference: 9368 fps total: 9065 epoch: 4280/5000
fps step: 9690 fps step and policy inference: 9271 fps total: 9019 epoch: 4281/5000
fps step: 9400 fps step and policy inference: 9011 fps total: 8802 epoch: 4282/5000
fps step: 9044 fps step and policy inference: 8702 fps total: 8463 epoch: 4283/5000
fps step: 9264 fps step and policy inference: 8910 fps total: 8635 epoch: 4284/5000
fps step: 5365 fps step and policy inference: 5234 fps total: 5134 epoch: 4285/5000
fps step: 9660 fps step and policy inference: 9280 fps total: 8974 epoch: 4286/5000
fps step: 9725 fps step and policy inference: 9310 fps total: 8988 epoch: 4287/5000
fps step: 9666 fps step and policy inference: 9253 fps total: 8982 epoch: 4288/5000
fps step: 9635 fps step and policy inference: 9222 fps total: 8949 epoch: 4289/5000
fps step: 9843 fps step and policy inference: 9437 fps total: 9128 epoch: 4290/5000
fps step: 9792 fps step and policy inference: 9386 fps total: 9093 epoch: 4291/5000
fps step: 9775 fps step and policy inference: 9364 fps total: 9111 epoch: 4292/5000
fps step: 9715 fps step and policy inference: 9276 fps total: 8999 epoch: 4293/5000
fps step: 9734 fps step and policy inference: 9324 fps total: 9039 epoch: 4294/5000
fps step: 9588 fps step and policy inference: 9165 fps total: 8862 epoch: 4295/5000
fps step: 9467 fps step and policy inference: 9063 fps total: 8803 epoch: 4296/5000
fps step: 9710 fps step and policy inference: 9318 fps total: 9035 epoch: 4297/5000
fps step: 9419 fps step and policy inference: 9000 fps total: 8785 epoch: 4298/5000
fps step: 9374 fps step and policy inference: 8977 fps total: 8727 epoch: 4299/5000
fps step: 9405 fps step and policy inference: 8999 fps total: 8767 epoch: 4300/5000
fps step: 9419 fps step and policy inference: 9028 fps total: 8749 epoch: 4301/5000
fps step: 9786 fps step and policy inference: 9374 fps total: 9089 epoch: 4302/5000
fps step: 4753 fps step and policy inference: 4649 fps total: 4585 epoch: 4303/5000
fps step: 9611 fps step and policy inference: 9189 fps total: 8963 epoch: 4304/5000
fps step: 9738 fps step and policy inference: 9329 fps total: 9038 epoch: 4305/5000
fps step: 9732 fps step and policy inference: 9340 fps total: 9105 epoch: 4306/5000
fps step: 9639 fps step and policy inference: 9236 fps total: 8932 epoch: 4307/5000
fps step: 9649 fps step and policy inference: 9223 fps total: 8928 epoch: 4308/5000
fps step: 9792 fps step and policy inference: 9402 fps total: 9158 epoch: 4309/5000
fps step: 9769 fps step and policy inference: 9380 fps total: 9080 epoch: 4310/5000
fps step: 9577 fps step and policy inference: 9166 fps total: 8871 epoch: 4311/5000
fps step: 9823 fps step and policy inference: 9410 fps total: 9125 epoch: 4312/5000
fps step: 9677 fps step and policy inference: 9265 fps total: 8994 epoch: 4313/5000
fps step: 9469 fps step and policy inference: 9060 fps total: 8789 epoch: 4314/5000
fps step: 9624 fps step and policy inference: 9208 fps total: 8925 epoch: 4315/5000
fps step: 9832 fps step and policy inference: 9432 fps total: 9136 epoch: 4316/5000
fps step: 9870 fps step and policy inference: 9475 fps total: 9166 epoch: 4317/5000
fps step: 9579 fps step and policy inference: 9138 fps total: 8836 epoch: 4318/5000
fps step: 9718 fps step and policy inference: 9282 fps total: 8951 epoch: 4319/5000
fps step: 5355 fps step and policy inference: 5224 fps total: 5120 epoch: 4320/5000
fps step: 9471 fps step and policy inference: 9066 fps total: 8763 epoch: 4321/5000
fps step: 9753 fps step and policy inference: 9351 fps total: 9102 epoch: 4322/5000
fps step: 9424 fps step and policy inference: 8976 fps total: 8724 epoch: 4323/5000
fps step: 9742 fps step and policy inference: 9338 fps total: 9047 epoch: 4324/5000
fps step: 9602 fps step and policy inference: 9198 fps total: 8916 epoch: 4325/5000
fps step: 9871 fps step and policy inference: 9468 fps total: 9219 epoch: 4326/5000
fps step: 9597 fps step and policy inference: 9210 fps total: 8941 epoch: 4327/5000
fps step: 9800 fps step and policy inference: 9401 fps total: 9096 epoch: 4328/5000
fps step: 9824 fps step and policy inference: 9414 fps total: 9100 epoch: 4329/5000
fps step: 9761 fps step and policy inference: 9384 fps total: 9078 epoch: 4330/5000
fps step: 9625 fps step and policy inference: 9216 fps total: 8913 epoch: 4331/5000
fps step: 9696 fps step and policy inference: 9295 fps total: 8999 epoch: 4332/5000
fps step: 9697 fps step and policy inference: 9301 fps total: 9004 epoch: 4333/5000
fps step: 9657 fps step and policy inference: 9252 fps total: 8952 epoch: 4334/5000
fps step: 9417 fps step and policy inference: 8983 fps total: 8703 epoch: 4335/5000
fps step: 9235 fps step and policy inference: 8854 fps total: 8573 epoch: 4336/5000
fps step: 9145 fps step and policy inference: 8773 fps total: 8501 epoch: 4337/5000
fps step: 5245 fps step and policy inference: 5122 fps total: 5031 epoch: 4338/5000
fps step: 9822 fps step and policy inference: 9450 fps total: 9129 epoch: 4339/5000
fps step: 9730 fps step and policy inference: 9335 fps total: 9034 epoch: 4340/5000
fps step: 9689 fps step and policy inference: 9290 fps total: 8976 epoch: 4341/5000
fps step: 9566 fps step and policy inference: 9148 fps total: 8830 epoch: 4342/5000
fps step: 9251 fps step and policy inference: 8865 fps total: 8587 epoch: 4343/5000
fps step: 9077 fps step and policy inference: 8678 fps total: 8401 epoch: 4344/5000
fps step: 9197 fps step and policy inference: 8821 fps total: 8540 epoch: 4345/5000
fps step: 8926 fps step and policy inference: 8551 fps total: 8287 epoch: 4346/5000
fps step: 9101 fps step and policy inference: 8703 fps total: 8439 epoch: 4347/5000
fps step: 9276 fps step and policy inference: 8896 fps total: 8598 epoch: 4348/5000
fps step: 9052 fps step and policy inference: 8683 fps total: 8449 epoch: 4349/5000
fps step: 9179 fps step and policy inference: 8815 fps total: 8548 epoch: 4350/5000
fps step: 9286 fps step and policy inference: 8899 fps total: 8626 epoch: 4351/5000
fps step: 9315 fps step and policy inference: 8930 fps total: 8614 epoch: 4352/5000
fps step: 9340 fps step and policy inference: 8977 fps total: 8679 epoch: 4353/5000
fps step: 9425 fps step and policy inference: 9075 fps total: 8751 epoch: 4354/5000
fps step: 5206 fps step and policy inference: 5088 fps total: 4995 epoch: 4355/5000
fps step: 9780 fps step and policy inference: 9391 fps total: 9062 epoch: 4356/5000
fps step: 9611 fps step and policy inference: 9227 fps total: 8936 epoch: 4357/5000
fps step: 9629 fps step and policy inference: 9253 fps total: 8953 epoch: 4358/5000
fps step: 9530 fps step and policy inference: 9134 fps total: 8860 epoch: 4359/5000
fps step: 9655 fps step and policy inference: 9277 fps total: 8977 epoch: 4360/5000
fps step: 9636 fps step and policy inference: 9263 fps total: 8959 epoch: 4361/5000
fps step: 9524 fps step and policy inference: 9140 fps total: 8845 epoch: 4362/5000
fps step: 9513 fps step and policy inference: 9110 fps total: 8827 epoch: 4363/5000
fps step: 9385 fps step and policy inference: 8979 fps total: 8722 epoch: 4364/5000
fps step: 9473 fps step and policy inference: 9088 fps total: 8805 epoch: 4365/5000
fps step: 9426 fps step and policy inference: 9049 fps total: 8697 epoch: 4366/5000
fps step: 9488 fps step and policy inference: 9125 fps total: 8833 epoch: 4367/5000
fps step: 9552 fps step and policy inference: 9187 fps total: 8914 epoch: 4368/5000
fps step: 9573 fps step and policy inference: 9203 fps total: 8893 epoch: 4369/5000
fps step: 9666 fps step and policy inference: 9283 fps total: 8995 epoch: 4370/5000
fps step: 9763 fps step and policy inference: 9386 fps total: 9101 epoch: 4371/5000
fps step: 9690 fps step and policy inference: 9310 fps total: 8994 epoch: 4372/5000
fps step: 5279 fps step and policy inference: 5168 fps total: 5071 epoch: 4373/5000
fps step: 9695 fps step and policy inference: 9324 fps total: 9011 epoch: 4374/5000
fps step: 9429 fps step and policy inference: 9075 fps total: 8788 epoch: 4375/5000
fps step: 9616 fps step and policy inference: 9234 fps total: 8921 epoch: 4376/5000
fps step: 9713 fps step and policy inference: 9325 fps total: 9047 epoch: 4377/5000
fps step: 9512 fps step and policy inference: 9100 fps total: 8807 epoch: 4378/5000
fps step: 9527 fps step and policy inference: 9143 fps total: 8857 epoch: 4379/5000
fps step: 9606 fps step and policy inference: 9217 fps total: 8989 epoch: 4380/5000
fps step: 9569 fps step and policy inference: 9183 fps total: 8892 epoch: 4381/5000
fps step: 9672 fps step and policy inference: 9305 fps total: 9007 epoch: 4382/5000
fps step: 9726 fps step and policy inference: 9335 fps total: 9029 epoch: 4383/5000
fps step: 9855 fps step and policy inference: 9480 fps total: 9185 epoch: 4384/5000
fps step: 9586 fps step and policy inference: 9193 fps total: 8899 epoch: 4385/5000
fps step: 9445 fps step and policy inference: 9026 fps total: 8723 epoch: 4386/5000
fps step: 9658 fps step and policy inference: 9267 fps total: 8982 epoch: 4387/5000
fps step: 9520 fps step and policy inference: 9127 fps total: 8881 epoch: 4388/5000
fps step: 9841 fps step and policy inference: 9447 fps total: 9117 epoch: 4389/5000
fps step: 9537 fps step and policy inference: 9149 fps total: 5033 epoch: 4390/5000
fps step: 9706 fps step and policy inference: 9315 fps total: 9000 epoch: 4391/5000
fps step: 9389 fps step and policy inference: 8957 fps total: 8648 epoch: 4392/5000
fps step: 9321 fps step and policy inference: 8935 fps total: 8652 epoch: 4393/5000
fps step: 9420 fps step and policy inference: 9060 fps total: 8763 epoch: 4394/5000
fps step: 9570 fps step and policy inference: 9196 fps total: 8885 epoch: 4395/5000
fps step: 9529 fps step and policy inference: 9157 fps total: 8844 epoch: 4396/5000
fps step: 9452 fps step and policy inference: 9105 fps total: 8903 epoch: 4397/5000
fps step: 9573 fps step and policy inference: 9217 fps total: 8967 epoch: 4398/5000
fps step: 9358 fps step and policy inference: 8956 fps total: 8739 epoch: 4399/5000
fps step: 9511 fps step and policy inference: 9155 fps total: 8936 epoch: 4400/5000
=> saving checkpoint 'runs/specialist_cuboid_train_2026-07-08_13-01-28/nn/last_specialist_cuboid_train_ep_4400_rew_-37.345615.pth'
fps step: 9490 fps step and policy inference: 9134 fps total: 8878 epoch: 4401/5000
fps step: 9533 fps step and policy inference: 9163 fps total: 8934 epoch: 4402/5000
fps step: 9411 fps step and policy inference: 9027 fps total: 8762 epoch: 4403/5000
fps step: 9642 fps step and policy inference: 9285 fps total: 9044 epoch: 4404/5000
fps step: 9612 fps step and policy inference: 9243 fps total: 9007 epoch: 4405/5000
fps step: 9625 fps step and policy inference: 9269 fps total: 9022 epoch: 4406/5000
fps step: 9497 fps step and policy inference: 9105 fps total: 8858 epoch: 4407/5000
fps step: 5350 fps step and policy inference: 5227 fps total: 5134 epoch: 4408/5000
fps step: 9780 fps step and policy inference: 9411 fps total: 9119 epoch: 4409/5000
fps step: 9781 fps step and policy inference: 9415 fps total: 9101 epoch: 4410/5000
fps step: 9319 fps step and policy inference: 8965 fps total: 8682 epoch: 4411/5000
fps step: 9790 fps step and policy inference: 9433 fps total: 9132 epoch: 4412/5000
fps step: 9688 fps step and policy inference: 9331 fps total: 9049 epoch: 4413/5000
fps step: 9763 fps step and policy inference: 9367 fps total: 9066 epoch: 4414/5000
fps step: 9669 fps step and policy inference: 9290 fps total: 8993 epoch: 4415/5000
fps step: 9537 fps step and policy inference: 9156 fps total: 8855 epoch: 4416/5000
fps step: 9544 fps step and policy inference: 9191 fps total: 8895 epoch: 4417/5000
fps step: 9658 fps step and policy inference: 9237 fps total: 8944 epoch: 4418/5000
fps step: 9537 fps step and policy inference: 9128 fps total: 8847 epoch: 4419/5000
fps step: 9630 fps step and policy inference: 9225 fps total: 8915 epoch: 4420/5000
fps step: 9510 fps step and policy inference: 9148 fps total: 8907 epoch: 4421/5000
fps step: 9785 fps step and policy inference: 9405 fps total: 9109 epoch: 4422/5000
fps step: 9671 fps step and policy inference: 9300 fps total: 9079 epoch: 4423/5000
fps step: 9591 fps step and policy inference: 9208 fps total: 8991 epoch: 4424/5000
fps step: 9618 fps step and policy inference: 9227 fps total: 8974 epoch: 4425/5000
fps step: 5239 fps step and policy inference: 5132 fps total: 5059 epoch: 4426/5000
fps step: 9694 fps step and policy inference: 9322 fps total: 9107 epoch: 4427/5000
fps step: 9529 fps step and policy inference: 9146 fps total: 8940 epoch: 4428/5000
fps step: 9621 fps step and policy inference: 9257 fps total: 8972 epoch: 4429/5000
fps step: 9571 fps step and policy inference: 9173 fps total: 8958 epoch: 4430/5000
fps step: 9581 fps step and policy inference: 9186 fps total: 8979 epoch: 4431/5000
fps step: 9639 fps step and policy inference: 9256 fps total: 9019 epoch: 4432/5000
fps step: 9779 fps step and policy inference: 9419 fps total: 9176 epoch: 4433/5000
fps step: 9541 fps step and policy inference: 9145 fps total: 8918 epoch: 4434/5000
fps step: 9637 fps step and policy inference: 9259 fps total: 9038 epoch: 4435/5000
fps step: 9650 fps step and policy inference: 9281 fps total: 9064 epoch: 4436/5000
fps step: 9387 fps step and policy inference: 8978 fps total: 8774 epoch: 4437/5000
fps step: 9710 fps step and policy inference: 9300 fps total: 9066 epoch: 4438/5000
fps step: 9629 fps step and policy inference: 9228 fps total: 8947 epoch: 4439/5000
fps step: 9821 fps step and policy inference: 9430 fps total: 9165 epoch: 4440/5000
fps step: 9685 fps step and policy inference: 9264 fps total: 8962 epoch: 4441/5000
fps step: 9664 fps step and policy inference: 9282 fps total: 9075 epoch: 4442/5000
fps step: 5405 fps step and policy inference: 5285 fps total: 5201 epoch: 4443/5000
fps step: 9658 fps step and policy inference: 9265 fps total: 9036 epoch: 4444/5000
fps step: 9651 fps step and policy inference: 9242 fps total: 9006 epoch: 4445/5000
fps step: 9724 fps step and policy inference: 9347 fps total: 9112 epoch: 4446/5000
fps step: 9788 fps step and policy inference: 9382 fps total: 9150 epoch: 4447/5000
fps step: 9631 fps step and policy inference: 9218 fps total: 8968 epoch: 4448/5000
fps step: 9504 fps step and policy inference: 9116 fps total: 8872 epoch: 4449/5000
fps step: 9502 fps step and policy inference: 9099 fps total: 8857 epoch: 4450/5000
fps step: 9522 fps step and policy inference: 9122 fps total: 8888 epoch: 4451/5000
fps step: 9444 fps step and policy inference: 9032 fps total: 8812 epoch: 4452/5000
fps step: 9540 fps step and policy inference: 9155 fps total: 8948 epoch: 4453/5000
fps step: 9598 fps step and policy inference: 9211 fps total: 8926 epoch: 4454/5000
fps step: 9671 fps step and policy inference: 9306 fps total: 9008 epoch: 4455/5000
fps step: 9511 fps step and policy inference: 9136 fps total: 8880 epoch: 4456/5000
fps step: 9660 fps step and policy inference: 9271 fps total: 8985 epoch: 4457/5000
fps step: 9519 fps step and policy inference: 9142 fps total: 8853 epoch: 4458/5000
fps step: 9561 fps step and policy inference: 9173 fps total: 8896 epoch: 4459/5000
fps step: 9715 fps step and policy inference: 9341 fps total: 9046 epoch: 4460/5000
fps step: 5180 fps step and policy inference: 5061 fps total: 4972 epoch: 4461/5000
fps step: 9584 fps step and policy inference: 9215 fps total: 8923 epoch: 4462/5000
fps step: 9530 fps step and policy inference: 9155 fps total: 8879 epoch: 4463/5000
fps step: 9680 fps step and policy inference: 9306 fps total: 9009 epoch: 4464/5000
fps step: 9566 fps step and policy inference: 9195 fps total: 8911 epoch: 4465/5000
fps step: 9821 fps step and policy inference: 9462 fps total: 9166 epoch: 4466/5000
fps step: 9688 fps step and policy inference: 9304 fps total: 9026 epoch: 4467/5000
fps step: 9709 fps step and policy inference: 9313 fps total: 9012 epoch: 4468/5000
fps step: 9801 fps step and policy inference: 9402 fps total: 9090 epoch: 4469/5000
fps step: 9710 fps step and policy inference: 9327 fps total: 9023 epoch: 4470/5000
fps step: 9774 fps step and policy inference: 9384 fps total: 9149 epoch: 4471/5000
fps step: 9661 fps step and policy inference: 9237 fps total: 8961 epoch: 4472/5000
fps step: 9689 fps step and policy inference: 9289 fps total: 9063 epoch: 4473/5000
fps step: 9622 fps step and policy inference: 9260 fps total: 9044 epoch: 4474/5000
fps step: 9587 fps step and policy inference: 9205 fps total: 8932 epoch: 4475/5000
fps step: 9540 fps step and policy inference: 9160 fps total: 8869 epoch: 4476/5000
fps step: 9674 fps step and policy inference: 9294 fps total: 9025 epoch: 4477/5000
fps step: 9554 fps step and policy inference: 9127 fps total: 8864 epoch: 4478/5000
fps step: 5373 fps step and policy inference: 5244 fps total: 5161 epoch: 4479/5000
fps step: 9632 fps step and policy inference: 9248 fps total: 8979 epoch: 4480/5000
fps step: 9603 fps step and policy inference: 9188 fps total: 8961 epoch: 4481/5000
fps step: 9624 fps step and policy inference: 9241 fps total: 9003 epoch: 4482/5000
fps step: 9767 fps step and policy inference: 9373 fps total: 9138 epoch: 4483/5000
fps step: 9686 fps step and policy inference: 9266 fps total: 9015 epoch: 4484/5000
fps step: 9792 fps step and policy inference: 9388 fps total: 9093 epoch: 4485/5000
fps step: 9704 fps step and policy inference: 9279 fps total: 9057 epoch: 4486/5000
fps step: 9822 fps step and policy inference: 9435 fps total: 9200 epoch: 4487/5000
fps step: 9652 fps step and policy inference: 9209 fps total: 8976 epoch: 4488/5000
fps step: 9971 fps step and policy inference: 9544 fps total: 9227 epoch: 4489/5000
fps step: 9765 fps step and policy inference: 9342 fps total: 9061 epoch: 4490/5000
fps step: 9604 fps step and policy inference: 9226 fps total: 8998 epoch: 4491/5000
fps step: 9567 fps step and policy inference: 9187 fps total: 8922 epoch: 4492/5000
fps step: 9493 fps step and policy inference: 9109 fps total: 8835 epoch: 4493/5000
fps step: 9420 fps step and policy inference: 8995 fps total: 8713 epoch: 4494/5000
fps step: 9590 fps step and policy inference: 9196 fps total: 8904 epoch: 4495/5000
fps step: 9437 fps step and policy inference: 9033 fps total: 8743 epoch: 4496/5000
fps step: 5132 fps step and policy inference: 5023 fps total: 4934 epoch: 4497/5000
fps step: 9405 fps step and policy inference: 9018 fps total: 8730 epoch: 4498/5000
fps step: 9407 fps step and policy inference: 9037 fps total: 8823 epoch: 4499/5000
fps step: 9488 fps step and policy inference: 9108 fps total: 8819 epoch: 4500/5000
fps step: 9572 fps step and policy inference: 9181 fps total: 8894 epoch: 4501/5000
fps step: 9573 fps step and policy inference: 9190 fps total: 8899 epoch: 4502/5000
fps step: 9592 fps step and policy inference: 9222 fps total: 8917 epoch: 4503/5000
fps step: 9683 fps step and policy inference: 9272 fps total: 9005 epoch: 4504/5000
fps step: 9645 fps step and policy inference: 9249 fps total: 8955 epoch: 4505/5000
fps step: 9595 fps step and policy inference: 9199 fps total: 8912 epoch: 4506/5000
fps step: 9729 fps step and policy inference: 9332 fps total: 9016 epoch: 4507/5000
fps step: 9687 fps step and policy inference: 9285 fps total: 8973 epoch: 4508/5000
fps step: 9445 fps step and policy inference: 9037 fps total: 8729 epoch: 4509/5000
fps step: 9403 fps step and policy inference: 9017 fps total: 8731 epoch: 4510/5000
fps step: 9405 fps step and policy inference: 9031 fps total: 8744 epoch: 4511/5000
fps step: 9404 fps step and policy inference: 8994 fps total: 8706 epoch: 4512/5000
fps step: 9495 fps step and policy inference: 9105 fps total: 8829 epoch: 4513/5000
fps step: 5105 fps step and policy inference: 4992 fps total: 4903 epoch: 4514/5000
fps step: 9433 fps step and policy inference: 9047 fps total: 8746 epoch: 4515/5000
fps step: 9559 fps step and policy inference: 9196 fps total: 8876 epoch: 4516/5000
fps step: 9288 fps step and policy inference: 8876 fps total: 8600 epoch: 4517/5000
fps step: 9379 fps step and policy inference: 8986 fps total: 8701 epoch: 4518/5000
fps step: 9455 fps step and policy inference: 9064 fps total: 8781 epoch: 4519/5000
fps step: 9444 fps step and policy inference: 9065 fps total: 8773 epoch: 4520/5000
fps step: 9570 fps step and policy inference: 9162 fps total: 8860 epoch: 4521/5000
fps step: 9692 fps step and policy inference: 9273 fps total: 8964 epoch: 4522/5000
fps step: 9496 fps step and policy inference: 9092 fps total: 8815 epoch: 4523/5000
fps step: 9373 fps step and policy inference: 8970 fps total: 8693 epoch: 4524/5000
fps step: 9618 fps step and policy inference: 9247 fps total: 8953 epoch: 4525/5000
fps step: 9679 fps step and policy inference: 9281 fps total: 8963 epoch: 4526/5000
fps step: 9641 fps step and policy inference: 9259 fps total: 8970 epoch: 4527/5000
fps step: 9360 fps step and policy inference: 8990 fps total: 8733 epoch: 4528/5000
fps step: 9114 fps step and policy inference: 8738 fps total: 8438 epoch: 4529/5000
fps step: 9111 fps step and policy inference: 8738 fps total: 8451 epoch: 4530/5000
fps step: 5212 fps step and policy inference: 5076 fps total: 4977 epoch: 4531/5000
fps step: 9431 fps step and policy inference: 9046 fps total: 8751 epoch: 4532/5000
fps step: 9705 fps step and policy inference: 9322 fps total: 9031 epoch: 4533/5000
fps step: 9711 fps step and policy inference: 9325 fps total: 9016 epoch: 4534/5000
fps step: 9579 fps step and policy inference: 9189 fps total: 8895 epoch: 4535/5000
fps step: 9537 fps step and policy inference: 9142 fps total: 8822 epoch: 4536/5000
fps step: 9408 fps step and policy inference: 9055 fps total: 8766 epoch: 4537/5000
fps step: 9501 fps step and policy inference: 9124 fps total: 8823 epoch: 4538/5000
fps step: 9691 fps step and policy inference: 9283 fps total: 8986 epoch: 4539/5000
fps step: 9658 fps step and policy inference: 9283 fps total: 8970 epoch: 4540/5000
fps step: 9525 fps step and policy inference: 9119 fps total: 8811 epoch: 4541/5000
fps step: 9514 fps step and policy inference: 9126 fps total: 8836 epoch: 4542/5000
fps step: 9362 fps step and policy inference: 8965 fps total: 8670 epoch: 4543/5000
fps step: 9309 fps step and policy inference: 8891 fps total: 8605 epoch: 4544/5000
fps step: 9371 fps step and policy inference: 8950 fps total: 8669 epoch: 4545/5000
fps step: 9131 fps step and policy inference: 8722 fps total: 8496 epoch: 4546/5000
fps step: 9285 fps step and policy inference: 8870 fps total: 8637 epoch: 4547/5000
fps step: 9186 fps step and policy inference: 8800 fps total: 8589 epoch: 4548/5000
fps step: 9343 fps step and policy inference: 5107 fps total: 5037 epoch: 4549/5000
fps step: 9398 fps step and policy inference: 9035 fps total: 8762 epoch: 4550/5000
fps step: 9605 fps step and policy inference: 9222 fps total: 8982 epoch: 4551/5000
fps step: 9469 fps step and policy inference: 9079 fps total: 8850 epoch: 4552/5000
fps step: 9455 fps step and policy inference: 9045 fps total: 8771 epoch: 4553/5000
fps step: 9642 fps step and policy inference: 9263 fps total: 9025 epoch: 4554/5000
fps step: 9538 fps step and policy inference: 9161 fps total: 8884 epoch: 4555/5000
fps step: 9579 fps step and policy inference: 9204 fps total: 8976 epoch: 4556/5000
fps step: 9607 fps step and policy inference: 9216 fps total: 8993 epoch: 4557/5000
fps step: 9634 fps step and policy inference: 9238 fps total: 9024 epoch: 4558/5000
fps step: 9905 fps step and policy inference: 9536 fps total: 9193 epoch: 4559/5000
fps step: 9609 fps step and policy inference: 9205 fps total: 8967 epoch: 4560/5000
fps step: 9465 fps step and policy inference: 9051 fps total: 8819 epoch: 4561/5000
fps step: 9572 fps step and policy inference: 9204 fps total: 8947 epoch: 4562/5000
fps step: 9554 fps step and policy inference: 9173 fps total: 8966 epoch: 4563/5000
fps step: 9535 fps step and policy inference: 9139 fps total: 8862 epoch: 4564/5000
fps step: 9418 fps step and policy inference: 9046 fps total: 8793 epoch: 4565/5000
fps step: 5220 fps step and policy inference: 5108 fps total: 5021 epoch: 4566/5000
fps step: 9447 fps step and policy inference: 9067 fps total: 8777 epoch: 4567/5000
fps step: 9480 fps step and policy inference: 9055 fps total: 8808 epoch: 4568/5000
fps step: 9609 fps step and policy inference: 9206 fps total: 8968 epoch: 4569/5000
fps step: 9562 fps step and policy inference: 9189 fps total: 8916 epoch: 4570/5000
fps step: 9468 fps step and policy inference: 9079 fps total: 8817 epoch: 4571/5000
fps step: 9438 fps step and policy inference: 9062 fps total: 8824 epoch: 4572/5000
fps step: 9475 fps step and policy inference: 9066 fps total: 8821 epoch: 4573/5000
fps step: 9506 fps step and policy inference: 9144 fps total: 8939 epoch: 4574/5000
fps step: 9747 fps step and policy inference: 9386 fps total: 9168 epoch: 4575/5000
fps step: 9488 fps step and policy inference: 9095 fps total: 8863 epoch: 4576/5000
fps step: 9388 fps step and policy inference: 9021 fps total: 8803 epoch: 4577/5000
fps step: 9590 fps step and policy inference: 9208 fps total: 8988 epoch: 4578/5000
fps step: 9474 fps step and policy inference: 9076 fps total: 8863 epoch: 4579/5000
fps step: 9223 fps step and policy inference: 8839 fps total: 8547 epoch: 4580/5000
fps step: 9389 fps step and policy inference: 9002 fps total: 8791 epoch: 4581/5000
fps step: 9199 fps step and policy inference: 8776 fps total: 8496 epoch: 4582/5000
fps step: 5138 fps step and policy inference: 5001 fps total: 4909 epoch: 4583/5000
fps step: 8896 fps step and policy inference: 8523 fps total: 8290 epoch: 4584/5000
fps step: 9166 fps step and policy inference: 8761 fps total: 8486 epoch: 4585/5000
fps step: 9522 fps step and policy inference: 9153 fps total: 8867 epoch: 4586/5000
fps step: 9242 fps step and policy inference: 8842 fps total: 8570 epoch: 4587/5000
fps step: 9292 fps step and policy inference: 8926 fps total: 8733 epoch: 4588/5000
fps step: 9290 fps step and policy inference: 8936 fps total: 8652 epoch: 4589/5000
fps step: 9412 fps step and policy inference: 9063 fps total: 8865 epoch: 4590/5000
fps step: 9444 fps step and policy inference: 9101 fps total: 8896 epoch: 4591/5000
fps step: 9593 fps step and policy inference: 9237 fps total: 8970 epoch: 4592/5000
fps step: 9485 fps step and policy inference: 9093 fps total: 8891 epoch: 4593/5000
fps step: 9495 fps step and policy inference: 9108 fps total: 8836 epoch: 4594/5000
fps step: 9523 fps step and policy inference: 9131 fps total: 8857 epoch: 4595/5000
fps step: 9571 fps step and policy inference: 9203 fps total: 8968 epoch: 4596/5000
fps step: 9665 fps step and policy inference: 9296 fps total: 9000 epoch: 4597/5000
fps step: 9639 fps step and policy inference: 9258 fps total: 9022 epoch: 4598/5000
fps step: 9505 fps step and policy inference: 9116 fps total: 8871 epoch: 4599/5000
fps step: 9396 fps step and policy inference: 9011 fps total: 8720 epoch: 4600/5000
=> saving checkpoint 'runs/specialist_cuboid_train_2026-07-08_13-01-28/nn/last_specialist_cuboid_train_ep_4600_rew_-52.21971.pth'
fps step: 5299 fps step and policy inference: 5187 fps total: 5092 epoch: 4601/5000
fps step: 9630 fps step and policy inference: 9252 fps total: 9016 epoch: 4602/5000
fps step: 9417 fps step and policy inference: 9041 fps total: 8769 epoch: 4603/5000
fps step: 9441 fps step and policy inference: 9065 fps total: 8789 epoch: 4604/5000
fps step: 9553 fps step and policy inference: 9173 fps total: 8868 epoch: 4605/5000
fps step: 9093 fps step and policy inference: 8759 fps total: 8495 epoch: 4606/5000
fps step: 9113 fps step and policy inference: 8782 fps total: 8525 epoch: 4607/5000
fps step: 9209 fps step and policy inference: 8889 fps total: 8625 epoch: 4608/5000
fps step: 9454 fps step and policy inference: 9089 fps total: 8854 epoch: 4609/5000
fps step: 9316 fps step and policy inference: 8952 fps total: 8725 epoch: 4610/5000
fps step: 9253 fps step and policy inference: 8911 fps total: 8718 epoch: 4611/5000
fps step: 9307 fps step and policy inference: 8951 fps total: 8732 epoch: 4612/5000
fps step: 9242 fps step and policy inference: 8857 fps total: 8589 epoch: 4613/5000
fps step: 9424 fps step and policy inference: 9016 fps total: 8779 epoch: 4614/5000
fps step: 9243 fps step and policy inference: 8889 fps total: 8674 epoch: 4615/5000
fps step: 9221 fps step and policy inference: 8803 fps total: 8542 epoch: 4616/5000
fps step: 9522 fps step and policy inference: 9124 fps total: 8913 epoch: 4617/5000
fps step: 5145 fps step and policy inference: 5033 fps total: 4961 epoch: 4618/5000
fps step: 9420 fps step and policy inference: 9034 fps total: 8807 epoch: 4619/5000
fps step: 9491 fps step and policy inference: 9122 fps total: 8896 epoch: 4620/5000
fps step: 9447 fps step and policy inference: 9043 fps total: 8768 epoch: 4621/5000
fps step: 9399 fps step and policy inference: 9043 fps total: 8762 epoch: 4622/5000
fps step: 9193 fps step and policy inference: 8768 fps total: 8497 epoch: 4623/5000
fps step: 9337 fps step and policy inference: 8945 fps total: 8673 epoch: 4624/5000
fps step: 9278 fps step and policy inference: 8911 fps total: 8654 epoch: 4625/5000
fps step: 9255 fps step and policy inference: 8828 fps total: 8553 epoch: 4626/5000
fps step: 9137 fps step and policy inference: 8742 fps total: 8486 epoch: 4627/5000
fps step: 9385 fps step and policy inference: 8998 fps total: 8724 epoch: 4628/5000
fps step: 9469 fps step and policy inference: 9104 fps total: 8861 epoch: 4629/5000
fps step: 9562 fps step and policy inference: 9177 fps total: 8955 epoch: 4630/5000
fps step: 9521 fps step and policy inference: 9153 fps total: 8913 epoch: 4631/5000
fps step: 9452 fps step and policy inference: 9058 fps total: 8830 epoch: 4632/5000
fps step: 9362 fps step and policy inference: 8967 fps total: 8738 epoch: 4633/5000
fps step: 9603 fps step and policy inference: 9239 fps total: 8993 epoch: 4634/5000
fps step: 5213 fps step and policy inference: 5099 fps total: 5015 epoch: 4635/5000
fps step: 9513 fps step and policy inference: 9133 fps total: 8838 epoch: 4636/5000
fps step: 9373 fps step and policy inference: 9001 fps total: 8726 epoch: 4637/5000
fps step: 9285 fps step and policy inference: 8935 fps total: 8647 epoch: 4638/5000
fps step: 9322 fps step and policy inference: 8926 fps total: 8668 epoch: 4639/5000
fps step: 9344 fps step and policy inference: 8993 fps total: 8783 epoch: 4640/5000
fps step: 9532 fps step and policy inference: 9146 fps total: 8908 epoch: 4641/5000
fps step: 9300 fps step and policy inference: 8902 fps total: 8669 epoch: 4642/5000
fps step: 9455 fps step and policy inference: 9085 fps total: 8857 epoch: 4643/5000
fps step: 9449 fps step and policy inference: 9063 fps total: 8835 epoch: 4644/5000
fps step: 9458 fps step and policy inference: 9092 fps total: 8858 epoch: 4645/5000
fps step: 9361 fps step and policy inference: 8957 fps total: 8678 epoch: 4646/5000
fps step: 9322 fps step and policy inference: 8965 fps total: 8712 epoch: 4647/5000
fps step: 9426 fps step and policy inference: 9050 fps total: 8839 epoch: 4648/5000
fps step: 9316 fps step and policy inference: 8949 fps total: 8752 epoch: 4649/5000
fps step: 9476 fps step and policy inference: 9108 fps total: 8851 epoch: 4650/5000
fps step: 9300 fps step and policy inference: 8911 fps total: 8671 epoch: 4651/5000
fps step: 9447 fps step and policy inference: 9090 fps total: 5049 epoch: 4652/5000
fps step: 9668 fps step and policy inference: 9321 fps total: 9058 epoch: 4653/5000
fps step: 9421 fps step and policy inference: 9045 fps total: 8791 epoch: 4654/5000
fps step: 9390 fps step and policy inference: 9029 fps total: 8741 epoch: 4655/5000
fps step: 9383 fps step and policy inference: 9018 fps total: 8738 epoch: 4656/5000
fps step: 9547 fps step and policy inference: 9175 fps total: 8940 epoch: 4657/5000
fps step: 9530 fps step and policy inference: 9140 fps total: 8872 epoch: 4658/5000
fps step: 9691 fps step and policy inference: 9316 fps total: 9026 epoch: 4659/5000
fps step: 9540 fps step and policy inference: 9158 fps total: 8882 epoch: 4660/5000
fps step: 9603 fps step and policy inference: 9216 fps total: 9009 epoch: 4661/5000
fps step: 9644 fps step and policy inference: 9256 fps total: 9032 epoch: 4662/5000
fps step: 9574 fps step and policy inference: 9214 fps total: 8948 epoch: 4663/5000
fps step: 9578 fps step and policy inference: 9213 fps total: 8926 epoch: 4664/5000
fps step: 9478 fps step and policy inference: 9095 fps total: 8785 epoch: 4665/5000
fps step: 8985 fps step and policy inference: 8644 fps total: 8375 epoch: 4666/5000
fps step: 9440 fps step and policy inference: 9071 fps total: 8783 epoch: 4667/5000
fps step: 9529 fps step and policy inference: 9138 fps total: 8848 epoch: 4668/5000
fps step: 9177 fps step and policy inference: 8835 fps total: 8573 epoch: 4669/5000
fps step: 5006 fps step and policy inference: 4892 fps total: 4811 epoch: 4670/5000
fps step: 9529 fps step and policy inference: 9170 fps total: 8927 epoch: 4671/5000
fps step: 9492 fps step and policy inference: 9112 fps total: 8850 epoch: 4672/5000
fps step: 9398 fps step and policy inference: 9035 fps total: 8795 epoch: 4673/5000
fps step: 9343 fps step and policy inference: 8976 fps total: 8699 epoch: 4674/5000
fps step: 9493 fps step and policy inference: 9126 fps total: 8829 epoch: 4675/5000
fps step: 9656 fps step and policy inference: 9297 fps total: 8981 epoch: 4676/5000
fps step: 9584 fps step and policy inference: 9224 fps total: 8984 epoch: 4677/5000
fps step: 9498 fps step and policy inference: 9096 fps total: 8860 epoch: 4678/5000
fps step: 9479 fps step and policy inference: 9060 fps total: 8808 epoch: 4679/5000
fps step: 9512 fps step and policy inference: 9135 fps total: 8900 epoch: 4680/5000
fps step: 9721 fps step and policy inference: 9357 fps total: 9140 epoch: 4681/5000
fps step: 9633 fps step and policy inference: 9267 fps total: 9029 epoch: 4682/5000
fps step: 9527 fps step and policy inference: 9121 fps total: 8862 epoch: 4683/5000
fps step: 9536 fps step and policy inference: 9158 fps total: 8863 epoch: 4684/5000
fps step: 9617 fps step and policy inference: 9218 fps total: 8988 epoch: 4685/5000
fps step: 9419 fps step and policy inference: 9019 fps total: 8734 epoch: 4686/5000
fps step: 5261 fps step and policy inference: 5135 fps total: 5063 epoch: 4687/5000
fps step: 9514 fps step and policy inference: 9122 fps total: 8895 epoch: 4688/5000
fps step: 9483 fps step and policy inference: 9086 fps total: 8860 epoch: 4689/5000
fps step: 9392 fps step and policy inference: 9016 fps total: 8797 epoch: 4690/5000
fps step: 9435 fps step and policy inference: 9052 fps total: 8832 epoch: 4691/5000
fps step: 9628 fps step and policy inference: 9256 fps total: 8994 epoch: 4692/5000
fps step: 9558 fps step and policy inference: 9190 fps total: 8945 epoch: 4693/5000
fps step: 9483 fps step and policy inference: 9097 fps total: 8884 epoch: 4694/5000
fps step: 9387 fps step and policy inference: 8972 fps total: 8734 epoch: 4695/5000
fps step: 9559 fps step and policy inference: 9158 fps total: 8858 epoch: 4696/5000
fps step: 9579 fps step and policy inference: 9193 fps total: 8900 epoch: 4697/5000
fps step: 9606 fps step and policy inference: 9207 fps total: 8952 epoch: 4698/5000
fps step: 9623 fps step and policy inference: 9245 fps total: 8980 epoch: 4699/5000
fps step: 9708 fps step and policy inference: 9342 fps total: 9035 epoch: 4700/5000
fps step: 9468 fps step and policy inference: 9075 fps total: 8839 epoch: 4701/5000
fps step: 9640 fps step and policy inference: 9221 fps total: 8930 epoch: 4702/5000
fps step: 9429 fps step and policy inference: 9032 fps total: 8780 epoch: 4703/5000
fps step: 9495 fps step and policy inference: 9075 fps total: 8796 epoch: 4704/5000
fps step: 5165 fps step and policy inference: 5050 fps total: 4971 epoch: 4705/5000
fps step: 9510 fps step and policy inference: 9148 fps total: 8872 epoch: 4706/5000
fps step: 9350 fps step and policy inference: 8938 fps total: 8683 epoch: 4707/5000
fps step: 9326 fps step and policy inference: 8896 fps total: 8670 epoch: 4708/5000
fps step: 9101 fps step and policy inference: 8707 fps total: 8448 epoch: 4709/5000
fps step: 9042 fps step and policy inference: 8677 fps total: 8457 epoch: 4710/5000
fps step: 9121 fps step and policy inference: 8780 fps total: 8507 epoch: 4711/5000
fps step: 9324 fps step and policy inference: 8939 fps total: 8733 epoch: 4712/5000
fps step: 9370 fps step and policy inference: 8983 fps total: 8702 epoch: 4713/5000
fps step: 9335 fps step and policy inference: 8939 fps total: 8661 epoch: 4714/5000
fps step: 9026 fps step and policy inference: 8626 fps total: 8361 epoch: 4715/5000
fps step: 9077 fps step and policy inference: 8705 fps total: 8456 epoch: 4716/5000
fps step: 9143 fps step and policy inference: 8733 fps total: 8525 epoch: 4717/5000
fps step: 9538 fps step and policy inference: 9154 fps total: 8899 epoch: 4718/5000
fps step: 9486 fps step and policy inference: 9095 fps total: 8863 epoch: 4719/5000
fps step: 9588 fps step and policy inference: 9213 fps total: 8938 epoch: 4720/5000
fps step: 9566 fps step and policy inference: 9186 fps total: 8914 epoch: 4721/5000
fps step: 5247 fps step and policy inference: 5124 fps total: 5036 epoch: 4722/5000
fps step: 9231 fps step and policy inference: 8849 fps total: 8605 epoch: 4723/5000
fps step: 8965 fps step and policy inference: 8592 fps total: 8333 epoch: 4724/5000
fps step: 8834 fps step and policy inference: 8406 fps total: 8148 epoch: 4725/5000
fps step: 9227 fps step and policy inference: 8828 fps total: 8545 epoch: 4726/5000
fps step: 9209 fps step and policy inference: 8801 fps total: 8528 epoch: 4727/5000
fps step: 9100 fps step and policy inference: 8662 fps total: 8404 epoch: 4728/5000
fps step: 9431 fps step and policy inference: 9026 fps total: 8819 epoch: 4729/5000
fps step: 9357 fps step and policy inference: 8968 fps total: 8735 epoch: 4730/5000
fps step: 9398 fps step and policy inference: 9050 fps total: 8789 epoch: 4731/5000
fps step: 9374 fps step and policy inference: 8998 fps total: 8746 epoch: 4732/5000
fps step: 9284 fps step and policy inference: 8935 fps total: 8695 epoch: 4733/5000
fps step: 9381 fps step and policy inference: 8983 fps total: 8730 epoch: 4734/5000
fps step: 9359 fps step and policy inference: 8991 fps total: 8766 epoch: 4735/5000
fps step: 9176 fps step and policy inference: 8790 fps total: 8559 epoch: 4736/5000
fps step: 9108 fps step and policy inference: 8727 fps total: 8482 epoch: 4737/5000
fps step: 9170 fps step and policy inference: 8777 fps total: 8542 epoch: 4738/5000
fps step: 9260 fps step and policy inference: 4974 fps total: 4881 epoch: 4739/5000
fps step: 9233 fps step and policy inference: 8849 fps total: 8587 epoch: 4740/5000
fps step: 9197 fps step and policy inference: 8838 fps total: 8577 epoch: 4741/5000
fps step: 9396 fps step and policy inference: 9012 fps total: 8744 epoch: 4742/5000
fps step: 9569 fps step and policy inference: 9166 fps total: 8898 epoch: 4743/5000
fps step: 9416 fps step and policy inference: 9028 fps total: 8808 epoch: 4744/5000
fps step: 9406 fps step and policy inference: 9012 fps total: 8769 epoch: 4745/5000
fps step: 9555 fps step and policy inference: 9192 fps total: 8968 epoch: 4746/5000
fps step: 9485 fps step and policy inference: 9108 fps total: 8889 epoch: 4747/5000
fps step: 9451 fps step and policy inference: 9068 fps total: 8793 epoch: 4748/5000
fps step: 9491 fps step and policy inference: 9106 fps total: 8858 epoch: 4749/5000
fps step: 9470 fps step and policy inference: 9041 fps total: 8810 epoch: 4750/5000
fps step: 9549 fps step and policy inference: 9133 fps total: 8901 epoch: 4751/5000
fps step: 9412 fps step and policy inference: 9021 fps total: 8803 epoch: 4752/5000
fps step: 9246 fps step and policy inference: 8869 fps total: 8640 epoch: 4753/5000
fps step: 9456 fps step and policy inference: 9099 fps total: 8859 epoch: 4754/5000
fps step: 9283 fps step and policy inference: 8908 fps total: 8694 epoch: 4755/5000
fps step: 9485 fps step and policy inference: 9091 fps total: 4890 epoch: 4756/5000
fps step: 9342 fps step and policy inference: 8960 fps total: 8730 epoch: 4757/5000
fps step: 9235 fps step and policy inference: 8859 fps total: 8618 epoch: 4758/5000
fps step: 9358 fps step and policy inference: 8983 fps total: 8782 epoch: 4759/5000
fps step: 9391 fps step and policy inference: 8986 fps total: 8700 epoch: 4760/5000
fps step: 9528 fps step and policy inference: 9159 fps total: 8915 epoch: 4761/5000
fps step: 9609 fps step and policy inference: 9234 fps total: 9009 epoch: 4762/5000
fps step: 9578 fps step and policy inference: 9191 fps total: 8895 epoch: 4763/5000
fps step: 9448 fps step and policy inference: 9088 fps total: 8880 epoch: 4764/5000
fps step: 9169 fps step and policy inference: 8796 fps total: 8565 epoch: 4765/5000
fps step: 9275 fps step and policy inference: 8927 fps total: 8700 epoch: 4766/5000
fps step: 9203 fps step and policy inference: 8832 fps total: 8625 epoch: 4767/5000
fps step: 9181 fps step and policy inference: 8823 fps total: 8532 epoch: 4768/5000
fps step: 9206 fps step and policy inference: 8822 fps total: 8533 epoch: 4769/5000
fps step: 9043 fps step and policy inference: 8684 fps total: 8400 epoch: 4770/5000
fps step: 9087 fps step and policy inference: 8676 fps total: 8403 epoch: 4771/5000
fps step: 9046 fps step and policy inference: 8646 fps total: 8457 epoch: 4772/5000
fps step: 9381 fps step and policy inference: 9023 fps total: 4896 epoch: 4773/5000
fps step: 9189 fps step and policy inference: 8819 fps total: 8627 epoch: 4774/5000
fps step: 9190 fps step and policy inference: 8806 fps total: 8604 epoch: 4775/5000
fps step: 9274 fps step and policy inference: 8912 fps total: 8705 epoch: 4776/5000
fps step: 9226 fps step and policy inference: 8895 fps total: 8662 epoch: 4777/5000
fps step: 9569 fps step and policy inference: 9195 fps total: 8943 epoch: 4778/5000
fps step: 9520 fps step and policy inference: 9133 fps total: 8922 epoch: 4779/5000
fps step: 9555 fps step and policy inference: 9174 fps total: 8902 epoch: 4780/5000
fps step: 9582 fps step and policy inference: 9191 fps total: 8966 epoch: 4781/5000
fps step: 9470 fps step and policy inference: 9074 fps total: 8852 epoch: 4782/5000
fps step: 9948 fps step and policy inference: 9555 fps total: 9309 epoch: 4783/5000
fps step: 10077 fps step and policy inference: 9711 fps total: 9386 epoch: 4784/5000
fps step: 9882 fps step and policy inference: 9510 fps total: 9212 epoch: 4785/5000
fps step: 9565 fps step and policy inference: 9193 fps total: 8916 epoch: 4786/5000
fps step: 9530 fps step and policy inference: 9136 fps total: 8847 epoch: 4787/5000
fps step: 9572 fps step and policy inference: 9204 fps total: 8919 epoch: 4788/5000
fps step: 9644 fps step and policy inference: 9266 fps total: 8995 epoch: 4789/5000
fps step: 9265 fps step and policy inference: 8904 fps total: 8699 epoch: 4790/5000
fps step: 5301 fps step and policy inference: 5192 fps total: 5116 epoch: 4791/5000
fps step: 9419 fps step and policy inference: 9052 fps total: 8823 epoch: 4792/5000
fps step: 9549 fps step and policy inference: 9185 fps total: 8973 epoch: 4793/5000
fps step: 9387 fps step and policy inference: 9006 fps total: 8730 epoch: 4794/5000
fps step: 9600 fps step and policy inference: 9210 fps total: 8912 epoch: 4795/5000
fps step: 9720 fps step and policy inference: 9309 fps total: 8921 epoch: 4796/5000
fps step: 9686 fps step and policy inference: 9287 fps total: 8984 epoch: 4797/5000
fps step: 9764 fps step and policy inference: 9380 fps total: 9074 epoch: 4798/5000
fps step: 9556 fps step and policy inference: 9196 fps total: 8908 epoch: 4799/5000
fps step: 9825 fps step and policy inference: 9441 fps total: 9139 epoch: 4800/5000
=> saving checkpoint 'runs/specialist_cuboid_train_2026-07-08_13-01-28/nn/last_specialist_cuboid_train_ep_4800_rew_-76.81567.pth'
fps step: 9889 fps step and policy inference: 9507 fps total: 9200 epoch: 4801/5000
fps step: 9852 fps step and policy inference: 9439 fps total: 9150 epoch: 4802/5000
fps step: 9781 fps step and policy inference: 9401 fps total: 9099 epoch: 4803/5000
fps step: 9751 fps step and policy inference: 9382 fps total: 9069 epoch: 4804/5000
fps step: 9521 fps step and policy inference: 9112 fps total: 8822 epoch: 4805/5000
fps step: 9560 fps step and policy inference: 9204 fps total: 8905 epoch: 4806/5000
fps step: 9419 fps step and policy inference: 9018 fps total: 8731 epoch: 4807/5000
fps step: 9522 fps step and policy inference: 9112 fps total: 8818 epoch: 4808/5000
fps step: 5078 fps step and policy inference: 4954 fps total: 4861 epoch: 4809/5000
fps step: 9234 fps step and policy inference: 8863 fps total: 8573 epoch: 4810/5000
fps step: 9282 fps step and policy inference: 8915 fps total: 8635 epoch: 4811/5000
fps step: 9505 fps step and policy inference: 9088 fps total: 8839 epoch: 4812/5000
fps step: 9533 fps step and policy inference: 9130 fps total: 8848 epoch: 4813/5000
fps step: 9797 fps step and policy inference: 9374 fps total: 9076 epoch: 4814/5000
fps step: 9620 fps step and policy inference: 9214 fps total: 8929 epoch: 4815/5000
fps step: 9694 fps step and policy inference: 9307 fps total: 9006 epoch: 4816/5000
fps step: 9573 fps step and policy inference: 9216 fps total: 8934 epoch: 4817/5000
fps step: 9529 fps step and policy inference: 9118 fps total: 8821 epoch: 4818/5000
fps step: 9564 fps step and policy inference: 9172 fps total: 8884 epoch: 4819/5000
fps step: 9595 fps step and policy inference: 9209 fps total: 8910 epoch: 4820/5000
fps step: 9467 fps step and policy inference: 9068 fps total: 8781 epoch: 4821/5000
fps step: 9713 fps step and policy inference: 9321 fps total: 9022 epoch: 4822/5000
fps step: 9678 fps step and policy inference: 9266 fps total: 8971 epoch: 4823/5000
fps step: 9569 fps step and policy inference: 9158 fps total: 8870 epoch: 4824/5000
fps step: 9768 fps step and policy inference: 9388 fps total: 9104 epoch: 4825/5000
fps step: 5243 fps step and policy inference: 5129 fps total: 5060 epoch: 4826/5000
fps step: 9305 fps step and policy inference: 8910 fps total: 8671 epoch: 4827/5000
fps step: 9443 fps step and policy inference: 9080 fps total: 8834 epoch: 4828/5000
fps step: 9609 fps step and policy inference: 9224 fps total: 8984 epoch: 4829/5000
fps step: 9567 fps step and policy inference: 9193 fps total: 8963 epoch: 4830/5000
fps step: 9879 fps step and policy inference: 9509 fps total: 9274 epoch: 4831/5000
fps step: 10054 fps step and policy inference: 9668 fps total: 9433 epoch: 4832/5000
fps step: 9824 fps step and policy inference: 9459 fps total: 9176 epoch: 4833/5000
fps step: 9283 fps step and policy inference: 8915 fps total: 8663 epoch: 4834/5000
fps step: 9439 fps step and policy inference: 9084 fps total: 8866 epoch: 4835/5000
fps step: 9391 fps step and policy inference: 9028 fps total: 8819 epoch: 4836/5000
fps step: 9422 fps step and policy inference: 9026 fps total: 8769 epoch: 4837/5000
fps step: 9395 fps step and policy inference: 9014 fps total: 8811 epoch: 4838/5000
fps step: 9163 fps step and policy inference: 8787 fps total: 8585 epoch: 4839/5000
fps step: 9318 fps step and policy inference: 8942 fps total: 8700 epoch: 4840/5000
fps step: 9394 fps step and policy inference: 9039 fps total: 8756 epoch: 4841/5000
fps step: 9477 fps step and policy inference: 9108 fps total: 8864 epoch: 4842/5000
fps step: 9545 fps step and policy inference: 9182 fps total: 8947 epoch: 4843/5000
fps step: 4989 fps step and policy inference: 4884 fps total: 4808 epoch: 4844/5000
fps step: 9279 fps step and policy inference: 8932 fps total: 8714 epoch: 4845/5000
fps step: 9468 fps step and policy inference: 9061 fps total: 8812 epoch: 4846/5000
fps step: 9566 fps step and policy inference: 9206 fps total: 8978 epoch: 4847/5000
fps step: 9564 fps step and policy inference: 9175 fps total: 8916 epoch: 4848/5000
fps step: 9511 fps step and policy inference: 9127 fps total: 8863 epoch: 4849/5000
fps step: 9567 fps step and policy inference: 9167 fps total: 8944 epoch: 4850/5000
fps step: 9752 fps step and policy inference: 9380 fps total: 9063 epoch: 4851/5000
fps step: 9466 fps step and policy inference: 9069 fps total: 8848 epoch: 4852/5000
fps step: 9598 fps step and policy inference: 9194 fps total: 8963 epoch: 4853/5000
fps step: 9388 fps step and policy inference: 8971 fps total: 8745 epoch: 4854/5000
fps step: 9487 fps step and policy inference: 9104 fps total: 8893 epoch: 4855/5000
fps step: 9383 fps step and policy inference: 8999 fps total: 8774 epoch: 4856/5000
fps step: 9169 fps step and policy inference: 8817 fps total: 8590 epoch: 4857/5000
fps step: 9229 fps step and policy inference: 8886 fps total: 8653 epoch: 4858/5000
fps step: 9104 fps step and policy inference: 8699 fps total: 8449 epoch: 4859/5000
fps step: 9253 fps step and policy inference: 8875 fps total: 8663 epoch: 4860/5000
fps step: 8545 fps step and policy inference: 4637 fps total: 4571 epoch: 4861/5000
fps step: 8425 fps step and policy inference: 8084 fps total: 7892 epoch: 4862/5000
fps step: 8766 fps step and policy inference: 8446 fps total: 8261 epoch: 4863/5000
fps step: 8951 fps step and policy inference: 8624 fps total: 8430 epoch: 4864/5000
fps step: 9079 fps step and policy inference: 8735 fps total: 8522 epoch: 4865/5000
fps step: 9143 fps step and policy inference: 8792 fps total: 8578 epoch: 4866/5000
fps step: 9174 fps step and policy inference: 8814 fps total: 8625 epoch: 4867/5000
fps step: 9199 fps step and policy inference: 8806 fps total: 8593 epoch: 4868/5000
fps step: 9821 fps step and policy inference: 9399 fps total: 9157 epoch: 4869/5000
fps step: 9968 fps step and policy inference: 9588 fps total: 9292 epoch: 4870/5000
fps step: 9983 fps step and policy inference: 9575 fps total: 9305 epoch: 4871/5000
fps step: 9813 fps step and policy inference: 9397 fps total: 9152 epoch: 4872/5000
fps step: 9549 fps step and policy inference: 9179 fps total: 8950 epoch: 4873/5000
fps step: 9180 fps step and policy inference: 8803 fps total: 8604 epoch: 4874/5000
fps step: 9136 fps step and policy inference: 8790 fps total: 8540 epoch: 4875/5000
fps step: 9324 fps step and policy inference: 8987 fps total: 8787 epoch: 4876/5000
fps step: 9479 fps step and policy inference: 9123 fps total: 8899 epoch: 4877/5000
fps step: 4757 fps step and policy inference: 4652 fps total: 4567 epoch: 4878/5000
fps step: 8750 fps step and policy inference: 8411 fps total: 8201 epoch: 4879/5000
fps step: 9372 fps step and policy inference: 9008 fps total: 8811 epoch: 4880/5000
fps step: 9305 fps step and policy inference: 8958 fps total: 8731 epoch: 4881/5000
fps step: 9709 fps step and policy inference: 9327 fps total: 9109 epoch: 4882/5000
fps step: 9725 fps step and policy inference: 9340 fps total: 9063 epoch: 4883/5000
fps step: 9699 fps step and policy inference: 9329 fps total: 9106 epoch: 4884/5000
fps step: 9819 fps step and policy inference: 9444 fps total: 9235 epoch: 4885/5000
fps step: 9729 fps step and policy inference: 9372 fps total: 9155 epoch: 4886/5000
fps step: 9510 fps step and policy inference: 9151 fps total: 8900 epoch: 4887/5000
fps step: 9219 fps step and policy inference: 8862 fps total: 8622 epoch: 4888/5000
fps step: 9039 fps step and policy inference: 8668 fps total: 8405 epoch: 4889/5000
fps step: 9176 fps step and policy inference: 8823 fps total: 8608 epoch: 4890/5000
fps step: 9218 fps step and policy inference: 8877 fps total: 8674 epoch: 4891/5000
fps step: 9268 fps step and policy inference: 8886 fps total: 8660 epoch: 4892/5000
fps step: 9139 fps step and policy inference: 8776 fps total: 8514 epoch: 4893/5000
fps step: 8792 fps step and policy inference: 8441 fps total: 8245 epoch: 4894/5000
fps step: 4685 fps step and policy inference: 4588 fps total: 4516 epoch: 4895/5000
fps step: 8439 fps step and policy inference: 8094 fps total: 7888 epoch: 4896/5000
fps step: 9237 fps step and policy inference: 8848 fps total: 8598 epoch: 4897/5000
fps step: 9357 fps step and policy inference: 8977 fps total: 8729 epoch: 4898/5000
fps step: 9629 fps step and policy inference: 9239 fps total: 8968 epoch: 4899/5000
fps step: 9694 fps step and policy inference: 9331 fps total: 9088 epoch: 4900/5000
fps step: 9721 fps step and policy inference: 9359 fps total: 9135 epoch: 4901/5000
fps step: 9589 fps step and policy inference: 9195 fps total: 8993 epoch: 4902/5000
fps step: 9781 fps step and policy inference: 9364 fps total: 9156 epoch: 4903/5000
fps step: 9847 fps step and policy inference: 9444 fps total: 9207 epoch: 4904/5000
fps step: 9754 fps step and policy inference: 9368 fps total: 9121 epoch: 4905/5000
fps step: 9612 fps step and policy inference: 9210 fps total: 8952 epoch: 4906/5000
fps step: 9473 fps step and policy inference: 9085 fps total: 8883 epoch: 4907/5000
fps step: 9536 fps step and policy inference: 9163 fps total: 8957 epoch: 4908/5000
fps step: 9552 fps step and policy inference: 9181 fps total: 8883 epoch: 4909/5000
fps step: 9531 fps step and policy inference: 9146 fps total: 8911 epoch: 4910/5000
fps step: 9516 fps step and policy inference: 9131 fps total: 8893 epoch: 4911/5000
fps step: 9193 fps step and policy inference: 8829 fps total: 8623 epoch: 4912/5000
fps step: 4897 fps step and policy inference: 4791 fps total: 4730 epoch: 4913/5000
fps step: 9415 fps step and policy inference: 9066 fps total: 8859 epoch: 4914/5000
fps step: 9551 fps step and policy inference: 9194 fps total: 8917 epoch: 4915/5000
fps step: 9702 fps step and policy inference: 9318 fps total: 9075 epoch: 4916/5000
fps step: 9856 fps step and policy inference: 9481 fps total: 9242 epoch: 4917/5000
fps step: 9635 fps step and policy inference: 9225 fps total: 8980 epoch: 4918/5000
fps step: 9912 fps step and policy inference: 9541 fps total: 9322 epoch: 4919/5000
fps step: 9430 fps step and policy inference: 9036 fps total: 8788 epoch: 4920/5000
fps step: 9529 fps step and policy inference: 9141 fps total: 8893 epoch: 4921/5000
fps step: 9760 fps step and policy inference: 9365 fps total: 9141 epoch: 4922/5000
fps step: 9629 fps step and policy inference: 9235 fps total: 8986 epoch: 4923/5000
fps step: 9666 fps step and policy inference: 9294 fps total: 9038 epoch: 4924/5000
fps step: 9351 fps step and policy inference: 8983 fps total: 8762 epoch: 4925/5000
fps step: 9475 fps step and policy inference: 9120 fps total: 8912 epoch: 4926/5000
fps step: 9482 fps step and policy inference: 9110 fps total: 8883 epoch: 4927/5000
fps step: 9397 fps step and policy inference: 8998 fps total: 8759 epoch: 4928/5000
fps step: 9362 fps step and policy inference: 9001 fps total: 8728 epoch: 4929/5000
fps step: 8988 fps step and policy inference: 8585 fps total: 4687 epoch: 4930/5000
fps step: 9354 fps step and policy inference: 8944 fps total: 8710 epoch: 4931/5000
fps step: 9443 fps step and policy inference: 9072 fps total: 8792 epoch: 4932/5000
fps step: 9475 fps step and policy inference: 9096 fps total: 8857 epoch: 4933/5000
fps step: 9904 fps step and policy inference: 9508 fps total: 9205 epoch: 4934/5000
fps step: 9772 fps step and policy inference: 9363 fps total: 9102 epoch: 4935/5000
fps step: 9741 fps step and policy inference: 9349 fps total: 9138 epoch: 4936/5000
fps step: 9482 fps step and policy inference: 9104 fps total: 8892 epoch: 4937/5000
fps step: 9533 fps step and policy inference: 9152 fps total: 8889 epoch: 4938/5000
fps step: 9494 fps step and policy inference: 9120 fps total: 8829 epoch: 4939/5000
fps step: 9391 fps step and policy inference: 9015 fps total: 8741 epoch: 4940/5000
fps step: 9358 fps step and policy inference: 8969 fps total: 8729 epoch: 4941/5000
fps step: 9250 fps step and policy inference: 8865 fps total: 8594 epoch: 4942/5000
fps step: 9113 fps step and policy inference: 8713 fps total: 8466 epoch: 4943/5000
fps step: 9131 fps step and policy inference: 8737 fps total: 8470 epoch: 4944/5000
fps step: 9380 fps step and policy inference: 9023 fps total: 8737 epoch: 4945/5000
fps step: 9204 fps step and policy inference: 8837 fps total: 8616 epoch: 4946/5000
fps step: 8865 fps step and policy inference: 8518 fps total: 8268 epoch: 4947/5000
fps step: 5079 fps step and policy inference: 4974 fps total: 4910 epoch: 4948/5000
fps step: 9413 fps step and policy inference: 9055 fps total: 8829 epoch: 4949/5000
fps step: 9336 fps step and policy inference: 8946 fps total: 8737 epoch: 4950/5000
fps step: 9602 fps step and policy inference: 9180 fps total: 8933 epoch: 4951/5000
fps step: 9392 fps step and policy inference: 8988 fps total: 8733 epoch: 4952/5000
fps step: 9583 fps step and policy inference: 9190 fps total: 8898 epoch: 4953/5000
fps step: 9240 fps step and policy inference: 8833 fps total: 8550 epoch: 4954/5000
fps step: 9414 fps step and policy inference: 9030 fps total: 8793 epoch: 4955/5000
fps step: 9227 fps step and policy inference: 8871 fps total: 8594 epoch: 4956/5000
fps step: 9365 fps step and policy inference: 9002 fps total: 8708 epoch: 4957/5000
fps step: 9376 fps step and policy inference: 9027 fps total: 8733 epoch: 4958/5000
fps step: 9329 fps step and policy inference: 8963 fps total: 8667 epoch: 4959/5000
fps step: 9357 fps step and policy inference: 8979 fps total: 8768 epoch: 4960/5000
fps step: 9312 fps step and policy inference: 8942 fps total: 8719 epoch: 4961/5000
fps step: 9493 fps step and policy inference: 9120 fps total: 8892 epoch: 4962/5000
fps step: 9431 fps step and policy inference: 9034 fps total: 8740 epoch: 4963/5000
fps step: 8993 fps step and policy inference: 8578 fps total: 8304 epoch: 4964/5000
fps step: 5007 fps step and policy inference: 4894 fps total: 4809 epoch: 4965/5000
fps step: 9789 fps step and policy inference: 9378 fps total: 9076 epoch: 4966/5000
fps step: 9710 fps step and policy inference: 9331 fps total: 9060 epoch: 4967/5000
fps step: 9941 fps step and policy inference: 9527 fps total: 9232 epoch: 4968/5000
fps step: 10024 fps step and policy inference: 9620 fps total: 9324 epoch: 4969/5000
fps step: 10116 fps step and policy inference: 9697 fps total: 9363 epoch: 4970/5000
fps step: 9512 fps step and policy inference: 9115 fps total: 8829 epoch: 4971/5000
fps step: 9337 fps step and policy inference: 8925 fps total: 8650 epoch: 4972/5000
fps step: 9443 fps step and policy inference: 9037 fps total: 8755 epoch: 4973/5000
fps step: 9503 fps step and policy inference: 9127 fps total: 8847 epoch: 4974/5000
fps step: 9729 fps step and policy inference: 9366 fps total: 9062 epoch: 4975/5000
fps step: 9596 fps step and policy inference: 9233 fps total: 8934 epoch: 4976/5000
fps step: 9330 fps step and policy inference: 8959 fps total: 8681 epoch: 4977/5000
fps step: 9637 fps step and policy inference: 9263 fps total: 8979 epoch: 4978/5000
fps step: 9609 fps step and policy inference: 9226 fps total: 8960 epoch: 4979/5000
fps step: 9411 fps step and policy inference: 9039 fps total: 8809 epoch: 4980/5000
fps step: 8674 fps step and policy inference: 8351 fps total: 8115 epoch: 4981/5000
fps step: 8769 fps step and policy inference: 8427 fps total: 4716 epoch: 4982/5000
fps step: 9016 fps step and policy inference: 8688 fps total: 8485 epoch: 4983/5000
fps step: 9314 fps step and policy inference: 8984 fps total: 8747 epoch: 4984/5000
fps step: 9790 fps step and policy inference: 9424 fps total: 9192 epoch: 4985/5000
fps step: 9806 fps step and policy inference: 9438 fps total: 9184 epoch: 4986/5000
fps step: 9879 fps step and policy inference: 9510 fps total: 9282 epoch: 4987/5000
fps step: 9785 fps step and policy inference: 9381 fps total: 9109 epoch: 4988/5000
fps step: 9957 fps step and policy inference: 9551 fps total: 9305 epoch: 4989/5000
fps step: 9877 fps step and policy inference: 9466 fps total: 9198 epoch: 4990/5000
fps step: 9874 fps step and policy inference: 9451 fps total: 9207 epoch: 4991/5000
fps step: 9915 fps step and policy inference: 9511 fps total: 9277 epoch: 4992/5000
/root/odyssey/dexterousmanipulation/.venv/lib/python3.8/site-packages/hydra/_internal/hydra.py:119: UserWarning: Future Hydra versions will no longer change working directory at job runtime by default.
See https://hydra.cc/docs/1.2/upgrades/1.1_to_1.2/changes_to_job_working_dir/ for more information.
  ret = run_job(
/root/odyssey/dexterousmanipulation/.venv/lib/python3.8/site-packages/gym/spaces/box.py:127: UserWarning: [33mWARN: Box bound precision lowered by casting to float32[0m
  logger.warn(f"Box bound precision lowered by casting to {self.dtype}")
/root/odyssey/dexterousmanipulation/.venv/lib/python3.8/site-packages/rl_games/common/a2c_common.py:195: FutureWarning: `torch.cuda.amp.GradScaler(args...)` is deprecated. Please use `torch.amp.GradScaler('cuda', args...)` instead.
  self.scaler = torch.cuda.amp.GradScaler(enabled=self.mixed_precision)
/root/odyssey/dexterousmanipulation/.venv/lib/python3.8/site-packages/rl_games/algos_torch/a2c_continuous.py:104: FutureWarning: `torch.cuda.amp.autocast(args...)` is deprecated. Please use `torch.amp.autocast('cuda', args...)` instead.
  with torch.cuda.amp.autocast(enabled=self.mixed_precision):
fps step: 9887 fps step and policy inference: 9497 fps total: 9218 epoch: 4993/5000
fps step: 9594 fps step and policy inference: 9205 fps total: 8933 epoch: 4994/5000
fps step: 9320 fps step and policy inference: 8888 fps total: 8602 epoch: 4995/5000
fps step: 9351 fps step and policy inference: 8946 fps total: 8704 epoch: 4996/5000
fps step: 9272 fps step and policy inference: 8892 fps total: 8647 epoch: 4997/5000
fps step: 8889 fps step and policy inference: 8521 fps total: 8331 epoch: 4998/5000
fps step: 8979 fps step and policy inference: 8589 fps total: 8369 epoch: 4999/5000
fps step: 4931 fps step and policy inference: 4818 fps total: 4752 epoch: 5000/5000
=> saving checkpoint 'runs/specialist_cuboid_train_2026-07-08_13-01-28/nn/last_specialist_cuboid_train_ep_5000_rew_-72.551346.pth'
=> saving checkpoint 'runs/specialist_cuboid_train_2026-07-08_13-01-28/nn/last_specialist_cuboid_trainep5000rew[-72.55].pth'
MAX EPOCHS NUM!
Using VHACD cache directory '/root/.isaacgym/vhacd'
Started convex decomposition for mesh '/root/odyssey/dexterousmanipulation/src/LEAP_Hand_Sim/assets/leap_hand/dip.stl'
Started convex decomposition for mesh '/root/odyssey/dexterousmanipulation/src/LEAP_Hand_Sim/assets/leap_hand/fingertip.stl'
Started convex decomposition for mesh '/root/odyssey/dexterousmanipulation/src/LEAP_Hand_Sim/assets/leap_hand/mcp_joint.stl'
Started convex decomposition for mesh '/root/odyssey/dexterousmanipulation/src/LEAP_Hand_Sim/assets/leap_hand/palm_lower.stl'
Started convex decomposition for mesh '/root/odyssey/dexterousmanipulation/src/LEAP_Hand_Sim/assets/leap_hand/pip.stl'
Started convex decomposition for mesh '/root/odyssey/dexterousmanipulation/src/LEAP_Hand_Sim/assets/leap_hand/thumb_dip.stl'
Started convex decomposition for mesh '/root/odyssey/dexterousmanipulation/src/LEAP_Hand_Sim/assets/leap_hand/thumb_fingertip.stl'
Started convex decomposition for mesh '/root/odyssey/dexterousmanipulation/src/LEAP_Hand_Sim/assets/leap_hand/thumb_pip.stl'
Finished convex decomposition for mesh '/root/odyssey/dexterousmanipulation/src/LEAP_Hand_Sim/assets/leap_hand/pip.stl': 1 hulls
Finished convex decomposition for mesh '/root/odyssey/dexterousmanipulation/src/LEAP_Hand_Sim/assets/leap_hand/fingertip.stl': 5 hulls
Finished convex decomposition for mesh '/root/odyssey/dexterousmanipulation/src/LEAP_Hand_Sim/assets/leap_hand/thumb_fingertip.stl': 10 hulls
Finished convex decomposition for mesh '/root/odyssey/dexterousmanipulation/src/LEAP_Hand_Sim/assets/leap_hand/mcp_joint.stl': 12 hulls
Finished convex decomposition for mesh '/root/odyssey/dexterousmanipulation/src/LEAP_Hand_Sim/assets/leap_hand/dip.stl': 9 hulls
Finished convex decomposition for mesh '/root/odyssey/dexterousmanipulation/src/LEAP_Hand_Sim/assets/leap_hand/thumb_dip.stl': 12 hulls
Finished convex decomposition for mesh '/root/odyssey/dexterousmanipulation/src/LEAP_Hand_Sim/assets/leap_hand/thumb_pip.stl': 43 hulls
Finished convex decomposition for mesh '/root/odyssey/dexterousmanipulation/src/LEAP_Hand_Sim/assets/leap_hand/palm_lower.stl': 34 hulls
